ISO-10303-21;
HEADER;
FILE_DESCRIPTION(('FreeCAD Model'),'2;1');
FILE_NAME('Open CASCADE Shape Model','2025-11-25T23:28:37',(
    'kicad StepUp'),('ksu MCAD'),'Open CASCADE STEP processor 7.8',
  'FreeCAD','Unknown');
FILE_SCHEMA(('AUTOMOTIVE_DESIGN { 1 0 10303 214 1 1 1 1 }'));
ENDSEC;
DATA;
#1 = APPLICATION_PROTOCOL_DEFINITION('international standard',
  'automotive_design',2000,#2);
#2 = APPLICATION_CONTEXT(
  'core data for automotive mechanical design processes');
#3 = SHAPE_DEFINITION_REPRESENTATION(#4,#10);
#4 = PRODUCT_DEFINITION_SHAPE('','',#5);
#5 = PRODUCT_DEFINITION('design','',#6,#9);
#6 = PRODUCT_DEFINITION_FORMATION('','',#7);
#7 = PRODUCT('_195S_10X_ASM_cp001','_195S_10X_ASM_cp001','',(#8));
#8 = PRODUCT_CONTEXT('',#2,'mechanical');
#9 = PRODUCT_DEFINITION_CONTEXT('part definition',#2,'design');
#10 = SHAPE_REPRESENTATION('',(#11,#15,#3647,#3989,#4331,#4673,#5015,
    #5357,#5699,#6041,#6383,#6725),#7067);
#11 = AXIS2_PLACEMENT_3D('',#12,#13,#14);
#12 = CARTESIAN_POINT('',(0.,0.,0.));
#13 = DIRECTION('',(0.,0.,1.));
#14 = DIRECTION('',(1.,0.,-0.));
#15 = MANIFOLD_SOLID_BREP('',#16);
#16 = CLOSED_SHELL('',(#17,#57,#152,#183,#214,#585,#616,#638,#655,#667,
    #691,#723,#754,#782,#799,#817,#1031,#1055,#1232,#1254,#1339,#1356,
    #1368,#1399,#1421,#1445,#1462,#1486,#1503,#1520,#1532,#1563,#1587,
    #1611,#1633,#1655,#1667,#1684,#1696,#1713,#1730,#1815,#1832,#1849,
    #1866,#1951,#1968,#1985,#2002,#2087,#2104,#2121,#2138,#2223,#2240,
    #2252,#2283,#2305,#2329,#2346,#2370,#2387,#2404,#2416,#2447,#2471,
    #2495,#2517,#2539,#2551,#2568,#2580,#2611,#2633,#2657,#2674,#2698,
    #2715,#2732,#2744,#2775,#2799,#2823,#2845,#2867,#2879,#2896,#2908,
    #2939,#2961,#2985,#3002,#3026,#3043,#3060,#3072,#3103,#3127,#3151,
    #3173,#3195,#3207,#3224,#3236,#3267,#3289,#3313,#3330,#3354,#3371,
    #3388,#3400,#3431,#3455,#3479,#3501,#3523,#3535,#3552,#3564,#3595,
    #3619,#3636));
#17 = ADVANCED_FACE('',(#18),#52,.F.);
#18 = FACE_BOUND('',#19,.F.);
#19 = EDGE_LOOP('',(#20,#30,#38,#46));
#20 = ORIENTED_EDGE('',*,*,#21,.F.);
#21 = EDGE_CURVE('',#22,#24,#26,.T.);
#22 = VERTEX_POINT('',#23);
#23 = CARTESIAN_POINT('',(-6.375,-2.475,4.95));
#24 = VERTEX_POINT('',#25);
#25 = CARTESIAN_POINT('',(-6.375,2.525,4.95));
#26 = LINE('',#27,#28);
#27 = CARTESIAN_POINT('',(-6.375,-2.475,4.95));
#28 = VECTOR('',#29,1.);
#29 = DIRECTION('',(2.22044604925E-16,1.,0.));
#30 = ORIENTED_EDGE('',*,*,#31,.F.);
#31 = EDGE_CURVE('',#32,#22,#34,.T.);
#32 = VERTEX_POINT('',#33);
#33 = CARTESIAN_POINT('',(-6.375,-2.475,5.E-02));
#34 = LINE('',#35,#36);
#35 = CARTESIAN_POINT('',(-6.375,-2.475,5.E-02));
#36 = VECTOR('',#37,1.);
#37 = DIRECTION('',(0.,0.,1.));
#38 = ORIENTED_EDGE('',*,*,#39,.F.);
#39 = EDGE_CURVE('',#40,#32,#42,.T.);
#40 = VERTEX_POINT('',#41);
#41 = CARTESIAN_POINT('',(-6.375,2.525,5.E-02));
#42 = LINE('',#43,#44);
#43 = CARTESIAN_POINT('',(-6.375,2.525,5.E-02));
#44 = VECTOR('',#45,1.);
#45 = DIRECTION('',(-2.22044604925E-16,-1.,0.));
#46 = ORIENTED_EDGE('',*,*,#47,.F.);
#47 = EDGE_CURVE('',#24,#40,#48,.T.);
#48 = LINE('',#49,#50);
#49 = CARTESIAN_POINT('',(-6.375,2.525,4.95));
#50 = VECTOR('',#51,1.);
#51 = DIRECTION('',(0.,0.,-1.));
#52 = PLANE('',#53);
#53 = AXIS2_PLACEMENT_3D('',#54,#55,#56);
#54 = CARTESIAN_POINT('',(-6.375,2.5E-02,2.5));
#55 = DIRECTION('',(1.,-2.22044604925E-16,0.));
#56 = DIRECTION('',(2.22044604925E-16,1.,0.));
#57 = ADVANCED_FACE('',(#58),#147,.T.);
#58 = FACE_BOUND('',#59,.F.);
#59 = EDGE_LOOP('',(#60,#70,#78,#86,#94,#102,#108,#109,#117,#125,#133,
    #141));
#60 = ORIENTED_EDGE('',*,*,#61,.F.);
#61 = EDGE_CURVE('',#62,#64,#66,.T.);
#62 = VERTEX_POINT('',#63);
#63 = CARTESIAN_POINT('',(5.825,2.025,4.95));
#64 = VERTEX_POINT('',#65);
#65 = CARTESIAN_POINT('',(5.825,-1.975,4.95));
#66 = LINE('',#67,#68);
#67 = CARTESIAN_POINT('',(5.825,2.025,4.95));
#68 = VECTOR('',#69,1.);
#69 = DIRECTION('',(-2.22044604925E-16,-1.,0.));
#70 = ORIENTED_EDGE('',*,*,#71,.T.);
#71 = EDGE_CURVE('',#62,#72,#74,.T.);
#72 = VERTEX_POINT('',#73);
#73 = CARTESIAN_POINT('',(-5.875,2.025,4.95));
#74 = LINE('',#75,#76);
#75 = CARTESIAN_POINT('',(5.825,2.025,4.95));
#76 = VECTOR('',#77,1.);
#77 = DIRECTION('',(-1.,2.22044604925E-16,0.));
#78 = ORIENTED_EDGE('',*,*,#79,.F.);
#79 = EDGE_CURVE('',#80,#72,#82,.T.);
#80 = VERTEX_POINT('',#81);
#81 = CARTESIAN_POINT('',(-5.875,-1.975,4.95));
#82 = LINE('',#83,#84);
#83 = CARTESIAN_POINT('',(-5.875,-1.975,4.95));
#84 = VECTOR('',#85,1.);
#85 = DIRECTION('',(2.22044604925E-16,1.,0.));
#86 = ORIENTED_EDGE('',*,*,#87,.T.);
#87 = EDGE_CURVE('',#80,#88,#90,.T.);
#88 = VERTEX_POINT('',#89);
#89 = CARTESIAN_POINT('',(-1.225,-1.975,4.95));
#90 = LINE('',#91,#92);
#91 = CARTESIAN_POINT('',(-5.875,-1.975,4.95));
#92 = VECTOR('',#93,1.);
#93 = DIRECTION('',(1.,-2.22044604925E-16,0.));
#94 = ORIENTED_EDGE('',*,*,#95,.T.);
#95 = EDGE_CURVE('',#88,#96,#98,.T.);
#96 = VERTEX_POINT('',#97);
#97 = CARTESIAN_POINT('',(-1.225,-2.475,4.95));
#98 = LINE('',#99,#100);
#99 = CARTESIAN_POINT('',(-1.225,-1.975,4.95));
#100 = VECTOR('',#101,1.);
#101 = DIRECTION('',(-2.22044604925E-16,-1.,0.));
#102 = ORIENTED_EDGE('',*,*,#103,.T.);
#103 = EDGE_CURVE('',#96,#22,#104,.T.);
#104 = LINE('',#105,#106);
#105 = CARTESIAN_POINT('',(-1.225,-2.475,4.95));
#106 = VECTOR('',#107,1.);
#107 = DIRECTION('',(-1.,2.22044604925E-16,0.));
#108 = ORIENTED_EDGE('',*,*,#21,.T.);
#109 = ORIENTED_EDGE('',*,*,#110,.F.);
#110 = EDGE_CURVE('',#111,#24,#113,.T.);
#111 = VERTEX_POINT('',#112);
#112 = CARTESIAN_POINT('',(6.325,2.525,4.95));
#113 = LINE('',#114,#115);
#114 = CARTESIAN_POINT('',(6.325,2.525,4.95));
#115 = VECTOR('',#116,1.);
#116 = DIRECTION('',(-1.,2.22044604925E-16,0.));
#117 = ORIENTED_EDGE('',*,*,#118,.F.);
#118 = EDGE_CURVE('',#119,#111,#121,.T.);
#119 = VERTEX_POINT('',#120);
#120 = CARTESIAN_POINT('',(6.325,-2.475,4.95));
#121 = LINE('',#122,#123);
#122 = CARTESIAN_POINT('',(6.325,-2.475,4.95));
#123 = VECTOR('',#124,1.);
#124 = DIRECTION('',(2.22044604925E-16,1.,0.));
#125 = ORIENTED_EDGE('',*,*,#126,.T.);
#126 = EDGE_CURVE('',#119,#127,#129,.T.);
#127 = VERTEX_POINT('',#128);
#128 = CARTESIAN_POINT('',(1.175,-2.475,4.95));
#129 = LINE('',#130,#131);
#130 = CARTESIAN_POINT('',(6.325,-2.475,4.95));
#131 = VECTOR('',#132,1.);
#132 = DIRECTION('',(-1.,2.22044604925E-16,0.));
#133 = ORIENTED_EDGE('',*,*,#134,.F.);
#134 = EDGE_CURVE('',#135,#127,#137,.T.);
#135 = VERTEX_POINT('',#136);
#136 = CARTESIAN_POINT('',(1.175,-1.975,4.95));
#137 = LINE('',#138,#139);
#138 = CARTESIAN_POINT('',(1.175,-1.975,4.95));
#139 = VECTOR('',#140,1.);
#140 = DIRECTION('',(-2.22044604925E-16,-1.,0.));
#141 = ORIENTED_EDGE('',*,*,#142,.T.);
#142 = EDGE_CURVE('',#135,#64,#143,.T.);
#143 = LINE('',#144,#145);
#144 = CARTESIAN_POINT('',(1.175,-1.975,4.95));
#145 = VECTOR('',#146,1.);
#146 = DIRECTION('',(1.,-2.22044604925E-16,0.));
#147 = PLANE('',#148);
#148 = AXIS2_PLACEMENT_3D('',#149,#150,#151);
#149 = CARTESIAN_POINT('',(-6.375,2.525,4.95));
#150 = DIRECTION('',(0.,0.,1.));
#151 = DIRECTION('',(-2.22044604925E-16,-1.,0.));
#152 = ADVANCED_FACE('',(#153),#178,.T.);
#153 = FACE_BOUND('',#154,.F.);
#154 = EDGE_LOOP('',(#155,#165,#171,#172));
#155 = ORIENTED_EDGE('',*,*,#156,.F.);
#156 = EDGE_CURVE('',#157,#159,#161,.T.);
#157 = VERTEX_POINT('',#158);
#158 = CARTESIAN_POINT('',(5.525,1.725,4.65));
#159 = VERTEX_POINT('',#160);
#160 = CARTESIAN_POINT('',(5.525,-1.675,4.65));
#161 = LINE('',#162,#163);
#162 = CARTESIAN_POINT('',(5.525,1.725,4.65));
#163 = VECTOR('',#164,1.);
#164 = DIRECTION('',(-2.22044604925E-16,-1.,0.));
#165 = ORIENTED_EDGE('',*,*,#166,.F.);
#166 = EDGE_CURVE('',#62,#157,#167,.T.);
#167 = LINE('',#168,#169);
#168 = CARTESIAN_POINT('',(5.825,2.025,4.95));
#169 = VECTOR('',#170,1.);
#170 = DIRECTION('',(-0.57735026919,-0.57735026919,-0.57735026919));
#171 = ORIENTED_EDGE('',*,*,#61,.T.);
#172 = ORIENTED_EDGE('',*,*,#173,.T.);
#173 = EDGE_CURVE('',#64,#159,#174,.T.);
#174 = LINE('',#175,#176);
#175 = CARTESIAN_POINT('',(5.825,-1.975,4.95));
#176 = VECTOR('',#177,1.);
#177 = DIRECTION('',(-0.57735026919,0.57735026919,-0.57735026919));
#178 = PLANE('',#179);
#179 = AXIS2_PLACEMENT_3D('',#180,#181,#182);
#180 = CARTESIAN_POINT('',(5.675,2.5E-02,4.8));
#181 = DIRECTION('',(-0.707106781187,1.570092458684E-16,0.707106781187)
  );
#182 = DIRECTION('',(-2.22044604925E-16,-1.,-0.));
#183 = ADVANCED_FACE('',(#184),#209,.F.);
#184 = FACE_BOUND('',#185,.F.);
#185 = EDGE_LOOP('',(#186,#196,#202,#203));
#186 = ORIENTED_EDGE('',*,*,#187,.T.);
#187 = EDGE_CURVE('',#188,#190,#192,.T.);
#188 = VERTEX_POINT('',#189);
#189 = CARTESIAN_POINT('',(5.525,-1.675,1.85));
#190 = VERTEX_POINT('',#191);
#191 = CARTESIAN_POINT('',(5.525,1.725,1.85));
#192 = LINE('',#193,#194);
#193 = CARTESIAN_POINT('',(5.525,-1.675,1.85));
#194 = VECTOR('',#195,1.);
#195 = DIRECTION('',(2.22044604925E-16,1.,0.));
#196 = ORIENTED_EDGE('',*,*,#197,.T.);
#197 = EDGE_CURVE('',#190,#157,#198,.T.);
#198 = LINE('',#199,#200);
#199 = CARTESIAN_POINT('',(5.525,1.725,1.85));
#200 = VECTOR('',#201,1.);
#201 = DIRECTION('',(0.,0.,1.));
#202 = ORIENTED_EDGE('',*,*,#156,.T.);
#203 = ORIENTED_EDGE('',*,*,#204,.F.);
#204 = EDGE_CURVE('',#188,#159,#205,.T.);
#205 = LINE('',#206,#207);
#206 = CARTESIAN_POINT('',(5.525,-1.675,1.85));
#207 = VECTOR('',#208,1.);
#208 = DIRECTION('',(0.,0.,1.));
#209 = PLANE('',#210);
#210 = AXIS2_PLACEMENT_3D('',#211,#212,#213);
#211 = CARTESIAN_POINT('',(5.525,-1.675,4.95));
#212 = DIRECTION('',(1.,-2.22044604925E-16,0.));
#213 = DIRECTION('',(2.22044604925E-16,1.,0.));
#214 = ADVANCED_FACE('',(#215,#240,#274,#308,#342,#376,#410,#444,#478,
    #512,#546),#580,.T.);
#215 = FACE_BOUND('',#216,.F.);
#216 = EDGE_LOOP('',(#217,#227,#233,#234));
#217 = ORIENTED_EDGE('',*,*,#218,.F.);
#218 = EDGE_CURVE('',#219,#221,#223,.T.);
#219 = VERTEX_POINT('',#220);
#220 = CARTESIAN_POINT('',(-5.575,1.725,1.85));
#221 = VERTEX_POINT('',#222);
#222 = CARTESIAN_POINT('',(-5.575,-1.675,1.85));
#223 = LINE('',#224,#225);
#224 = CARTESIAN_POINT('',(-5.575,1.725,1.85));
#225 = VECTOR('',#226,1.);
#226 = DIRECTION('',(-2.22044604925E-16,-1.,0.));
#227 = ORIENTED_EDGE('',*,*,#228,.T.);
#228 = EDGE_CURVE('',#219,#190,#229,.T.);
#229 = LINE('',#230,#231);
#230 = CARTESIAN_POINT('',(-5.575,1.725,1.85));
#231 = VECTOR('',#232,1.);
#232 = DIRECTION('',(1.,-2.22044604925E-16,0.));
#233 = ORIENTED_EDGE('',*,*,#187,.F.);
#234 = ORIENTED_EDGE('',*,*,#235,.T.);
#235 = EDGE_CURVE('',#188,#221,#236,.T.);
#236 = LINE('',#237,#238);
#237 = CARTESIAN_POINT('',(5.525,-1.675,1.85));
#238 = VECTOR('',#239,1.);
#239 = DIRECTION('',(-1.,2.22044604925E-16,0.));
#240 = FACE_BOUND('',#241,.F.);
#241 = EDGE_LOOP('',(#242,#252,#260,#268));
#242 = ORIENTED_EDGE('',*,*,#243,.T.);
#243 = EDGE_CURVE('',#244,#246,#248,.T.);
#244 = VERTEX_POINT('',#245);
#245 = CARTESIAN_POINT('',(2.715,-0.41,1.85));
#246 = VERTEX_POINT('',#247);
#247 = CARTESIAN_POINT('',(2.315,-0.41,1.85));
#248 = LINE('',#249,#250);
#249 = CARTESIAN_POINT('',(2.715,-0.41,1.85));
#250 = VECTOR('',#251,1.);
#251 = DIRECTION('',(-1.,2.22044604925E-16,0.));
#252 = ORIENTED_EDGE('',*,*,#253,.T.);
#253 = EDGE_CURVE('',#246,#254,#256,.T.);
#254 = VERTEX_POINT('',#255);
#255 = CARTESIAN_POINT('',(2.315,-0.81,1.85));
#256 = LINE('',#257,#258);
#257 = CARTESIAN_POINT('',(2.315,-0.41,1.85));
#258 = VECTOR('',#259,1.);
#259 = DIRECTION('',(-2.22044604925E-16,-1.,0.));
#260 = ORIENTED_EDGE('',*,*,#261,.T.);
#261 = EDGE_CURVE('',#254,#262,#264,.T.);
#262 = VERTEX_POINT('',#263);
#263 = CARTESIAN_POINT('',(2.715,-0.81,1.85));
#264 = LINE('',#265,#266);
#265 = CARTESIAN_POINT('',(2.315,-0.81,1.85));
#266 = VECTOR('',#267,1.);
#267 = DIRECTION('',(1.,-2.22044604925E-16,0.));
#268 = ORIENTED_EDGE('',*,*,#269,.T.);
#269 = EDGE_CURVE('',#262,#244,#270,.T.);
#270 = LINE('',#271,#272);
#271 = CARTESIAN_POINT('',(2.715,-0.81,1.85));
#272 = VECTOR('',#273,1.);
#273 = DIRECTION('',(2.22044604925E-16,1.,0.));
#274 = FACE_BOUND('',#275,.F.);
#275 = EDGE_LOOP('',(#276,#286,#294,#302));
#276 = ORIENTED_EDGE('',*,*,#277,.T.);
#277 = EDGE_CURVE('',#278,#280,#282,.T.);
#278 = VERTEX_POINT('',#279);
#279 = CARTESIAN_POINT('',(1.045,0.86,1.85));
#280 = VERTEX_POINT('',#281);
#281 = CARTESIAN_POINT('',(1.045,0.46,1.85));
#282 = LINE('',#283,#284);
#283 = CARTESIAN_POINT('',(1.045,0.86,1.85));
#284 = VECTOR('',#285,1.);
#285 = DIRECTION('',(-2.22044604925E-16,-1.,0.));
#286 = ORIENTED_EDGE('',*,*,#287,.T.);
#287 = EDGE_CURVE('',#280,#288,#290,.T.);
#288 = VERTEX_POINT('',#289);
#289 = CARTESIAN_POINT('',(1.445,0.46,1.85));
#290 = LINE('',#291,#292);
#291 = CARTESIAN_POINT('',(1.045,0.46,1.85));
#292 = VECTOR('',#293,1.);
#293 = DIRECTION('',(1.,-2.22044604925E-16,0.));
#294 = ORIENTED_EDGE('',*,*,#295,.T.);
#295 = EDGE_CURVE('',#288,#296,#298,.T.);
#296 = VERTEX_POINT('',#297);
#297 = CARTESIAN_POINT('',(1.445,0.86,1.85));
#298 = LINE('',#299,#300);
#299 = CARTESIAN_POINT('',(1.445,0.46,1.85));
#300 = VECTOR('',#301,1.);
#301 = DIRECTION('',(2.22044604925E-16,1.,0.));
#302 = ORIENTED_EDGE('',*,*,#303,.T.);
#303 = EDGE_CURVE('',#296,#278,#304,.T.);
#304 = LINE('',#305,#306);
#305 = CARTESIAN_POINT('',(1.445,0.86,1.85));
#306 = VECTOR('',#307,1.);
#307 = DIRECTION('',(-1.,2.22044604925E-16,0.));
#308 = FACE_BOUND('',#309,.F.);
#309 = EDGE_LOOP('',(#310,#320,#328,#336));
#310 = ORIENTED_EDGE('',*,*,#311,.T.);
#311 = EDGE_CURVE('',#312,#314,#316,.T.);
#312 = VERTEX_POINT('',#313);
#313 = CARTESIAN_POINT('',(1.445,-0.41,1.85));
#314 = VERTEX_POINT('',#315);
#315 = CARTESIAN_POINT('',(1.045,-0.41,1.85));
#316 = LINE('',#317,#318);
#317 = CARTESIAN_POINT('',(1.445,-0.41,1.85));
#318 = VECTOR('',#319,1.);
#319 = DIRECTION('',(-1.,2.22044604925E-16,0.));
#320 = ORIENTED_EDGE('',*,*,#321,.T.);
#321 = EDGE_CURVE('',#314,#322,#324,.T.);
#322 = VERTEX_POINT('',#323);
#323 = CARTESIAN_POINT('',(1.045,-0.81,1.85));
#324 = LINE('',#325,#326);
#325 = CARTESIAN_POINT('',(1.045,-0.41,1.85));
#326 = VECTOR('',#327,1.);
#327 = DIRECTION('',(-2.22044604925E-16,-1.,0.));
#328 = ORIENTED_EDGE('',*,*,#329,.T.);
#329 = EDGE_CURVE('',#322,#330,#332,.T.);
#330 = VERTEX_POINT('',#331);
#331 = CARTESIAN_POINT('',(1.445,-0.81,1.85));
#332 = LINE('',#333,#334);
#333 = CARTESIAN_POINT('',(1.045,-0.81,1.85));
#334 = VECTOR('',#335,1.);
#335 = DIRECTION('',(1.,-2.22044604925E-16,0.));
#336 = ORIENTED_EDGE('',*,*,#337,.T.);
#337 = EDGE_CURVE('',#330,#312,#338,.T.);
#338 = LINE('',#339,#340);
#339 = CARTESIAN_POINT('',(1.445,-0.81,1.85));
#340 = VECTOR('',#341,1.);
#341 = DIRECTION('',(2.22044604925E-16,1.,0.));
#342 = FACE_BOUND('',#343,.F.);
#343 = EDGE_LOOP('',(#344,#354,#362,#370));
#344 = ORIENTED_EDGE('',*,*,#345,.T.);
#345 = EDGE_CURVE('',#346,#348,#350,.T.);
#346 = VERTEX_POINT('',#347);
#347 = CARTESIAN_POINT('',(-0.225,0.86,1.85));
#348 = VERTEX_POINT('',#349);
#349 = CARTESIAN_POINT('',(-0.225,0.46,1.85));
#350 = LINE('',#351,#352);
#351 = CARTESIAN_POINT('',(-0.225,0.86,1.85));
#352 = VECTOR('',#353,1.);
#353 = DIRECTION('',(-2.22044604925E-16,-1.,0.));
#354 = ORIENTED_EDGE('',*,*,#355,.T.);
#355 = EDGE_CURVE('',#348,#356,#358,.T.);
#356 = VERTEX_POINT('',#357);
#357 = CARTESIAN_POINT('',(0.175,0.46,1.85));
#358 = LINE('',#359,#360);
#359 = CARTESIAN_POINT('',(-0.225,0.46,1.85));
#360 = VECTOR('',#361,1.);
#361 = DIRECTION('',(1.,-2.22044604925E-16,0.));
#362 = ORIENTED_EDGE('',*,*,#363,.T.);
#363 = EDGE_CURVE('',#356,#364,#366,.T.);
#364 = VERTEX_POINT('',#365);
#365 = CARTESIAN_POINT('',(0.175,0.86,1.85));
#366 = LINE('',#367,#368);
#367 = CARTESIAN_POINT('',(0.175,0.46,1.85));
#368 = VECTOR('',#369,1.);
#369 = DIRECTION('',(2.22044604925E-16,1.,0.));
#370 = ORIENTED_EDGE('',*,*,#371,.T.);
#371 = EDGE_CURVE('',#364,#346,#372,.T.);
#372 = LINE('',#373,#374);
#373 = CARTESIAN_POINT('',(0.175,0.86,1.85));
#374 = VECTOR('',#375,1.);
#375 = DIRECTION('',(-1.,2.22044604925E-16,0.));
#376 = FACE_BOUND('',#377,.F.);
#377 = EDGE_LOOP('',(#378,#388,#396,#404));
#378 = ORIENTED_EDGE('',*,*,#379,.T.);
#379 = EDGE_CURVE('',#380,#382,#384,.T.);
#380 = VERTEX_POINT('',#381);
#381 = CARTESIAN_POINT('',(0.175,-0.41,1.85));
#382 = VERTEX_POINT('',#383);
#383 = CARTESIAN_POINT('',(-0.225,-0.41,1.85));
#384 = LINE('',#385,#386);
#385 = CARTESIAN_POINT('',(0.175,-0.41,1.85));
#386 = VECTOR('',#387,1.);
#387 = DIRECTION('',(-1.,2.22044604925E-16,0.));
#388 = ORIENTED_EDGE('',*,*,#389,.T.);
#389 = EDGE_CURVE('',#382,#390,#392,.T.);
#390 = VERTEX_POINT('',#391);
#391 = CARTESIAN_POINT('',(-0.225,-0.81,1.85));
#392 = LINE('',#393,#394);
#393 = CARTESIAN_POINT('',(-0.225,-0.41,1.85));
#394 = VECTOR('',#395,1.);
#395 = DIRECTION('',(-2.22044604925E-16,-1.,0.));
#396 = ORIENTED_EDGE('',*,*,#397,.T.);
#397 = EDGE_CURVE('',#390,#398,#400,.T.);
#398 = VERTEX_POINT('',#399);
#399 = CARTESIAN_POINT('',(0.175,-0.81,1.85));
#400 = LINE('',#401,#402);
#401 = CARTESIAN_POINT('',(-0.225,-0.81,1.85));
#402 = VECTOR('',#403,1.);
#403 = DIRECTION('',(1.,-2.22044604925E-16,0.));
#404 = ORIENTED_EDGE('',*,*,#405,.T.);
#405 = EDGE_CURVE('',#398,#380,#406,.T.);
#406 = LINE('',#407,#408);
#407 = CARTESIAN_POINT('',(0.175,-0.81,1.85));
#408 = VECTOR('',#409,1.);
#409 = DIRECTION('',(2.22044604925E-16,1.,0.));
#410 = FACE_BOUND('',#411,.F.);
#411 = EDGE_LOOP('',(#412,#422,#430,#438));
#412 = ORIENTED_EDGE('',*,*,#413,.T.);
#413 = EDGE_CURVE('',#414,#416,#418,.T.);
#414 = VERTEX_POINT('',#415);
#415 = CARTESIAN_POINT('',(-1.495,0.86,1.85));
#416 = VERTEX_POINT('',#417);
#417 = CARTESIAN_POINT('',(-1.495,0.46,1.85));
#418 = LINE('',#419,#420);
#419 = CARTESIAN_POINT('',(-1.495,0.86,1.85));
#420 = VECTOR('',#421,1.);
#421 = DIRECTION('',(-2.22044604925E-16,-1.,0.));
#422 = ORIENTED_EDGE('',*,*,#423,.T.);
#423 = EDGE_CURVE('',#416,#424,#426,.T.);
#424 = VERTEX_POINT('',#425);
#425 = CARTESIAN_POINT('',(-1.095,0.46,1.85));
#426 = LINE('',#427,#428);
#427 = CARTESIAN_POINT('',(-1.495,0.46,1.85));
#428 = VECTOR('',#429,1.);
#429 = DIRECTION('',(1.,-2.22044604925E-16,0.));
#430 = ORIENTED_EDGE('',*,*,#431,.T.);
#431 = EDGE_CURVE('',#424,#432,#434,.T.);
#432 = VERTEX_POINT('',#433);
#433 = CARTESIAN_POINT('',(-1.095,0.86,1.85));
#434 = LINE('',#435,#436);
#435 = CARTESIAN_POINT('',(-1.095,0.46,1.85));
#436 = VECTOR('',#437,1.);
#437 = DIRECTION('',(2.22044604925E-16,1.,0.));
#438 = ORIENTED_EDGE('',*,*,#439,.T.);
#439 = EDGE_CURVE('',#432,#414,#440,.T.);
#440 = LINE('',#441,#442);
#441 = CARTESIAN_POINT('',(-1.095,0.86,1.85));
#442 = VECTOR('',#443,1.);
#443 = DIRECTION('',(-1.,2.22044604925E-16,0.));
#444 = FACE_BOUND('',#445,.F.);
#445 = EDGE_LOOP('',(#446,#456,#464,#472));
#446 = ORIENTED_EDGE('',*,*,#447,.T.);
#447 = EDGE_CURVE('',#448,#450,#452,.T.);
#448 = VERTEX_POINT('',#449);
#449 = CARTESIAN_POINT('',(-1.095,-0.41,1.85));
#450 = VERTEX_POINT('',#451);
#451 = CARTESIAN_POINT('',(-1.495,-0.41,1.85));
#452 = LINE('',#453,#454);
#453 = CARTESIAN_POINT('',(-1.095,-0.41,1.85));
#454 = VECTOR('',#455,1.);
#455 = DIRECTION('',(-1.,2.22044604925E-16,0.));
#456 = ORIENTED_EDGE('',*,*,#457,.T.);
#457 = EDGE_CURVE('',#450,#458,#460,.T.);
#458 = VERTEX_POINT('',#459);
#459 = CARTESIAN_POINT('',(-1.495,-0.81,1.85));
#460 = LINE('',#461,#462);
#461 = CARTESIAN_POINT('',(-1.495,-0.41,1.85));
#462 = VECTOR('',#463,1.);
#463 = DIRECTION('',(-2.22044604925E-16,-1.,0.));
#464 = ORIENTED_EDGE('',*,*,#465,.T.);
#465 = EDGE_CURVE('',#458,#466,#468,.T.);
#466 = VERTEX_POINT('',#467);
#467 = CARTESIAN_POINT('',(-1.095,-0.81,1.85));
#468 = LINE('',#469,#470);
#469 = CARTESIAN_POINT('',(-1.495,-0.81,1.85));
#470 = VECTOR('',#471,1.);
#471 = DIRECTION('',(1.,-2.22044604925E-16,0.));
#472 = ORIENTED_EDGE('',*,*,#473,.T.);
#473 = EDGE_CURVE('',#466,#448,#474,.T.);
#474 = LINE('',#475,#476);
#475 = CARTESIAN_POINT('',(-1.095,-0.81,1.85));
#476 = VECTOR('',#477,1.);
#477 = DIRECTION('',(2.22044604925E-16,1.,0.));
#478 = FACE_BOUND('',#479,.F.);
#479 = EDGE_LOOP('',(#480,#490,#498,#506));
#480 = ORIENTED_EDGE('',*,*,#481,.T.);
#481 = EDGE_CURVE('',#482,#484,#486,.T.);
#482 = VERTEX_POINT('',#483);
#483 = CARTESIAN_POINT('',(-2.765,0.86,1.85));
#484 = VERTEX_POINT('',#485);
#485 = CARTESIAN_POINT('',(-2.765,0.46,1.85));
#486 = LINE('',#487,#488);
#487 = CARTESIAN_POINT('',(-2.765,0.86,1.85));
#488 = VECTOR('',#489,1.);
#489 = DIRECTION('',(-2.22044604925E-16,-1.,0.));
#490 = ORIENTED_EDGE('',*,*,#491,.T.);
#491 = EDGE_CURVE('',#484,#492,#494,.T.);
#492 = VERTEX_POINT('',#493);
#493 = CARTESIAN_POINT('',(-2.365,0.46,1.85));
#494 = LINE('',#495,#496);
#495 = CARTESIAN_POINT('',(-2.765,0.46,1.85));
#496 = VECTOR('',#497,1.);
#497 = DIRECTION('',(1.,-2.22044604925E-16,0.));
#498 = ORIENTED_EDGE('',*,*,#499,.T.);
#499 = EDGE_CURVE('',#492,#500,#502,.T.);
#500 = VERTEX_POINT('',#501);
#501 = CARTESIAN_POINT('',(-2.365,0.86,1.85));
#502 = LINE('',#503,#504);
#503 = CARTESIAN_POINT('',(-2.365,0.46,1.85));
#504 = VECTOR('',#505,1.);
#505 = DIRECTION('',(2.22044604925E-16,1.,0.));
#506 = ORIENTED_EDGE('',*,*,#507,.T.);
#507 = EDGE_CURVE('',#500,#482,#508,.T.);
#508 = LINE('',#509,#510);
#509 = CARTESIAN_POINT('',(-2.365,0.86,1.85));
#510 = VECTOR('',#511,1.);
#511 = DIRECTION('',(-1.,2.22044604925E-16,0.));
#512 = FACE_BOUND('',#513,.F.);
#513 = EDGE_LOOP('',(#514,#524,#532,#540));
#514 = ORIENTED_EDGE('',*,*,#515,.T.);
#515 = EDGE_CURVE('',#516,#518,#520,.T.);
#516 = VERTEX_POINT('',#517);
#517 = CARTESIAN_POINT('',(-2.365,-0.41,1.85));
#518 = VERTEX_POINT('',#519);
#519 = CARTESIAN_POINT('',(-2.765,-0.41,1.85));
#520 = LINE('',#521,#522);
#521 = CARTESIAN_POINT('',(-2.365,-0.41,1.85));
#522 = VECTOR('',#523,1.);
#523 = DIRECTION('',(-1.,2.22044604925E-16,0.));
#524 = ORIENTED_EDGE('',*,*,#525,.T.);
#525 = EDGE_CURVE('',#518,#526,#528,.T.);
#526 = VERTEX_POINT('',#527);
#527 = CARTESIAN_POINT('',(-2.765,-0.81,1.85));
#528 = LINE('',#529,#530);
#529 = CARTESIAN_POINT('',(-2.765,-0.41,1.85));
#530 = VECTOR('',#531,1.);
#531 = DIRECTION('',(-2.22044604925E-16,-1.,0.));
#532 = ORIENTED_EDGE('',*,*,#533,.T.);
#533 = EDGE_CURVE('',#526,#534,#536,.T.);
#534 = VERTEX_POINT('',#535);
#535 = CARTESIAN_POINT('',(-2.365,-0.81,1.85));
#536 = LINE('',#537,#538);
#537 = CARTESIAN_POINT('',(-2.765,-0.81,1.85));
#538 = VECTOR('',#539,1.);
#539 = DIRECTION('',(1.,-2.22044604925E-16,0.));
#540 = ORIENTED_EDGE('',*,*,#541,.T.);
#541 = EDGE_CURVE('',#534,#516,#542,.T.);
#542 = LINE('',#543,#544);
#543 = CARTESIAN_POINT('',(-2.365,-0.81,1.85));
#544 = VECTOR('',#545,1.);
#545 = DIRECTION('',(2.22044604925E-16,1.,0.));
#546 = FACE_BOUND('',#547,.F.);
#547 = EDGE_LOOP('',(#548,#558,#566,#574));
#548 = ORIENTED_EDGE('',*,*,#549,.T.);
#549 = EDGE_CURVE('',#550,#552,#554,.T.);
#550 = VERTEX_POINT('',#551);
#551 = CARTESIAN_POINT('',(2.315,0.86,1.85));
#552 = VERTEX_POINT('',#553);
#553 = CARTESIAN_POINT('',(2.315,0.46,1.85));
#554 = LINE('',#555,#556);
#555 = CARTESIAN_POINT('',(2.315,0.86,1.85));
#556 = VECTOR('',#557,1.);
#557 = DIRECTION('',(-2.22044604925E-16,-1.,0.));
#558 = ORIENTED_EDGE('',*,*,#559,.T.);
#559 = EDGE_CURVE('',#552,#560,#562,.T.);
#560 = VERTEX_POINT('',#561);
#561 = CARTESIAN_POINT('',(2.715,0.46,1.85));
#562 = LINE('',#563,#564);
#563 = CARTESIAN_POINT('',(2.315,0.46,1.85));
#564 = VECTOR('',#565,1.);
#565 = DIRECTION('',(1.,-2.22044604925E-16,0.));
#566 = ORIENTED_EDGE('',*,*,#567,.T.);
#567 = EDGE_CURVE('',#560,#568,#570,.T.);
#568 = VERTEX_POINT('',#569);
#569 = CARTESIAN_POINT('',(2.715,0.86,1.85));
#570 = LINE('',#571,#572);
#571 = CARTESIAN_POINT('',(2.715,0.46,1.85));
#572 = VECTOR('',#573,1.);
#573 = DIRECTION('',(2.22044604925E-16,1.,0.));
#574 = ORIENTED_EDGE('',*,*,#575,.T.);
#575 = EDGE_CURVE('',#568,#550,#576,.T.);
#576 = LINE('',#577,#578);
#577 = CARTESIAN_POINT('',(2.715,0.86,1.85));
#578 = VECTOR('',#579,1.);
#579 = DIRECTION('',(-1.,2.22044604925E-16,0.));
#580 = PLANE('',#581);
#581 = AXIS2_PLACEMENT_3D('',#582,#583,#584);
#582 = CARTESIAN_POINT('',(-6.375,2.5E-02,1.85));
#583 = DIRECTION('',(0.,0.,1.));
#584 = DIRECTION('',(1.,-2.22044604925E-16,0.));
#585 = ADVANCED_FACE('',(#586),#611,.F.);
#586 = FACE_BOUND('',#587,.F.);
#587 = EDGE_LOOP('',(#588,#598,#604,#605));
#588 = ORIENTED_EDGE('',*,*,#589,.T.);
#589 = EDGE_CURVE('',#590,#592,#594,.T.);
#590 = VERTEX_POINT('',#591);
#591 = CARTESIAN_POINT('',(-5.575,-1.675,4.65));
#592 = VERTEX_POINT('',#593);
#593 = CARTESIAN_POINT('',(-5.575,1.725,4.65));
#594 = LINE('',#595,#596);
#595 = CARTESIAN_POINT('',(-5.575,-1.675,4.65));
#596 = VECTOR('',#597,1.);
#597 = DIRECTION('',(2.22044604925E-16,1.,0.));
#598 = ORIENTED_EDGE('',*,*,#599,.F.);
#599 = EDGE_CURVE('',#219,#592,#600,.T.);
#600 = LINE('',#601,#602);
#601 = CARTESIAN_POINT('',(-5.575,1.725,1.85));
#602 = VECTOR('',#603,1.);
#603 = DIRECTION('',(0.,0.,1.));
#604 = ORIENTED_EDGE('',*,*,#218,.T.);
#605 = ORIENTED_EDGE('',*,*,#606,.T.);
#606 = EDGE_CURVE('',#221,#590,#607,.T.);
#607 = LINE('',#608,#609);
#608 = CARTESIAN_POINT('',(-5.575,-1.675,1.85));
#609 = VECTOR('',#610,1.);
#610 = DIRECTION('',(0.,0.,1.));
#611 = PLANE('',#612);
#612 = AXIS2_PLACEMENT_3D('',#613,#614,#615);
#613 = CARTESIAN_POINT('',(-5.575,1.725,4.95));
#614 = DIRECTION('',(-1.,2.22044604925E-16,0.));
#615 = DIRECTION('',(-2.22044604925E-16,-1.,0.));
#616 = ADVANCED_FACE('',(#617),#633,.T.);
#617 = FACE_BOUND('',#618,.F.);
#618 = EDGE_LOOP('',(#619,#620,#626,#627));
#619 = ORIENTED_EDGE('',*,*,#79,.T.);
#620 = ORIENTED_EDGE('',*,*,#621,.T.);
#621 = EDGE_CURVE('',#72,#592,#622,.T.);
#622 = LINE('',#623,#624);
#623 = CARTESIAN_POINT('',(-5.875,2.025,4.95));
#624 = VECTOR('',#625,1.);
#625 = DIRECTION('',(0.57735026919,-0.57735026919,-0.57735026919));
#626 = ORIENTED_EDGE('',*,*,#589,.F.);
#627 = ORIENTED_EDGE('',*,*,#628,.F.);
#628 = EDGE_CURVE('',#80,#590,#629,.T.);
#629 = LINE('',#630,#631);
#630 = CARTESIAN_POINT('',(-5.875,-1.975,4.95));
#631 = VECTOR('',#632,1.);
#632 = DIRECTION('',(0.57735026919,0.57735026919,-0.57735026919));
#633 = PLANE('',#634);
#634 = AXIS2_PLACEMENT_3D('',#635,#636,#637);
#635 = CARTESIAN_POINT('',(-5.725,2.5E-02,4.8));
#636 = DIRECTION('',(0.707106781187,-1.570092458684E-16,0.707106781187)
  );
#637 = DIRECTION('',(-2.22044604925E-16,-1.,0.));
#638 = ADVANCED_FACE('',(#639),#650,.T.);
#639 = FACE_BOUND('',#640,.F.);
#640 = EDGE_LOOP('',(#641,#647,#648,#649));
#641 = ORIENTED_EDGE('',*,*,#642,.T.);
#642 = EDGE_CURVE('',#157,#592,#643,.T.);
#643 = LINE('',#644,#645);
#644 = CARTESIAN_POINT('',(5.525,1.725,4.65));
#645 = VECTOR('',#646,1.);
#646 = DIRECTION('',(-1.,2.22044604925E-16,0.));
#647 = ORIENTED_EDGE('',*,*,#621,.F.);
#648 = ORIENTED_EDGE('',*,*,#71,.F.);
#649 = ORIENTED_EDGE('',*,*,#166,.T.);
#650 = PLANE('',#651);
#651 = AXIS2_PLACEMENT_3D('',#652,#653,#654);
#652 = CARTESIAN_POINT('',(-2.5E-02,1.875,4.8));
#653 = DIRECTION('',(-1.570092458684E-16,-0.707106781187,0.707106781187)
  );
#654 = DIRECTION('',(-1.,2.22044604925E-16,0.));
#655 = ADVANCED_FACE('',(#656),#662,.F.);
#656 = FACE_BOUND('',#657,.F.);
#657 = EDGE_LOOP('',(#658,#659,#660,#661));
#658 = ORIENTED_EDGE('',*,*,#642,.F.);
#659 = ORIENTED_EDGE('',*,*,#197,.F.);
#660 = ORIENTED_EDGE('',*,*,#228,.F.);
#661 = ORIENTED_EDGE('',*,*,#599,.T.);
#662 = PLANE('',#663);
#663 = AXIS2_PLACEMENT_3D('',#664,#665,#666);
#664 = CARTESIAN_POINT('',(5.525,1.725,4.95));
#665 = DIRECTION('',(2.22044604925E-16,1.,0.));
#666 = DIRECTION('',(-1.,2.22044604925E-16,0.));
#667 = ADVANCED_FACE('',(#668),#686,.T.);
#668 = FACE_BOUND('',#669,.F.);
#669 = EDGE_LOOP('',(#670,#678,#679,#680));
#670 = ORIENTED_EDGE('',*,*,#671,.F.);
#671 = EDGE_CURVE('',#88,#672,#674,.T.);
#672 = VERTEX_POINT('',#673);
#673 = CARTESIAN_POINT('',(-1.225,-1.675,4.65));
#674 = LINE('',#675,#676);
#675 = CARTESIAN_POINT('',(-1.225,-1.975,4.95));
#676 = VECTOR('',#677,1.);
#677 = DIRECTION('',(1.570092458684E-16,0.707106781187,-0.707106781187)
  );
#678 = ORIENTED_EDGE('',*,*,#87,.F.);
#679 = ORIENTED_EDGE('',*,*,#628,.T.);
#680 = ORIENTED_EDGE('',*,*,#681,.T.);
#681 = EDGE_CURVE('',#590,#672,#682,.T.);
#682 = LINE('',#683,#684);
#683 = CARTESIAN_POINT('',(-5.575,-1.675,4.65));
#684 = VECTOR('',#685,1.);
#685 = DIRECTION('',(1.,-2.22044604925E-16,0.));
#686 = PLANE('',#687);
#687 = AXIS2_PLACEMENT_3D('',#688,#689,#690);
#688 = CARTESIAN_POINT('',(-3.4,-1.825,4.8));
#689 = DIRECTION('',(1.570092458684E-16,0.707106781187,0.707106781187));
#690 = DIRECTION('',(-1.,2.22044604925E-16,0.));
#691 = ADVANCED_FACE('',(#692),#718,.F.);
#692 = FACE_BOUND('',#693,.F.);
#693 = EDGE_LOOP('',(#694,#704,#710,#711,#712));
#694 = ORIENTED_EDGE('',*,*,#695,.F.);
#695 = EDGE_CURVE('',#696,#698,#700,.T.);
#696 = VERTEX_POINT('',#697);
#697 = CARTESIAN_POINT('',(-1.225,-2.475,2.25));
#698 = VERTEX_POINT('',#699);
#699 = CARTESIAN_POINT('',(-1.225,-1.675,2.25));
#700 = LINE('',#701,#702);
#701 = CARTESIAN_POINT('',(-1.225,-2.475,2.25));
#702 = VECTOR('',#703,1.);
#703 = DIRECTION('',(2.22044604925E-16,1.,0.));
#704 = ORIENTED_EDGE('',*,*,#705,.T.);
#705 = EDGE_CURVE('',#696,#96,#706,.T.);
#706 = LINE('',#707,#708);
#707 = CARTESIAN_POINT('',(-1.225,-2.475,2.25));
#708 = VECTOR('',#709,1.);
#709 = DIRECTION('',(0.,0.,1.));
#710 = ORIENTED_EDGE('',*,*,#95,.F.);
#711 = ORIENTED_EDGE('',*,*,#671,.T.);
#712 = ORIENTED_EDGE('',*,*,#713,.F.);
#713 = EDGE_CURVE('',#698,#672,#714,.T.);
#714 = LINE('',#715,#716);
#715 = CARTESIAN_POINT('',(-1.225,-1.675,2.25));
#716 = VECTOR('',#717,1.);
#717 = DIRECTION('',(0.,0.,1.));
#718 = PLANE('',#719);
#719 = AXIS2_PLACEMENT_3D('',#720,#721,#722);
#720 = CARTESIAN_POINT('',(-1.225,-1.675,4.95));
#721 = DIRECTION('',(-1.,2.22044604925E-16,0.));
#722 = DIRECTION('',(-2.22044604925E-16,-1.,0.));
#723 = ADVANCED_FACE('',(#724),#749,.T.);
#724 = FACE_BOUND('',#725,.F.);
#725 = EDGE_LOOP('',(#726,#727,#735,#743));
#726 = ORIENTED_EDGE('',*,*,#695,.T.);
#727 = ORIENTED_EDGE('',*,*,#728,.T.);
#728 = EDGE_CURVE('',#698,#729,#731,.T.);
#729 = VERTEX_POINT('',#730);
#730 = CARTESIAN_POINT('',(1.175,-1.675,2.25));
#731 = LINE('',#732,#733);
#732 = CARTESIAN_POINT('',(-1.225,-1.675,2.25));
#733 = VECTOR('',#734,1.);
#734 = DIRECTION('',(1.,-2.22044604925E-16,0.));
#735 = ORIENTED_EDGE('',*,*,#736,.T.);
#736 = EDGE_CURVE('',#729,#737,#739,.T.);
#737 = VERTEX_POINT('',#738);
#738 = CARTESIAN_POINT('',(1.175,-2.475,2.25));
#739 = LINE('',#740,#741);
#740 = CARTESIAN_POINT('',(1.175,-1.675,2.25));
#741 = VECTOR('',#742,1.);
#742 = DIRECTION('',(-2.22044604925E-16,-1.,0.));
#743 = ORIENTED_EDGE('',*,*,#744,.T.);
#744 = EDGE_CURVE('',#737,#696,#745,.T.);
#745 = LINE('',#746,#747);
#746 = CARTESIAN_POINT('',(1.175,-2.475,2.25));
#747 = VECTOR('',#748,1.);
#748 = DIRECTION('',(-1.,2.22044604925E-16,0.));
#749 = PLANE('',#750);
#750 = AXIS2_PLACEMENT_3D('',#751,#752,#753);
#751 = CARTESIAN_POINT('',(-6.375,2.5E-02,2.25));
#752 = DIRECTION('',(0.,0.,1.));
#753 = DIRECTION('',(1.,-2.22044604925E-16,0.));
#754 = ADVANCED_FACE('',(#755),#777,.F.);
#755 = FACE_BOUND('',#756,.F.);
#756 = EDGE_LOOP('',(#757,#758,#759,#760,#761,#762,#763,#771));
#757 = ORIENTED_EDGE('',*,*,#728,.F.);
#758 = ORIENTED_EDGE('',*,*,#713,.T.);
#759 = ORIENTED_EDGE('',*,*,#681,.F.);
#760 = ORIENTED_EDGE('',*,*,#606,.F.);
#761 = ORIENTED_EDGE('',*,*,#235,.F.);
#762 = ORIENTED_EDGE('',*,*,#204,.T.);
#763 = ORIENTED_EDGE('',*,*,#764,.F.);
#764 = EDGE_CURVE('',#765,#159,#767,.T.);
#765 = VERTEX_POINT('',#766);
#766 = CARTESIAN_POINT('',(1.175,-1.675,4.65));
#767 = LINE('',#768,#769);
#768 = CARTESIAN_POINT('',(1.175,-1.675,4.65));
#769 = VECTOR('',#770,1.);
#770 = DIRECTION('',(1.,-2.22044604925E-16,0.));
#771 = ORIENTED_EDGE('',*,*,#772,.F.);
#772 = EDGE_CURVE('',#729,#765,#773,.T.);
#773 = LINE('',#774,#775);
#774 = CARTESIAN_POINT('',(1.175,-1.675,2.25));
#775 = VECTOR('',#776,1.);
#776 = DIRECTION('',(0.,0.,1.));
#777 = PLANE('',#778);
#778 = AXIS2_PLACEMENT_3D('',#779,#780,#781);
#779 = CARTESIAN_POINT('',(1.175,-1.675,4.95));
#780 = DIRECTION('',(-2.22044604925E-16,-1.,0.));
#781 = DIRECTION('',(1.,-2.22044604925E-16,0.));
#782 = ADVANCED_FACE('',(#783),#794,.T.);
#783 = FACE_BOUND('',#784,.F.);
#784 = EDGE_LOOP('',(#785,#791,#792,#793));
#785 = ORIENTED_EDGE('',*,*,#786,.F.);
#786 = EDGE_CURVE('',#765,#135,#787,.T.);
#787 = LINE('',#788,#789);
#788 = CARTESIAN_POINT('',(1.175,-1.675,4.65));
#789 = VECTOR('',#790,1.);
#790 = DIRECTION('',(-1.570092458684E-16,-0.707106781187,0.707106781187)
  );
#791 = ORIENTED_EDGE('',*,*,#764,.T.);
#792 = ORIENTED_EDGE('',*,*,#173,.F.);
#793 = ORIENTED_EDGE('',*,*,#142,.F.);
#794 = PLANE('',#795);
#795 = AXIS2_PLACEMENT_3D('',#796,#797,#798);
#796 = CARTESIAN_POINT('',(3.35,-1.825,4.8));
#797 = DIRECTION('',(1.570092458684E-16,0.707106781187,0.707106781187));
#798 = DIRECTION('',(-1.,2.22044604925E-16,0.));
#799 = ADVANCED_FACE('',(#800),#812,.F.);
#800 = FACE_BOUND('',#801,.F.);
#801 = EDGE_LOOP('',(#802,#803,#804,#805,#806));
#802 = ORIENTED_EDGE('',*,*,#736,.F.);
#803 = ORIENTED_EDGE('',*,*,#772,.T.);
#804 = ORIENTED_EDGE('',*,*,#786,.T.);
#805 = ORIENTED_EDGE('',*,*,#134,.T.);
#806 = ORIENTED_EDGE('',*,*,#807,.F.);
#807 = EDGE_CURVE('',#737,#127,#808,.T.);
#808 = LINE('',#809,#810);
#809 = CARTESIAN_POINT('',(1.175,-2.475,2.25));
#810 = VECTOR('',#811,1.);
#811 = DIRECTION('',(0.,0.,1.));
#812 = PLANE('',#813);
#813 = AXIS2_PLACEMENT_3D('',#814,#815,#816);
#814 = CARTESIAN_POINT('',(1.175,-2.475,4.95));
#815 = DIRECTION('',(1.,-2.22044604925E-16,0.));
#816 = DIRECTION('',(2.22044604925E-16,1.,0.));
#817 = ADVANCED_FACE('',(#818,#1000),#1026,.T.);
#818 = FACE_BOUND('',#819,.F.);
#819 = EDGE_LOOP('',(#820,#821,#822,#823,#824,#832,#840,#848,#856,#864,
    #872,#880,#888,#896,#904,#912,#920,#928,#936,#944,#952,#960,#968,
    #976,#984,#992,#998,#999));
#820 = ORIENTED_EDGE('',*,*,#705,.F.);
#821 = ORIENTED_EDGE('',*,*,#744,.F.);
#822 = ORIENTED_EDGE('',*,*,#807,.T.);
#823 = ORIENTED_EDGE('',*,*,#126,.F.);
#824 = ORIENTED_EDGE('',*,*,#825,.F.);
#825 = EDGE_CURVE('',#826,#119,#828,.T.);
#826 = VERTEX_POINT('',#827);
#827 = CARTESIAN_POINT('',(6.325,-2.475,5.E-02));
#828 = LINE('',#829,#830);
#829 = CARTESIAN_POINT('',(6.325,-2.475,5.E-02));
#830 = VECTOR('',#831,1.);
#831 = DIRECTION('',(0.,0.,1.));
#832 = ORIENTED_EDGE('',*,*,#833,.T.);
#833 = EDGE_CURVE('',#826,#834,#836,.T.);
#834 = VERTEX_POINT('',#835);
#835 = CARTESIAN_POINT('',(2.985,-2.475,5.E-02));
#836 = LINE('',#837,#838);
#837 = CARTESIAN_POINT('',(6.325,-2.475,5.E-02));
#838 = VECTOR('',#839,1.);
#839 = DIRECTION('',(-1.,2.22044604925E-16,0.));
#840 = ORIENTED_EDGE('',*,*,#841,.F.);
#841 = EDGE_CURVE('',#842,#834,#844,.T.);
#842 = VERTEX_POINT('',#843);
#843 = CARTESIAN_POINT('',(2.985,-2.475,0.55));
#844 = LINE('',#845,#846);
#845 = CARTESIAN_POINT('',(2.985,-2.475,0.55));
#846 = VECTOR('',#847,1.);
#847 = DIRECTION('',(0.,0.,-1.));
#848 = ORIENTED_EDGE('',*,*,#849,.F.);
#849 = EDGE_CURVE('',#850,#842,#852,.T.);
#850 = VERTEX_POINT('',#851);
#851 = CARTESIAN_POINT('',(2.045,-2.475,0.55));
#852 = LINE('',#853,#854);
#853 = CARTESIAN_POINT('',(2.045,-2.475,0.55));
#854 = VECTOR('',#855,1.);
#855 = DIRECTION('',(1.,-2.22044604925E-16,0.));
#856 = ORIENTED_EDGE('',*,*,#857,.T.);
#857 = EDGE_CURVE('',#850,#858,#860,.T.);
#858 = VERTEX_POINT('',#859);
#859 = CARTESIAN_POINT('',(2.045,-2.475,5.E-02));
#860 = LINE('',#861,#862);
#861 = CARTESIAN_POINT('',(2.045,-2.475,0.55));
#862 = VECTOR('',#863,1.);
#863 = DIRECTION('',(0.,0.,-1.));
#864 = ORIENTED_EDGE('',*,*,#865,.T.);
#865 = EDGE_CURVE('',#858,#866,#868,.T.);
#866 = VERTEX_POINT('',#867);
#867 = CARTESIAN_POINT('',(1.715,-2.475,5.E-02));
#868 = LINE('',#869,#870);
#869 = CARTESIAN_POINT('',(2.045,-2.475,5.E-02));
#870 = VECTOR('',#871,1.);
#871 = DIRECTION('',(-1.,2.22044604925E-16,0.));
#872 = ORIENTED_EDGE('',*,*,#873,.F.);
#873 = EDGE_CURVE('',#874,#866,#876,.T.);
#874 = VERTEX_POINT('',#875);
#875 = CARTESIAN_POINT('',(1.715,-2.475,0.55));
#876 = LINE('',#877,#878);
#877 = CARTESIAN_POINT('',(1.715,-2.475,0.55));
#878 = VECTOR('',#879,1.);
#879 = DIRECTION('',(0.,0.,-1.));
#880 = ORIENTED_EDGE('',*,*,#881,.F.);
#881 = EDGE_CURVE('',#882,#874,#884,.T.);
#882 = VERTEX_POINT('',#883);
#883 = CARTESIAN_POINT('',(0.775,-2.475,0.55));
#884 = LINE('',#885,#886);
#885 = CARTESIAN_POINT('',(0.775,-2.475,0.55));
#886 = VECTOR('',#887,1.);
#887 = DIRECTION('',(1.,-2.22044604925E-16,0.));
#888 = ORIENTED_EDGE('',*,*,#889,.T.);
#889 = EDGE_CURVE('',#882,#890,#892,.T.);
#890 = VERTEX_POINT('',#891);
#891 = CARTESIAN_POINT('',(0.775,-2.475,5.E-02));
#892 = LINE('',#893,#894);
#893 = CARTESIAN_POINT('',(0.775,-2.475,0.55));
#894 = VECTOR('',#895,1.);
#895 = DIRECTION('',(0.,0.,-1.));
#896 = ORIENTED_EDGE('',*,*,#897,.T.);
#897 = EDGE_CURVE('',#890,#898,#900,.T.);
#898 = VERTEX_POINT('',#899);
#899 = CARTESIAN_POINT('',(0.445,-2.475,5.E-02));
#900 = LINE('',#901,#902);
#901 = CARTESIAN_POINT('',(0.775,-2.475,5.E-02));
#902 = VECTOR('',#903,1.);
#903 = DIRECTION('',(-1.,2.22044604925E-16,0.));
#904 = ORIENTED_EDGE('',*,*,#905,.F.);
#905 = EDGE_CURVE('',#906,#898,#908,.T.);
#906 = VERTEX_POINT('',#907);
#907 = CARTESIAN_POINT('',(0.445,-2.475,0.55));
#908 = LINE('',#909,#910);
#909 = CARTESIAN_POINT('',(0.445,-2.475,0.55));
#910 = VECTOR('',#911,1.);
#911 = DIRECTION('',(0.,0.,-1.));
#912 = ORIENTED_EDGE('',*,*,#913,.F.);
#913 = EDGE_CURVE('',#914,#906,#916,.T.);
#914 = VERTEX_POINT('',#915);
#915 = CARTESIAN_POINT('',(-0.495,-2.475,0.55));
#916 = LINE('',#917,#918);
#917 = CARTESIAN_POINT('',(-0.495,-2.475,0.55));
#918 = VECTOR('',#919,1.);
#919 = DIRECTION('',(1.,-2.22044604925E-16,0.));
#920 = ORIENTED_EDGE('',*,*,#921,.T.);
#921 = EDGE_CURVE('',#914,#922,#924,.T.);
#922 = VERTEX_POINT('',#923);
#923 = CARTESIAN_POINT('',(-0.495,-2.475,5.E-02));
#924 = LINE('',#925,#926);
#925 = CARTESIAN_POINT('',(-0.495,-2.475,0.55));
#926 = VECTOR('',#927,1.);
#927 = DIRECTION('',(0.,0.,-1.));
#928 = ORIENTED_EDGE('',*,*,#929,.T.);
#929 = EDGE_CURVE('',#922,#930,#932,.T.);
#930 = VERTEX_POINT('',#931);
#931 = CARTESIAN_POINT('',(-0.825,-2.475,5.E-02));
#932 = LINE('',#933,#934);
#933 = CARTESIAN_POINT('',(-0.495,-2.475,5.E-02));
#934 = VECTOR('',#935,1.);
#935 = DIRECTION('',(-1.,2.22044604925E-16,0.));
#936 = ORIENTED_EDGE('',*,*,#937,.F.);
#937 = EDGE_CURVE('',#938,#930,#940,.T.);
#938 = VERTEX_POINT('',#939);
#939 = CARTESIAN_POINT('',(-0.825,-2.475,0.55));
#940 = LINE('',#941,#942);
#941 = CARTESIAN_POINT('',(-0.825,-2.475,0.55));
#942 = VECTOR('',#943,1.);
#943 = DIRECTION('',(0.,0.,-1.));
#944 = ORIENTED_EDGE('',*,*,#945,.F.);
#945 = EDGE_CURVE('',#946,#938,#948,.T.);
#946 = VERTEX_POINT('',#947);
#947 = CARTESIAN_POINT('',(-1.765,-2.475,0.55));
#948 = LINE('',#949,#950);
#949 = CARTESIAN_POINT('',(-1.765,-2.475,0.55));
#950 = VECTOR('',#951,1.);
#951 = DIRECTION('',(1.,-2.22044604925E-16,0.));
#952 = ORIENTED_EDGE('',*,*,#953,.T.);
#953 = EDGE_CURVE('',#946,#954,#956,.T.);
#954 = VERTEX_POINT('',#955);
#955 = CARTESIAN_POINT('',(-1.765,-2.475,5.E-02));
#956 = LINE('',#957,#958);
#957 = CARTESIAN_POINT('',(-1.765,-2.475,0.55));
#958 = VECTOR('',#959,1.);
#959 = DIRECTION('',(0.,0.,-1.));
#960 = ORIENTED_EDGE('',*,*,#961,.T.);
#961 = EDGE_CURVE('',#954,#962,#964,.T.);
#962 = VERTEX_POINT('',#963);
#963 = CARTESIAN_POINT('',(-2.095,-2.475,5.E-02));
#964 = LINE('',#965,#966);
#965 = CARTESIAN_POINT('',(-1.765,-2.475,5.E-02));
#966 = VECTOR('',#967,1.);
#967 = DIRECTION('',(-1.,2.22044604925E-16,0.));
#968 = ORIENTED_EDGE('',*,*,#969,.F.);
#969 = EDGE_CURVE('',#970,#962,#972,.T.);
#970 = VERTEX_POINT('',#971);
#971 = CARTESIAN_POINT('',(-2.095,-2.475,0.55));
#972 = LINE('',#973,#974);
#973 = CARTESIAN_POINT('',(-2.095,-2.475,0.55));
#974 = VECTOR('',#975,1.);
#975 = DIRECTION('',(0.,0.,-1.));
#976 = ORIENTED_EDGE('',*,*,#977,.F.);
#977 = EDGE_CURVE('',#978,#970,#980,.T.);
#978 = VERTEX_POINT('',#979);
#979 = CARTESIAN_POINT('',(-3.035,-2.475,0.55));
#980 = LINE('',#981,#982);
#981 = CARTESIAN_POINT('',(-3.035,-2.475,0.55));
#982 = VECTOR('',#983,1.);
#983 = DIRECTION('',(1.,-2.22044604925E-16,0.));
#984 = ORIENTED_EDGE('',*,*,#985,.T.);
#985 = EDGE_CURVE('',#978,#986,#988,.T.);
#986 = VERTEX_POINT('',#987);
#987 = CARTESIAN_POINT('',(-3.035,-2.475,5.E-02));
#988 = LINE('',#989,#990);
#989 = CARTESIAN_POINT('',(-3.035,-2.475,0.55));
#990 = VECTOR('',#991,1.);
#991 = DIRECTION('',(0.,0.,-1.));
#992 = ORIENTED_EDGE('',*,*,#993,.T.);
#993 = EDGE_CURVE('',#986,#32,#994,.T.);
#994 = LINE('',#995,#996);
#995 = CARTESIAN_POINT('',(-3.035,-2.475,5.E-02));
#996 = VECTOR('',#997,1.);
#997 = DIRECTION('',(-1.,2.22044604925E-16,0.));
#998 = ORIENTED_EDGE('',*,*,#31,.T.);
#999 = ORIENTED_EDGE('',*,*,#103,.F.);
#1000 = FACE_BOUND('',#1001,.F.);
#1001 = EDGE_LOOP('',(#1002,#1012,#1020));
#1002 = ORIENTED_EDGE('',*,*,#1003,.T.);
#1003 = EDGE_CURVE('',#1004,#1006,#1008,.T.);
#1004 = VERTEX_POINT('',#1005);
#1005 = CARTESIAN_POINT('',(-3.125,-2.475,4.55));
#1006 = VERTEX_POINT('',#1007);
#1007 = CARTESIAN_POINT('',(-2.725,-2.475,3.857179676972));
#1008 = LINE('',#1009,#1010);
#1009 = CARTESIAN_POINT('',(-3.125,-2.475,4.55));
#1010 = VECTOR('',#1011,1.);
#1011 = DIRECTION('',(0.5,-1.110223024625E-16,-0.866025403784));
#1012 = ORIENTED_EDGE('',*,*,#1013,.T.);
#1013 = EDGE_CURVE('',#1006,#1014,#1016,.T.);
#1014 = VERTEX_POINT('',#1015);
#1015 = CARTESIAN_POINT('',(-2.325,-2.475,4.55));
#1016 = LINE('',#1017,#1018);
#1017 = CARTESIAN_POINT('',(-2.725,-2.475,3.857179676972));
#1018 = VECTOR('',#1019,1.);
#1019 = DIRECTION('',(0.5,-1.110223024625E-16,0.866025403784));
#1020 = ORIENTED_EDGE('',*,*,#1021,.F.);
#1021 = EDGE_CURVE('',#1004,#1014,#1022,.T.);
#1022 = LINE('',#1023,#1024);
#1023 = CARTESIAN_POINT('',(-3.125,-2.475,4.55));
#1024 = VECTOR('',#1025,1.);
#1025 = DIRECTION('',(1.,-2.22044604925E-16,-5.051514762043E-14));
#1026 = PLANE('',#1027);
#1027 = AXIS2_PLACEMENT_3D('',#1028,#1029,#1030);
#1028 = CARTESIAN_POINT('',(-6.375,-2.475,4.95));
#1029 = DIRECTION('',(-2.22044604925E-16,-1.,0.));
#1030 = DIRECTION('',(0.,0.,-1.));
#1031 = ADVANCED_FACE('',(#1032),#1050,.T.);
#1032 = FACE_BOUND('',#1033,.F.);
#1033 = EDGE_LOOP('',(#1034,#1035,#1043,#1049));
#1034 = ORIENTED_EDGE('',*,*,#118,.T.);
#1035 = ORIENTED_EDGE('',*,*,#1036,.T.);
#1036 = EDGE_CURVE('',#111,#1037,#1039,.T.);
#1037 = VERTEX_POINT('',#1038);
#1038 = CARTESIAN_POINT('',(6.325,2.525,5.E-02));
#1039 = LINE('',#1040,#1041);
#1040 = CARTESIAN_POINT('',(6.325,2.525,4.95));
#1041 = VECTOR('',#1042,1.);
#1042 = DIRECTION('',(0.,0.,-1.));
#1043 = ORIENTED_EDGE('',*,*,#1044,.T.);
#1044 = EDGE_CURVE('',#1037,#826,#1045,.T.);
#1045 = LINE('',#1046,#1047);
#1046 = CARTESIAN_POINT('',(6.325,2.525,5.E-02));
#1047 = VECTOR('',#1048,1.);
#1048 = DIRECTION('',(-2.22044604925E-16,-1.,0.));
#1049 = ORIENTED_EDGE('',*,*,#825,.T.);
#1050 = PLANE('',#1051);
#1051 = AXIS2_PLACEMENT_3D('',#1052,#1053,#1054);
#1052 = CARTESIAN_POINT('',(6.325,2.5E-02,2.5));
#1053 = DIRECTION('',(1.,-2.22044604925E-16,0.));
#1054 = DIRECTION('',(2.22044604925E-16,1.,0.));
#1055 = ADVANCED_FACE('',(#1056),#1227,.T.);
#1056 = FACE_BOUND('',#1057,.F.);
#1057 = EDGE_LOOP('',(#1058,#1068,#1076,#1084,#1092,#1100,#1108,#1116,
    #1124,#1132,#1140,#1148,#1156,#1164,#1172,#1180,#1188,#1196,#1202,
    #1203,#1204,#1205,#1213,#1221));
#1058 = ORIENTED_EDGE('',*,*,#1059,.T.);
#1059 = EDGE_CURVE('',#1060,#1062,#1064,.T.);
#1060 = VERTEX_POINT('',#1061);
#1061 = CARTESIAN_POINT('',(-2.095,2.525,0.55));
#1062 = VERTEX_POINT('',#1063);
#1063 = CARTESIAN_POINT('',(-2.095,2.525,5.E-02));
#1064 = LINE('',#1065,#1066);
#1065 = CARTESIAN_POINT('',(-2.095,2.525,0.55));
#1066 = VECTOR('',#1067,1.);
#1067 = DIRECTION('',(0.,0.,-1.));
#1068 = ORIENTED_EDGE('',*,*,#1069,.F.);
#1069 = EDGE_CURVE('',#1070,#1062,#1072,.T.);
#1070 = VERTEX_POINT('',#1071);
#1071 = CARTESIAN_POINT('',(-1.765,2.525,5.E-02));
#1072 = LINE('',#1073,#1074);
#1073 = CARTESIAN_POINT('',(-1.765,2.525,5.E-02));
#1074 = VECTOR('',#1075,1.);
#1075 = DIRECTION('',(-1.,2.22044604925E-16,0.));
#1076 = ORIENTED_EDGE('',*,*,#1077,.F.);
#1077 = EDGE_CURVE('',#1078,#1070,#1080,.T.);
#1078 = VERTEX_POINT('',#1079);
#1079 = CARTESIAN_POINT('',(-1.765,2.525,0.55));
#1080 = LINE('',#1081,#1082);
#1081 = CARTESIAN_POINT('',(-1.765,2.525,0.55));
#1082 = VECTOR('',#1083,1.);
#1083 = DIRECTION('',(0.,0.,-1.));
#1084 = ORIENTED_EDGE('',*,*,#1085,.T.);
#1085 = EDGE_CURVE('',#1078,#1086,#1088,.T.);
#1086 = VERTEX_POINT('',#1087);
#1087 = CARTESIAN_POINT('',(-0.825,2.525,0.55));
#1088 = LINE('',#1089,#1090);
#1089 = CARTESIAN_POINT('',(-1.765,2.525,0.55));
#1090 = VECTOR('',#1091,1.);
#1091 = DIRECTION('',(1.,-2.22044604925E-16,0.));
#1092 = ORIENTED_EDGE('',*,*,#1093,.T.);
#1093 = EDGE_CURVE('',#1086,#1094,#1096,.T.);
#1094 = VERTEX_POINT('',#1095);
#1095 = CARTESIAN_POINT('',(-0.825,2.525,5.E-02));
#1096 = LINE('',#1097,#1098);
#1097 = CARTESIAN_POINT('',(-0.825,2.525,0.55));
#1098 = VECTOR('',#1099,1.);
#1099 = DIRECTION('',(0.,0.,-1.));
#1100 = ORIENTED_EDGE('',*,*,#1101,.F.);
#1101 = EDGE_CURVE('',#1102,#1094,#1104,.T.);
#1102 = VERTEX_POINT('',#1103);
#1103 = CARTESIAN_POINT('',(-0.495,2.525,5.E-02));
#1104 = LINE('',#1105,#1106);
#1105 = CARTESIAN_POINT('',(-0.495,2.525,5.E-02));
#1106 = VECTOR('',#1107,1.);
#1107 = DIRECTION('',(-1.,2.22044604925E-16,0.));
#1108 = ORIENTED_EDGE('',*,*,#1109,.F.);
#1109 = EDGE_CURVE('',#1110,#1102,#1112,.T.);
#1110 = VERTEX_POINT('',#1111);
#1111 = CARTESIAN_POINT('',(-0.495,2.525,0.55));
#1112 = LINE('',#1113,#1114);
#1113 = CARTESIAN_POINT('',(-0.495,2.525,0.55));
#1114 = VECTOR('',#1115,1.);
#1115 = DIRECTION('',(0.,0.,-1.));
#1116 = ORIENTED_EDGE('',*,*,#1117,.T.);
#1117 = EDGE_CURVE('',#1110,#1118,#1120,.T.);
#1118 = VERTEX_POINT('',#1119);
#1119 = CARTESIAN_POINT('',(0.445,2.525,0.55));
#1120 = LINE('',#1121,#1122);
#1121 = CARTESIAN_POINT('',(-0.495,2.525,0.55));
#1122 = VECTOR('',#1123,1.);
#1123 = DIRECTION('',(1.,-2.22044604925E-16,0.));
#1124 = ORIENTED_EDGE('',*,*,#1125,.T.);
#1125 = EDGE_CURVE('',#1118,#1126,#1128,.T.);
#1126 = VERTEX_POINT('',#1127);
#1127 = CARTESIAN_POINT('',(0.445,2.525,5.E-02));
#1128 = LINE('',#1129,#1130);
#1129 = CARTESIAN_POINT('',(0.445,2.525,0.55));
#1130 = VECTOR('',#1131,1.);
#1131 = DIRECTION('',(0.,0.,-1.));
#1132 = ORIENTED_EDGE('',*,*,#1133,.F.);
#1133 = EDGE_CURVE('',#1134,#1126,#1136,.T.);
#1134 = VERTEX_POINT('',#1135);
#1135 = CARTESIAN_POINT('',(0.775,2.525,5.E-02));
#1136 = LINE('',#1137,#1138);
#1137 = CARTESIAN_POINT('',(0.775,2.525,5.E-02));
#1138 = VECTOR('',#1139,1.);
#1139 = DIRECTION('',(-1.,2.22044604925E-16,0.));
#1140 = ORIENTED_EDGE('',*,*,#1141,.F.);
#1141 = EDGE_CURVE('',#1142,#1134,#1144,.T.);
#1142 = VERTEX_POINT('',#1143);
#1143 = CARTESIAN_POINT('',(0.775,2.525,0.55));
#1144 = LINE('',#1145,#1146);
#1145 = CARTESIAN_POINT('',(0.775,2.525,0.55));
#1146 = VECTOR('',#1147,1.);
#1147 = DIRECTION('',(0.,0.,-1.));
#1148 = ORIENTED_EDGE('',*,*,#1149,.T.);
#1149 = EDGE_CURVE('',#1142,#1150,#1152,.T.);
#1150 = VERTEX_POINT('',#1151);
#1151 = CARTESIAN_POINT('',(1.715,2.525,0.55));
#1152 = LINE('',#1153,#1154);
#1153 = CARTESIAN_POINT('',(0.775,2.525,0.55));
#1154 = VECTOR('',#1155,1.);
#1155 = DIRECTION('',(1.,-2.22044604925E-16,0.));
#1156 = ORIENTED_EDGE('',*,*,#1157,.T.);
#1157 = EDGE_CURVE('',#1150,#1158,#1160,.T.);
#1158 = VERTEX_POINT('',#1159);
#1159 = CARTESIAN_POINT('',(1.715,2.525,5.E-02));
#1160 = LINE('',#1161,#1162);
#1161 = CARTESIAN_POINT('',(1.715,2.525,0.55));
#1162 = VECTOR('',#1163,1.);
#1163 = DIRECTION('',(0.,0.,-1.));
#1164 = ORIENTED_EDGE('',*,*,#1165,.F.);
#1165 = EDGE_CURVE('',#1166,#1158,#1168,.T.);
#1166 = VERTEX_POINT('',#1167);
#1167 = CARTESIAN_POINT('',(2.045,2.525,5.E-02));
#1168 = LINE('',#1169,#1170);
#1169 = CARTESIAN_POINT('',(2.045,2.525,5.E-02));
#1170 = VECTOR('',#1171,1.);
#1171 = DIRECTION('',(-1.,2.22044604925E-16,0.));
#1172 = ORIENTED_EDGE('',*,*,#1173,.F.);
#1173 = EDGE_CURVE('',#1174,#1166,#1176,.T.);
#1174 = VERTEX_POINT('',#1175);
#1175 = CARTESIAN_POINT('',(2.045,2.525,0.55));
#1176 = LINE('',#1177,#1178);
#1177 = CARTESIAN_POINT('',(2.045,2.525,0.55));
#1178 = VECTOR('',#1179,1.);
#1179 = DIRECTION('',(0.,0.,-1.));
#1180 = ORIENTED_EDGE('',*,*,#1181,.T.);
#1181 = EDGE_CURVE('',#1174,#1182,#1184,.T.);
#1182 = VERTEX_POINT('',#1183);
#1183 = CARTESIAN_POINT('',(2.985,2.525,0.55));
#1184 = LINE('',#1185,#1186);
#1185 = CARTESIAN_POINT('',(2.045,2.525,0.55));
#1186 = VECTOR('',#1187,1.);
#1187 = DIRECTION('',(1.,-2.22044604925E-16,0.));
#1188 = ORIENTED_EDGE('',*,*,#1189,.T.);
#1189 = EDGE_CURVE('',#1182,#1190,#1192,.T.);
#1190 = VERTEX_POINT('',#1191);
#1191 = CARTESIAN_POINT('',(2.985,2.525,5.E-02));
#1192 = LINE('',#1193,#1194);
#1193 = CARTESIAN_POINT('',(2.985,2.525,0.55));
#1194 = VECTOR('',#1195,1.);
#1195 = DIRECTION('',(0.,0.,-1.));
#1196 = ORIENTED_EDGE('',*,*,#1197,.F.);
#1197 = EDGE_CURVE('',#1037,#1190,#1198,.T.);
#1198 = LINE('',#1199,#1200);
#1199 = CARTESIAN_POINT('',(6.325,2.525,5.E-02));
#1200 = VECTOR('',#1201,1.);
#1201 = DIRECTION('',(-1.,2.22044604925E-16,0.));
#1202 = ORIENTED_EDGE('',*,*,#1036,.F.);
#1203 = ORIENTED_EDGE('',*,*,#110,.T.);
#1204 = ORIENTED_EDGE('',*,*,#47,.T.);
#1205 = ORIENTED_EDGE('',*,*,#1206,.F.);
#1206 = EDGE_CURVE('',#1207,#40,#1209,.T.);
#1207 = VERTEX_POINT('',#1208);
#1208 = CARTESIAN_POINT('',(-3.035,2.525,5.E-02));
#1209 = LINE('',#1210,#1211);
#1210 = CARTESIAN_POINT('',(-3.035,2.525,5.E-02));
#1211 = VECTOR('',#1212,1.);
#1212 = DIRECTION('',(-1.,2.22044604925E-16,0.));
#1213 = ORIENTED_EDGE('',*,*,#1214,.F.);
#1214 = EDGE_CURVE('',#1215,#1207,#1217,.T.);
#1215 = VERTEX_POINT('',#1216);
#1216 = CARTESIAN_POINT('',(-3.035,2.525,0.55));
#1217 = LINE('',#1218,#1219);
#1218 = CARTESIAN_POINT('',(-3.035,2.525,0.55));
#1219 = VECTOR('',#1220,1.);
#1220 = DIRECTION('',(0.,0.,-1.));
#1221 = ORIENTED_EDGE('',*,*,#1222,.T.);
#1222 = EDGE_CURVE('',#1215,#1060,#1223,.T.);
#1223 = LINE('',#1224,#1225);
#1224 = CARTESIAN_POINT('',(-3.035,2.525,0.55));
#1225 = VECTOR('',#1226,1.);
#1226 = DIRECTION('',(1.,-2.22044604925E-16,0.));
#1227 = PLANE('',#1228);
#1228 = AXIS2_PLACEMENT_3D('',#1229,#1230,#1231);
#1229 = CARTESIAN_POINT('',(-6.375,2.525,5.E-02));
#1230 = DIRECTION('',(2.22044604925E-16,1.,0.));
#1231 = DIRECTION('',(0.,0.,1.));
#1232 = ADVANCED_FACE('',(#1233),#1249,.F.);
#1233 = FACE_BOUND('',#1234,.F.);
#1234 = EDGE_LOOP('',(#1235,#1241,#1242,#1248));
#1235 = ORIENTED_EDGE('',*,*,#1236,.T.);
#1236 = EDGE_CURVE('',#1060,#970,#1237,.T.);
#1237 = LINE('',#1238,#1239);
#1238 = CARTESIAN_POINT('',(-2.095,2.525,0.55));
#1239 = VECTOR('',#1240,1.);
#1240 = DIRECTION('',(-2.22044604925E-16,-1.,0.));
#1241 = ORIENTED_EDGE('',*,*,#969,.T.);
#1242 = ORIENTED_EDGE('',*,*,#1243,.F.);
#1243 = EDGE_CURVE('',#1062,#962,#1244,.T.);
#1244 = LINE('',#1245,#1246);
#1245 = CARTESIAN_POINT('',(-2.095,2.525,5.E-02));
#1246 = VECTOR('',#1247,1.);
#1247 = DIRECTION('',(-2.22044604925E-16,-1.,0.));
#1248 = ORIENTED_EDGE('',*,*,#1059,.F.);
#1249 = PLANE('',#1250);
#1250 = AXIS2_PLACEMENT_3D('',#1251,#1252,#1253);
#1251 = CARTESIAN_POINT('',(-2.095,-2.475,5.E-02));
#1252 = DIRECTION('',(1.,-2.22044604925E-16,0.));
#1253 = DIRECTION('',(0.,0.,1.));
#1254 = ADVANCED_FACE('',(#1255,#1266,#1300),#1334,.F.);
#1255 = FACE_BOUND('',#1256,.F.);
#1256 = EDGE_LOOP('',(#1257,#1258,#1259,#1265));
#1257 = ORIENTED_EDGE('',*,*,#1236,.F.);
#1258 = ORIENTED_EDGE('',*,*,#1222,.F.);
#1259 = ORIENTED_EDGE('',*,*,#1260,.T.);
#1260 = EDGE_CURVE('',#1215,#978,#1261,.T.);
#1261 = LINE('',#1262,#1263);
#1262 = CARTESIAN_POINT('',(-3.035,2.525,0.55));
#1263 = VECTOR('',#1264,1.);
#1264 = DIRECTION('',(-2.22044604925E-16,-1.,0.));
#1265 = ORIENTED_EDGE('',*,*,#977,.T.);
#1266 = FACE_BOUND('',#1267,.F.);
#1267 = EDGE_LOOP('',(#1268,#1278,#1286,#1294));
#1268 = ORIENTED_EDGE('',*,*,#1269,.T.);
#1269 = EDGE_CURVE('',#1270,#1272,#1274,.T.);
#1270 = VERTEX_POINT('',#1271);
#1271 = CARTESIAN_POINT('',(-2.815,-0.86,0.55));
#1272 = VERTEX_POINT('',#1273);
#1273 = CARTESIAN_POINT('',(-2.815,-0.36,0.55));
#1274 = LINE('',#1275,#1276);
#1275 = CARTESIAN_POINT('',(-2.815,-0.86,0.55));
#1276 = VECTOR('',#1277,1.);
#1277 = DIRECTION('',(2.22044604925E-16,1.,0.));
#1278 = ORIENTED_EDGE('',*,*,#1279,.T.);
#1279 = EDGE_CURVE('',#1272,#1280,#1282,.T.);
#1280 = VERTEX_POINT('',#1281);
#1281 = CARTESIAN_POINT('',(-2.315,-0.36,0.55));
#1282 = LINE('',#1283,#1284);
#1283 = CARTESIAN_POINT('',(-2.815,-0.36,0.55));
#1284 = VECTOR('',#1285,1.);
#1285 = DIRECTION('',(1.,-2.22044604925E-16,0.));
#1286 = ORIENTED_EDGE('',*,*,#1287,.T.);
#1287 = EDGE_CURVE('',#1280,#1288,#1290,.T.);
#1288 = VERTEX_POINT('',#1289);
#1289 = CARTESIAN_POINT('',(-2.315,-0.86,0.55));
#1290 = LINE('',#1291,#1292);
#1291 = CARTESIAN_POINT('',(-2.315,-0.36,0.55));
#1292 = VECTOR('',#1293,1.);
#1293 = DIRECTION('',(-2.22044604925E-16,-1.,0.));
#1294 = ORIENTED_EDGE('',*,*,#1295,.T.);
#1295 = EDGE_CURVE('',#1288,#1270,#1296,.T.);
#1296 = LINE('',#1297,#1298);
#1297 = CARTESIAN_POINT('',(-2.315,-0.86,0.55));
#1298 = VECTOR('',#1299,1.);
#1299 = DIRECTION('',(-1.,2.22044604925E-16,0.));
#1300 = FACE_BOUND('',#1301,.F.);
#1301 = EDGE_LOOP('',(#1302,#1312,#1320,#1328));
#1302 = ORIENTED_EDGE('',*,*,#1303,.T.);
#1303 = EDGE_CURVE('',#1304,#1306,#1308,.T.);
#1304 = VERTEX_POINT('',#1305);
#1305 = CARTESIAN_POINT('',(-2.315,0.91,0.55));
#1306 = VERTEX_POINT('',#1307);
#1307 = CARTESIAN_POINT('',(-2.315,0.41,0.55));
#1308 = LINE('',#1309,#1310);
#1309 = CARTESIAN_POINT('',(-2.315,0.91,0.55));
#1310 = VECTOR('',#1311,1.);
#1311 = DIRECTION('',(-2.22044604925E-16,-1.,0.));
#1312 = ORIENTED_EDGE('',*,*,#1313,.T.);
#1313 = EDGE_CURVE('',#1306,#1314,#1316,.T.);
#1314 = VERTEX_POINT('',#1315);
#1315 = CARTESIAN_POINT('',(-2.815,0.41,0.55));
#1316 = LINE('',#1317,#1318);
#1317 = CARTESIAN_POINT('',(-2.315,0.41,0.55));
#1318 = VECTOR('',#1319,1.);
#1319 = DIRECTION('',(-1.,2.22044604925E-16,0.));
#1320 = ORIENTED_EDGE('',*,*,#1321,.T.);
#1321 = EDGE_CURVE('',#1314,#1322,#1324,.T.);
#1322 = VERTEX_POINT('',#1323);
#1323 = CARTESIAN_POINT('',(-2.815,0.91,0.55));
#1324 = LINE('',#1325,#1326);
#1325 = CARTESIAN_POINT('',(-2.815,0.41,0.55));
#1326 = VECTOR('',#1327,1.);
#1327 = DIRECTION('',(2.22044604925E-16,1.,0.));
#1328 = ORIENTED_EDGE('',*,*,#1329,.T.);
#1329 = EDGE_CURVE('',#1322,#1304,#1330,.T.);
#1330 = LINE('',#1331,#1332);
#1331 = CARTESIAN_POINT('',(-2.815,0.91,0.55));
#1332 = VECTOR('',#1333,1.);
#1333 = DIRECTION('',(1.,-2.22044604925E-16,0.));
#1334 = PLANE('',#1335);
#1335 = AXIS2_PLACEMENT_3D('',#1336,#1337,#1338);
#1336 = CARTESIAN_POINT('',(-2.095,-2.475,0.55));
#1337 = DIRECTION('',(0.,0.,1.));
#1338 = DIRECTION('',(-1.,2.22044604925E-16,0.));
#1339 = ADVANCED_FACE('',(#1340),#1351,.F.);
#1340 = FACE_BOUND('',#1341,.F.);
#1341 = EDGE_LOOP('',(#1342,#1343,#1344,#1350));
#1342 = ORIENTED_EDGE('',*,*,#1260,.F.);
#1343 = ORIENTED_EDGE('',*,*,#1214,.T.);
#1344 = ORIENTED_EDGE('',*,*,#1345,.T.);
#1345 = EDGE_CURVE('',#1207,#986,#1346,.T.);
#1346 = LINE('',#1347,#1348);
#1347 = CARTESIAN_POINT('',(-3.035,2.525,5.E-02));
#1348 = VECTOR('',#1349,1.);
#1349 = DIRECTION('',(-2.22044604925E-16,-1.,0.));
#1350 = ORIENTED_EDGE('',*,*,#985,.F.);
#1351 = PLANE('',#1352);
#1352 = AXIS2_PLACEMENT_3D('',#1353,#1354,#1355);
#1353 = CARTESIAN_POINT('',(-3.035,-2.475,0.55));
#1354 = DIRECTION('',(-1.,2.22044604925E-16,0.));
#1355 = DIRECTION('',(0.,0.,-1.));
#1356 = ADVANCED_FACE('',(#1357),#1363,.T.);
#1357 = FACE_BOUND('',#1358,.F.);
#1358 = EDGE_LOOP('',(#1359,#1360,#1361,#1362));
#1359 = ORIENTED_EDGE('',*,*,#1345,.F.);
#1360 = ORIENTED_EDGE('',*,*,#1206,.T.);
#1361 = ORIENTED_EDGE('',*,*,#39,.T.);
#1362 = ORIENTED_EDGE('',*,*,#993,.F.);
#1363 = PLANE('',#1364);
#1364 = AXIS2_PLACEMENT_3D('',#1365,#1366,#1367);
#1365 = CARTESIAN_POINT('',(-6.375,-2.475,5.E-02));
#1366 = DIRECTION('',(0.,0.,-1.));
#1367 = DIRECTION('',(2.22044604925E-16,1.,0.));
#1368 = ADVANCED_FACE('',(#1369),#1394,.T.);
#1369 = FACE_BOUND('',#1370,.F.);
#1370 = EDGE_LOOP('',(#1371,#1381,#1387,#1388));
#1371 = ORIENTED_EDGE('',*,*,#1372,.T.);
#1372 = EDGE_CURVE('',#1373,#1375,#1377,.T.);
#1373 = VERTEX_POINT('',#1374);
#1374 = CARTESIAN_POINT('',(-2.765,-0.81,0.6));
#1375 = VERTEX_POINT('',#1376);
#1376 = CARTESIAN_POINT('',(-2.765,-0.41,0.6));
#1377 = LINE('',#1378,#1379);
#1378 = CARTESIAN_POINT('',(-2.765,-0.81,0.6));
#1379 = VECTOR('',#1380,1.);
#1380 = DIRECTION('',(2.22044604925E-16,1.,0.));
#1381 = ORIENTED_EDGE('',*,*,#1382,.F.);
#1382 = EDGE_CURVE('',#1272,#1375,#1383,.T.);
#1383 = LINE('',#1384,#1385);
#1384 = CARTESIAN_POINT('',(-2.815,-0.36,0.55));
#1385 = VECTOR('',#1386,1.);
#1386 = DIRECTION('',(0.57735026919,-0.57735026919,0.57735026919));
#1387 = ORIENTED_EDGE('',*,*,#1269,.F.);
#1388 = ORIENTED_EDGE('',*,*,#1389,.T.);
#1389 = EDGE_CURVE('',#1270,#1373,#1390,.T.);
#1390 = LINE('',#1391,#1392);
#1391 = CARTESIAN_POINT('',(-2.815,-0.86,0.55));
#1392 = VECTOR('',#1393,1.);
#1393 = DIRECTION('',(0.57735026919,0.57735026919,0.57735026919));
#1394 = PLANE('',#1395);
#1395 = AXIS2_PLACEMENT_3D('',#1396,#1397,#1398);
#1396 = CARTESIAN_POINT('',(-2.79,-0.61,0.575));
#1397 = DIRECTION('',(0.707106781187,-1.570092458684E-16,-0.707106781187
    ));
#1398 = DIRECTION('',(0.707106781187,-1.570092458684E-16,0.707106781187)
  );
#1399 = ADVANCED_FACE('',(#1400),#1416,.F.);
#1400 = FACE_BOUND('',#1401,.F.);
#1401 = EDGE_LOOP('',(#1402,#1403,#1409,#1410));
#1402 = ORIENTED_EDGE('',*,*,#1372,.F.);
#1403 = ORIENTED_EDGE('',*,*,#1404,.F.);
#1404 = EDGE_CURVE('',#526,#1373,#1405,.T.);
#1405 = LINE('',#1406,#1407);
#1406 = CARTESIAN_POINT('',(-2.765,-0.81,1.85));
#1407 = VECTOR('',#1408,1.);
#1408 = DIRECTION('',(0.,0.,-1.));
#1409 = ORIENTED_EDGE('',*,*,#525,.F.);
#1410 = ORIENTED_EDGE('',*,*,#1411,.T.);
#1411 = EDGE_CURVE('',#518,#1375,#1412,.T.);
#1412 = LINE('',#1413,#1414);
#1413 = CARTESIAN_POINT('',(-2.765,-0.41,1.85));
#1414 = VECTOR('',#1415,1.);
#1415 = DIRECTION('',(0.,0.,-1.));
#1416 = PLANE('',#1417);
#1417 = AXIS2_PLACEMENT_3D('',#1418,#1419,#1420);
#1418 = CARTESIAN_POINT('',(-2.765,-0.81,0.55));
#1419 = DIRECTION('',(-1.,2.22044604925E-16,0.));
#1420 = DIRECTION('',(2.22044604925E-16,1.,0.));
#1421 = ADVANCED_FACE('',(#1422),#1440,.F.);
#1422 = FACE_BOUND('',#1423,.F.);
#1423 = EDGE_LOOP('',(#1424,#1432,#1438,#1439));
#1424 = ORIENTED_EDGE('',*,*,#1425,.F.);
#1425 = EDGE_CURVE('',#1426,#1373,#1428,.T.);
#1426 = VERTEX_POINT('',#1427);
#1427 = CARTESIAN_POINT('',(-2.365,-0.81,0.6));
#1428 = LINE('',#1429,#1430);
#1429 = CARTESIAN_POINT('',(-2.365,-0.81,0.6));
#1430 = VECTOR('',#1431,1.);
#1431 = DIRECTION('',(-1.,2.22044604925E-16,0.));
#1432 = ORIENTED_EDGE('',*,*,#1433,.F.);
#1433 = EDGE_CURVE('',#534,#1426,#1434,.T.);
#1434 = LINE('',#1435,#1436);
#1435 = CARTESIAN_POINT('',(-2.365,-0.81,1.85));
#1436 = VECTOR('',#1437,1.);
#1437 = DIRECTION('',(0.,0.,-1.));
#1438 = ORIENTED_EDGE('',*,*,#533,.F.);
#1439 = ORIENTED_EDGE('',*,*,#1404,.T.);
#1440 = PLANE('',#1441);
#1441 = AXIS2_PLACEMENT_3D('',#1442,#1443,#1444);
#1442 = CARTESIAN_POINT('',(-2.365,-0.81,0.55));
#1443 = DIRECTION('',(-2.22044604925E-16,-1.,0.));
#1444 = DIRECTION('',(-1.,2.22044604925E-16,0.));
#1445 = ADVANCED_FACE('',(#1446),#1457,.T.);
#1446 = FACE_BOUND('',#1447,.F.);
#1447 = EDGE_LOOP('',(#1448,#1449,#1455,#1456));
#1448 = ORIENTED_EDGE('',*,*,#1295,.F.);
#1449 = ORIENTED_EDGE('',*,*,#1450,.T.);
#1450 = EDGE_CURVE('',#1288,#1426,#1451,.T.);
#1451 = LINE('',#1452,#1453);
#1452 = CARTESIAN_POINT('',(-2.315,-0.86,0.55));
#1453 = VECTOR('',#1454,1.);
#1454 = DIRECTION('',(-0.57735026919,0.57735026919,0.57735026919));
#1455 = ORIENTED_EDGE('',*,*,#1425,.T.);
#1456 = ORIENTED_EDGE('',*,*,#1389,.F.);
#1457 = PLANE('',#1458);
#1458 = AXIS2_PLACEMENT_3D('',#1459,#1460,#1461);
#1459 = CARTESIAN_POINT('',(-2.565,-0.835,0.575));
#1460 = DIRECTION('',(1.570092458684E-16,0.707106781187,-0.707106781187)
  );
#1461 = DIRECTION('',(1.570092458684E-16,0.707106781187,0.707106781187)
  );
#1462 = ADVANCED_FACE('',(#1463),#1481,.T.);
#1463 = FACE_BOUND('',#1464,.F.);
#1464 = EDGE_LOOP('',(#1465,#1466,#1474,#1480));
#1465 = ORIENTED_EDGE('',*,*,#1287,.F.);
#1466 = ORIENTED_EDGE('',*,*,#1467,.T.);
#1467 = EDGE_CURVE('',#1280,#1468,#1470,.T.);
#1468 = VERTEX_POINT('',#1469);
#1469 = CARTESIAN_POINT('',(-2.365,-0.41,0.6));
#1470 = LINE('',#1471,#1472);
#1471 = CARTESIAN_POINT('',(-2.315,-0.36,0.55));
#1472 = VECTOR('',#1473,1.);
#1473 = DIRECTION('',(-0.57735026919,-0.57735026919,0.57735026919));
#1474 = ORIENTED_EDGE('',*,*,#1475,.T.);
#1475 = EDGE_CURVE('',#1468,#1426,#1476,.T.);
#1476 = LINE('',#1477,#1478);
#1477 = CARTESIAN_POINT('',(-2.365,-0.41,0.6));
#1478 = VECTOR('',#1479,1.);
#1479 = DIRECTION('',(-2.22044604925E-16,-1.,0.));
#1480 = ORIENTED_EDGE('',*,*,#1450,.F.);
#1481 = PLANE('',#1482);
#1482 = AXIS2_PLACEMENT_3D('',#1483,#1484,#1485);
#1483 = CARTESIAN_POINT('',(-2.34,-0.61,0.575));
#1484 = DIRECTION('',(-0.707106781187,1.570092458684E-16,-0.707106781187
    ));
#1485 = DIRECTION('',(-0.707106781187,1.570092458684E-16,0.707106781187)
  );
#1486 = ADVANCED_FACE('',(#1487),#1498,.T.);
#1487 = FACE_BOUND('',#1488,.F.);
#1488 = EDGE_LOOP('',(#1489,#1495,#1496,#1497));
#1489 = ORIENTED_EDGE('',*,*,#1490,.T.);
#1490 = EDGE_CURVE('',#1375,#1468,#1491,.T.);
#1491 = LINE('',#1492,#1493);
#1492 = CARTESIAN_POINT('',(-2.765,-0.41,0.6));
#1493 = VECTOR('',#1494,1.);
#1494 = DIRECTION('',(1.,-2.22044604925E-16,0.));
#1495 = ORIENTED_EDGE('',*,*,#1467,.F.);
#1496 = ORIENTED_EDGE('',*,*,#1279,.F.);
#1497 = ORIENTED_EDGE('',*,*,#1382,.T.);
#1498 = PLANE('',#1499);
#1499 = AXIS2_PLACEMENT_3D('',#1500,#1501,#1502);
#1500 = CARTESIAN_POINT('',(-2.565,-0.385,0.575));
#1501 = DIRECTION('',(-1.570092458684E-16,-0.707106781187,
    -0.707106781187));
#1502 = DIRECTION('',(-1.570092458684E-16,-0.707106781187,0.707106781187
    ));
#1503 = ADVANCED_FACE('',(#1504),#1515,.F.);
#1504 = FACE_BOUND('',#1505,.F.);
#1505 = EDGE_LOOP('',(#1506,#1507,#1508,#1509));
#1506 = ORIENTED_EDGE('',*,*,#1490,.F.);
#1507 = ORIENTED_EDGE('',*,*,#1411,.F.);
#1508 = ORIENTED_EDGE('',*,*,#515,.F.);
#1509 = ORIENTED_EDGE('',*,*,#1510,.T.);
#1510 = EDGE_CURVE('',#516,#1468,#1511,.T.);
#1511 = LINE('',#1512,#1513);
#1512 = CARTESIAN_POINT('',(-2.365,-0.41,1.85));
#1513 = VECTOR('',#1514,1.);
#1514 = DIRECTION('',(0.,0.,-1.));
#1515 = PLANE('',#1516);
#1516 = AXIS2_PLACEMENT_3D('',#1517,#1518,#1519);
#1517 = CARTESIAN_POINT('',(-2.765,-0.41,0.55));
#1518 = DIRECTION('',(2.22044604925E-16,1.,0.));
#1519 = DIRECTION('',(1.,-2.22044604925E-16,0.));
#1520 = ADVANCED_FACE('',(#1521),#1527,.F.);
#1521 = FACE_BOUND('',#1522,.F.);
#1522 = EDGE_LOOP('',(#1523,#1524,#1525,#1526));
#1523 = ORIENTED_EDGE('',*,*,#1475,.F.);
#1524 = ORIENTED_EDGE('',*,*,#1510,.F.);
#1525 = ORIENTED_EDGE('',*,*,#541,.F.);
#1526 = ORIENTED_EDGE('',*,*,#1433,.T.);
#1527 = PLANE('',#1528);
#1528 = AXIS2_PLACEMENT_3D('',#1529,#1530,#1531);
#1529 = CARTESIAN_POINT('',(-2.365,-0.41,0.55));
#1530 = DIRECTION('',(1.,-2.22044604925E-16,0.));
#1531 = DIRECTION('',(-2.22044604925E-16,-1.,0.));
#1532 = ADVANCED_FACE('',(#1533),#1558,.T.);
#1533 = FACE_BOUND('',#1534,.F.);
#1534 = EDGE_LOOP('',(#1535,#1536,#1544,#1552));
#1535 = ORIENTED_EDGE('',*,*,#1303,.F.);
#1536 = ORIENTED_EDGE('',*,*,#1537,.T.);
#1537 = EDGE_CURVE('',#1304,#1538,#1540,.T.);
#1538 = VERTEX_POINT('',#1539);
#1539 = CARTESIAN_POINT('',(-2.365,0.86,0.6));
#1540 = LINE('',#1541,#1542);
#1541 = CARTESIAN_POINT('',(-2.315,0.91,0.55));
#1542 = VECTOR('',#1543,1.);
#1543 = DIRECTION('',(-0.57735026919,-0.57735026919,0.57735026919));
#1544 = ORIENTED_EDGE('',*,*,#1545,.T.);
#1545 = EDGE_CURVE('',#1538,#1546,#1548,.T.);
#1546 = VERTEX_POINT('',#1547);
#1547 = CARTESIAN_POINT('',(-2.365,0.46,0.6));
#1548 = LINE('',#1549,#1550);
#1549 = CARTESIAN_POINT('',(-2.365,0.86,0.6));
#1550 = VECTOR('',#1551,1.);
#1551 = DIRECTION('',(-2.22044604925E-16,-1.,0.));
#1552 = ORIENTED_EDGE('',*,*,#1553,.F.);
#1553 = EDGE_CURVE('',#1306,#1546,#1554,.T.);
#1554 = LINE('',#1555,#1556);
#1555 = CARTESIAN_POINT('',(-2.315,0.41,0.55));
#1556 = VECTOR('',#1557,1.);
#1557 = DIRECTION('',(-0.57735026919,0.57735026919,0.57735026919));
#1558 = PLANE('',#1559);
#1559 = AXIS2_PLACEMENT_3D('',#1560,#1561,#1562);
#1560 = CARTESIAN_POINT('',(-2.34,0.66,0.575));
#1561 = DIRECTION('',(-0.707106781187,1.570092458684E-16,-0.707106781187
    ));
#1562 = DIRECTION('',(-0.707106781187,1.570092458684E-16,0.707106781187)
  );
#1563 = ADVANCED_FACE('',(#1564),#1582,.T.);
#1564 = FACE_BOUND('',#1565,.F.);
#1565 = EDGE_LOOP('',(#1566,#1567,#1575,#1581));
#1566 = ORIENTED_EDGE('',*,*,#1329,.F.);
#1567 = ORIENTED_EDGE('',*,*,#1568,.T.);
#1568 = EDGE_CURVE('',#1322,#1569,#1571,.T.);
#1569 = VERTEX_POINT('',#1570);
#1570 = CARTESIAN_POINT('',(-2.765,0.86,0.6));
#1571 = LINE('',#1572,#1573);
#1572 = CARTESIAN_POINT('',(-2.815,0.91,0.55));
#1573 = VECTOR('',#1574,1.);
#1574 = DIRECTION('',(0.57735026919,-0.57735026919,0.57735026919));
#1575 = ORIENTED_EDGE('',*,*,#1576,.T.);
#1576 = EDGE_CURVE('',#1569,#1538,#1577,.T.);
#1577 = LINE('',#1578,#1579);
#1578 = CARTESIAN_POINT('',(-2.765,0.86,0.6));
#1579 = VECTOR('',#1580,1.);
#1580 = DIRECTION('',(1.,-2.22044604925E-16,0.));
#1581 = ORIENTED_EDGE('',*,*,#1537,.F.);
#1582 = PLANE('',#1583);
#1583 = AXIS2_PLACEMENT_3D('',#1584,#1585,#1586);
#1584 = CARTESIAN_POINT('',(-2.565,0.885,0.575));
#1585 = DIRECTION('',(-1.570092458684E-16,-0.707106781187,
    -0.707106781187));
#1586 = DIRECTION('',(-1.570092458684E-16,-0.707106781187,0.707106781187
    ));
#1587 = ADVANCED_FACE('',(#1588),#1606,.T.);
#1588 = FACE_BOUND('',#1589,.F.);
#1589 = EDGE_LOOP('',(#1590,#1598,#1599,#1600));
#1590 = ORIENTED_EDGE('',*,*,#1591,.T.);
#1591 = EDGE_CURVE('',#1592,#1569,#1594,.T.);
#1592 = VERTEX_POINT('',#1593);
#1593 = CARTESIAN_POINT('',(-2.765,0.46,0.6));
#1594 = LINE('',#1595,#1596);
#1595 = CARTESIAN_POINT('',(-2.765,0.46,0.6));
#1596 = VECTOR('',#1597,1.);
#1597 = DIRECTION('',(2.22044604925E-16,1.,0.));
#1598 = ORIENTED_EDGE('',*,*,#1568,.F.);
#1599 = ORIENTED_EDGE('',*,*,#1321,.F.);
#1600 = ORIENTED_EDGE('',*,*,#1601,.T.);
#1601 = EDGE_CURVE('',#1314,#1592,#1602,.T.);
#1602 = LINE('',#1603,#1604);
#1603 = CARTESIAN_POINT('',(-2.815,0.41,0.55));
#1604 = VECTOR('',#1605,1.);
#1605 = DIRECTION('',(0.57735026919,0.57735026919,0.57735026919));
#1606 = PLANE('',#1607);
#1607 = AXIS2_PLACEMENT_3D('',#1608,#1609,#1610);
#1608 = CARTESIAN_POINT('',(-2.79,0.66,0.575));
#1609 = DIRECTION('',(0.707106781187,-1.570092458684E-16,-0.707106781187
    ));
#1610 = DIRECTION('',(0.707106781187,-1.570092458684E-16,0.707106781187)
  );
#1611 = ADVANCED_FACE('',(#1612),#1628,.F.);
#1612 = FACE_BOUND('',#1613,.F.);
#1613 = EDGE_LOOP('',(#1614,#1615,#1621,#1622));
#1614 = ORIENTED_EDGE('',*,*,#1591,.F.);
#1615 = ORIENTED_EDGE('',*,*,#1616,.F.);
#1616 = EDGE_CURVE('',#484,#1592,#1617,.T.);
#1617 = LINE('',#1618,#1619);
#1618 = CARTESIAN_POINT('',(-2.765,0.46,1.85));
#1619 = VECTOR('',#1620,1.);
#1620 = DIRECTION('',(0.,0.,-1.));
#1621 = ORIENTED_EDGE('',*,*,#481,.F.);
#1622 = ORIENTED_EDGE('',*,*,#1623,.T.);
#1623 = EDGE_CURVE('',#482,#1569,#1624,.T.);
#1624 = LINE('',#1625,#1626);
#1625 = CARTESIAN_POINT('',(-2.765,0.86,1.85));
#1626 = VECTOR('',#1627,1.);
#1627 = DIRECTION('',(0.,0.,-1.));
#1628 = PLANE('',#1629);
#1629 = AXIS2_PLACEMENT_3D('',#1630,#1631,#1632);
#1630 = CARTESIAN_POINT('',(-2.765,0.46,0.55));
#1631 = DIRECTION('',(-1.,2.22044604925E-16,0.));
#1632 = DIRECTION('',(2.22044604925E-16,1.,0.));
#1633 = ADVANCED_FACE('',(#1634),#1650,.F.);
#1634 = FACE_BOUND('',#1635,.F.);
#1635 = EDGE_LOOP('',(#1636,#1642,#1648,#1649));
#1636 = ORIENTED_EDGE('',*,*,#1637,.F.);
#1637 = EDGE_CURVE('',#1546,#1592,#1638,.T.);
#1638 = LINE('',#1639,#1640);
#1639 = CARTESIAN_POINT('',(-2.365,0.46,0.6));
#1640 = VECTOR('',#1641,1.);
#1641 = DIRECTION('',(-1.,2.22044604925E-16,0.));
#1642 = ORIENTED_EDGE('',*,*,#1643,.F.);
#1643 = EDGE_CURVE('',#492,#1546,#1644,.T.);
#1644 = LINE('',#1645,#1646);
#1645 = CARTESIAN_POINT('',(-2.365,0.46,1.85));
#1646 = VECTOR('',#1647,1.);
#1647 = DIRECTION('',(0.,0.,-1.));
#1648 = ORIENTED_EDGE('',*,*,#491,.F.);
#1649 = ORIENTED_EDGE('',*,*,#1616,.T.);
#1650 = PLANE('',#1651);
#1651 = AXIS2_PLACEMENT_3D('',#1652,#1653,#1654);
#1652 = CARTESIAN_POINT('',(-2.365,0.46,0.55));
#1653 = DIRECTION('',(-2.22044604925E-16,-1.,0.));
#1654 = DIRECTION('',(-1.,2.22044604925E-16,0.));
#1655 = ADVANCED_FACE('',(#1656),#1662,.T.);
#1656 = FACE_BOUND('',#1657,.F.);
#1657 = EDGE_LOOP('',(#1658,#1659,#1660,#1661));
#1658 = ORIENTED_EDGE('',*,*,#1637,.T.);
#1659 = ORIENTED_EDGE('',*,*,#1601,.F.);
#1660 = ORIENTED_EDGE('',*,*,#1313,.F.);
#1661 = ORIENTED_EDGE('',*,*,#1553,.T.);
#1662 = PLANE('',#1663);
#1663 = AXIS2_PLACEMENT_3D('',#1664,#1665,#1666);
#1664 = CARTESIAN_POINT('',(-2.565,0.435,0.575));
#1665 = DIRECTION('',(1.570092458684E-16,0.707106781187,-0.707106781187)
  );
#1666 = DIRECTION('',(1.570092458684E-16,0.707106781187,0.707106781187)
  );
#1667 = ADVANCED_FACE('',(#1668),#1679,.F.);
#1668 = FACE_BOUND('',#1669,.F.);
#1669 = EDGE_LOOP('',(#1670,#1671,#1677,#1678));
#1670 = ORIENTED_EDGE('',*,*,#1545,.F.);
#1671 = ORIENTED_EDGE('',*,*,#1672,.F.);
#1672 = EDGE_CURVE('',#500,#1538,#1673,.T.);
#1673 = LINE('',#1674,#1675);
#1674 = CARTESIAN_POINT('',(-2.365,0.86,1.85));
#1675 = VECTOR('',#1676,1.);
#1676 = DIRECTION('',(0.,0.,-1.));
#1677 = ORIENTED_EDGE('',*,*,#499,.F.);
#1678 = ORIENTED_EDGE('',*,*,#1643,.T.);
#1679 = PLANE('',#1680);
#1680 = AXIS2_PLACEMENT_3D('',#1681,#1682,#1683);
#1681 = CARTESIAN_POINT('',(-2.365,0.86,0.55));
#1682 = DIRECTION('',(1.,-2.22044604925E-16,0.));
#1683 = DIRECTION('',(-2.22044604925E-16,-1.,0.));
#1684 = ADVANCED_FACE('',(#1685),#1691,.F.);
#1685 = FACE_BOUND('',#1686,.F.);
#1686 = EDGE_LOOP('',(#1687,#1688,#1689,#1690));
#1687 = ORIENTED_EDGE('',*,*,#1576,.F.);
#1688 = ORIENTED_EDGE('',*,*,#1623,.F.);
#1689 = ORIENTED_EDGE('',*,*,#507,.F.);
#1690 = ORIENTED_EDGE('',*,*,#1672,.T.);
#1691 = PLANE('',#1692);
#1692 = AXIS2_PLACEMENT_3D('',#1693,#1694,#1695);
#1693 = CARTESIAN_POINT('',(-2.765,0.86,0.55));
#1694 = DIRECTION('',(2.22044604925E-16,1.,0.));
#1695 = DIRECTION('',(1.,-2.22044604925E-16,0.));
#1696 = ADVANCED_FACE('',(#1697),#1708,.T.);
#1697 = FACE_BOUND('',#1698,.F.);
#1698 = EDGE_LOOP('',(#1699,#1700,#1701,#1707));
#1699 = ORIENTED_EDGE('',*,*,#1243,.T.);
#1700 = ORIENTED_EDGE('',*,*,#961,.F.);
#1701 = ORIENTED_EDGE('',*,*,#1702,.F.);
#1702 = EDGE_CURVE('',#1070,#954,#1703,.T.);
#1703 = LINE('',#1704,#1705);
#1704 = CARTESIAN_POINT('',(-1.765,2.525,5.E-02));
#1705 = VECTOR('',#1706,1.);
#1706 = DIRECTION('',(-2.22044604925E-16,-1.,0.));
#1707 = ORIENTED_EDGE('',*,*,#1069,.T.);
#1708 = PLANE('',#1709);
#1709 = AXIS2_PLACEMENT_3D('',#1710,#1711,#1712);
#1710 = CARTESIAN_POINT('',(-6.375,-2.475,5.E-02));
#1711 = DIRECTION('',(0.,0.,-1.));
#1712 = DIRECTION('',(2.22044604925E-16,1.,0.));
#1713 = ADVANCED_FACE('',(#1714),#1725,.F.);
#1714 = FACE_BOUND('',#1715,.F.);
#1715 = EDGE_LOOP('',(#1716,#1722,#1723,#1724));
#1716 = ORIENTED_EDGE('',*,*,#1717,.F.);
#1717 = EDGE_CURVE('',#1078,#946,#1718,.T.);
#1718 = LINE('',#1719,#1720);
#1719 = CARTESIAN_POINT('',(-1.765,2.525,0.55));
#1720 = VECTOR('',#1721,1.);
#1721 = DIRECTION('',(-2.22044604925E-16,-1.,0.));
#1722 = ORIENTED_EDGE('',*,*,#1077,.T.);
#1723 = ORIENTED_EDGE('',*,*,#1702,.T.);
#1724 = ORIENTED_EDGE('',*,*,#953,.F.);
#1725 = PLANE('',#1726);
#1726 = AXIS2_PLACEMENT_3D('',#1727,#1728,#1729);
#1727 = CARTESIAN_POINT('',(-1.765,-2.475,0.55));
#1728 = DIRECTION('',(-1.,2.22044604925E-16,0.));
#1729 = DIRECTION('',(0.,0.,-1.));
#1730 = ADVANCED_FACE('',(#1731,#1742,#1776),#1810,.F.);
#1731 = FACE_BOUND('',#1732,.F.);
#1732 = EDGE_LOOP('',(#1733,#1739,#1740,#1741));
#1733 = ORIENTED_EDGE('',*,*,#1734,.F.);
#1734 = EDGE_CURVE('',#1086,#938,#1735,.T.);
#1735 = LINE('',#1736,#1737);
#1736 = CARTESIAN_POINT('',(-0.825,2.525,0.55));
#1737 = VECTOR('',#1738,1.);
#1738 = DIRECTION('',(-2.22044604925E-16,-1.,0.));
#1739 = ORIENTED_EDGE('',*,*,#1085,.F.);
#1740 = ORIENTED_EDGE('',*,*,#1717,.T.);
#1741 = ORIENTED_EDGE('',*,*,#945,.T.);
#1742 = FACE_BOUND('',#1743,.F.);
#1743 = EDGE_LOOP('',(#1744,#1754,#1762,#1770));
#1744 = ORIENTED_EDGE('',*,*,#1745,.T.);
#1745 = EDGE_CURVE('',#1746,#1748,#1750,.T.);
#1746 = VERTEX_POINT('',#1747);
#1747 = CARTESIAN_POINT('',(-1.545,-0.86,0.55));
#1748 = VERTEX_POINT('',#1749);
#1749 = CARTESIAN_POINT('',(-1.545,-0.36,0.55));
#1750 = LINE('',#1751,#1752);
#1751 = CARTESIAN_POINT('',(-1.545,-0.86,0.55));
#1752 = VECTOR('',#1753,1.);
#1753 = DIRECTION('',(2.22044604925E-16,1.,0.));
#1754 = ORIENTED_EDGE('',*,*,#1755,.T.);
#1755 = EDGE_CURVE('',#1748,#1756,#1758,.T.);
#1756 = VERTEX_POINT('',#1757);
#1757 = CARTESIAN_POINT('',(-1.045,-0.36,0.55));
#1758 = LINE('',#1759,#1760);
#1759 = CARTESIAN_POINT('',(-1.545,-0.36,0.55));
#1760 = VECTOR('',#1761,1.);
#1761 = DIRECTION('',(1.,-2.22044604925E-16,0.));
#1762 = ORIENTED_EDGE('',*,*,#1763,.T.);
#1763 = EDGE_CURVE('',#1756,#1764,#1766,.T.);
#1764 = VERTEX_POINT('',#1765);
#1765 = CARTESIAN_POINT('',(-1.045,-0.86,0.55));
#1766 = LINE('',#1767,#1768);
#1767 = CARTESIAN_POINT('',(-1.045,-0.36,0.55));
#1768 = VECTOR('',#1769,1.);
#1769 = DIRECTION('',(-2.22044604925E-16,-1.,0.));
#1770 = ORIENTED_EDGE('',*,*,#1771,.T.);
#1771 = EDGE_CURVE('',#1764,#1746,#1772,.T.);
#1772 = LINE('',#1773,#1774);
#1773 = CARTESIAN_POINT('',(-1.045,-0.86,0.55));
#1774 = VECTOR('',#1775,1.);
#1775 = DIRECTION('',(-1.,2.22044604925E-16,0.));
#1776 = FACE_BOUND('',#1777,.F.);
#1777 = EDGE_LOOP('',(#1778,#1788,#1796,#1804));
#1778 = ORIENTED_EDGE('',*,*,#1779,.T.);
#1779 = EDGE_CURVE('',#1780,#1782,#1784,.T.);
#1780 = VERTEX_POINT('',#1781);
#1781 = CARTESIAN_POINT('',(-1.045,0.91,0.55));
#1782 = VERTEX_POINT('',#1783);
#1783 = CARTESIAN_POINT('',(-1.045,0.41,0.55));
#1784 = LINE('',#1785,#1786);
#1785 = CARTESIAN_POINT('',(-1.045,0.91,0.55));
#1786 = VECTOR('',#1787,1.);
#1787 = DIRECTION('',(-2.22044604925E-16,-1.,0.));
#1788 = ORIENTED_EDGE('',*,*,#1789,.T.);
#1789 = EDGE_CURVE('',#1782,#1790,#1792,.T.);
#1790 = VERTEX_POINT('',#1791);
#1791 = CARTESIAN_POINT('',(-1.545,0.41,0.55));
#1792 = LINE('',#1793,#1794);
#1793 = CARTESIAN_POINT('',(-1.045,0.41,0.55));
#1794 = VECTOR('',#1795,1.);
#1795 = DIRECTION('',(-1.,2.22044604925E-16,0.));
#1796 = ORIENTED_EDGE('',*,*,#1797,.T.);
#1797 = EDGE_CURVE('',#1790,#1798,#1800,.T.);
#1798 = VERTEX_POINT('',#1799);
#1799 = CARTESIAN_POINT('',(-1.545,0.91,0.55));
#1800 = LINE('',#1801,#1802);
#1801 = CARTESIAN_POINT('',(-1.545,0.41,0.55));
#1802 = VECTOR('',#1803,1.);
#1803 = DIRECTION('',(2.22044604925E-16,1.,0.));
#1804 = ORIENTED_EDGE('',*,*,#1805,.T.);
#1805 = EDGE_CURVE('',#1798,#1780,#1806,.T.);
#1806 = LINE('',#1807,#1808);
#1807 = CARTESIAN_POINT('',(-1.545,0.91,0.55));
#1808 = VECTOR('',#1809,1.);
#1809 = DIRECTION('',(1.,-2.22044604925E-16,0.));
#1810 = PLANE('',#1811);
#1811 = AXIS2_PLACEMENT_3D('',#1812,#1813,#1814);
#1812 = CARTESIAN_POINT('',(-0.825,-2.475,0.55));
#1813 = DIRECTION('',(0.,0.,1.));
#1814 = DIRECTION('',(-1.,2.22044604925E-16,0.));
#1815 = ADVANCED_FACE('',(#1816),#1827,.F.);
#1816 = FACE_BOUND('',#1817,.F.);
#1817 = EDGE_LOOP('',(#1818,#1819,#1820,#1826));
#1818 = ORIENTED_EDGE('',*,*,#1734,.T.);
#1819 = ORIENTED_EDGE('',*,*,#937,.T.);
#1820 = ORIENTED_EDGE('',*,*,#1821,.F.);
#1821 = EDGE_CURVE('',#1094,#930,#1822,.T.);
#1822 = LINE('',#1823,#1824);
#1823 = CARTESIAN_POINT('',(-0.825,2.525,5.E-02));
#1824 = VECTOR('',#1825,1.);
#1825 = DIRECTION('',(-2.22044604925E-16,-1.,0.));
#1826 = ORIENTED_EDGE('',*,*,#1093,.F.);
#1827 = PLANE('',#1828);
#1828 = AXIS2_PLACEMENT_3D('',#1829,#1830,#1831);
#1829 = CARTESIAN_POINT('',(-0.825,-2.475,5.E-02));
#1830 = DIRECTION('',(1.,-2.22044604925E-16,0.));
#1831 = DIRECTION('',(0.,0.,1.));
#1832 = ADVANCED_FACE('',(#1833),#1844,.T.);
#1833 = FACE_BOUND('',#1834,.F.);
#1834 = EDGE_LOOP('',(#1835,#1836,#1837,#1843));
#1835 = ORIENTED_EDGE('',*,*,#1821,.T.);
#1836 = ORIENTED_EDGE('',*,*,#929,.F.);
#1837 = ORIENTED_EDGE('',*,*,#1838,.F.);
#1838 = EDGE_CURVE('',#1102,#922,#1839,.T.);
#1839 = LINE('',#1840,#1841);
#1840 = CARTESIAN_POINT('',(-0.495,2.525,5.E-02));
#1841 = VECTOR('',#1842,1.);
#1842 = DIRECTION('',(-2.22044604925E-16,-1.,0.));
#1843 = ORIENTED_EDGE('',*,*,#1101,.T.);
#1844 = PLANE('',#1845);
#1845 = AXIS2_PLACEMENT_3D('',#1846,#1847,#1848);
#1846 = CARTESIAN_POINT('',(-6.375,-2.475,5.E-02));
#1847 = DIRECTION('',(0.,0.,-1.));
#1848 = DIRECTION('',(2.22044604925E-16,1.,0.));
#1849 = ADVANCED_FACE('',(#1850),#1861,.F.);
#1850 = FACE_BOUND('',#1851,.F.);
#1851 = EDGE_LOOP('',(#1852,#1858,#1859,#1860));
#1852 = ORIENTED_EDGE('',*,*,#1853,.F.);
#1853 = EDGE_CURVE('',#1110,#914,#1854,.T.);
#1854 = LINE('',#1855,#1856);
#1855 = CARTESIAN_POINT('',(-0.495,2.525,0.55));
#1856 = VECTOR('',#1857,1.);
#1857 = DIRECTION('',(-2.22044604925E-16,-1.,0.));
#1858 = ORIENTED_EDGE('',*,*,#1109,.T.);
#1859 = ORIENTED_EDGE('',*,*,#1838,.T.);
#1860 = ORIENTED_EDGE('',*,*,#921,.F.);
#1861 = PLANE('',#1862);
#1862 = AXIS2_PLACEMENT_3D('',#1863,#1864,#1865);
#1863 = CARTESIAN_POINT('',(-0.495,-2.475,0.55));
#1864 = DIRECTION('',(-1.,2.22044604925E-16,0.));
#1865 = DIRECTION('',(0.,0.,-1.));
#1866 = ADVANCED_FACE('',(#1867,#1878,#1912),#1946,.F.);
#1867 = FACE_BOUND('',#1868,.F.);
#1868 = EDGE_LOOP('',(#1869,#1875,#1876,#1877));
#1869 = ORIENTED_EDGE('',*,*,#1870,.F.);
#1870 = EDGE_CURVE('',#1118,#906,#1871,.T.);
#1871 = LINE('',#1872,#1873);
#1872 = CARTESIAN_POINT('',(0.445,2.525,0.55));
#1873 = VECTOR('',#1874,1.);
#1874 = DIRECTION('',(-2.22044604925E-16,-1.,0.));
#1875 = ORIENTED_EDGE('',*,*,#1117,.F.);
#1876 = ORIENTED_EDGE('',*,*,#1853,.T.);
#1877 = ORIENTED_EDGE('',*,*,#913,.T.);
#1878 = FACE_BOUND('',#1879,.F.);
#1879 = EDGE_LOOP('',(#1880,#1890,#1898,#1906));
#1880 = ORIENTED_EDGE('',*,*,#1881,.T.);
#1881 = EDGE_CURVE('',#1882,#1884,#1886,.T.);
#1882 = VERTEX_POINT('',#1883);
#1883 = CARTESIAN_POINT('',(-0.275,-0.86,0.55));
#1884 = VERTEX_POINT('',#1885);
#1885 = CARTESIAN_POINT('',(-0.275,-0.36,0.55));
#1886 = LINE('',#1887,#1888);
#1887 = CARTESIAN_POINT('',(-0.275,-0.86,0.55));
#1888 = VECTOR('',#1889,1.);
#1889 = DIRECTION('',(2.22044604925E-16,1.,0.));
#1890 = ORIENTED_EDGE('',*,*,#1891,.T.);
#1891 = EDGE_CURVE('',#1884,#1892,#1894,.T.);
#1892 = VERTEX_POINT('',#1893);
#1893 = CARTESIAN_POINT('',(0.225,-0.36,0.55));
#1894 = LINE('',#1895,#1896);
#1895 = CARTESIAN_POINT('',(-0.275,-0.36,0.55));
#1896 = VECTOR('',#1897,1.);
#1897 = DIRECTION('',(1.,-2.22044604925E-16,0.));
#1898 = ORIENTED_EDGE('',*,*,#1899,.T.);
#1899 = EDGE_CURVE('',#1892,#1900,#1902,.T.);
#1900 = VERTEX_POINT('',#1901);
#1901 = CARTESIAN_POINT('',(0.225,-0.86,0.55));
#1902 = LINE('',#1903,#1904);
#1903 = CARTESIAN_POINT('',(0.225,-0.36,0.55));
#1904 = VECTOR('',#1905,1.);
#1905 = DIRECTION('',(-2.22044604925E-16,-1.,0.));
#1906 = ORIENTED_EDGE('',*,*,#1907,.T.);
#1907 = EDGE_CURVE('',#1900,#1882,#1908,.T.);
#1908 = LINE('',#1909,#1910);
#1909 = CARTESIAN_POINT('',(0.225,-0.86,0.55));
#1910 = VECTOR('',#1911,1.);
#1911 = DIRECTION('',(-1.,2.22044604925E-16,0.));
#1912 = FACE_BOUND('',#1913,.F.);
#1913 = EDGE_LOOP('',(#1914,#1924,#1932,#1940));
#1914 = ORIENTED_EDGE('',*,*,#1915,.T.);
#1915 = EDGE_CURVE('',#1916,#1918,#1920,.T.);
#1916 = VERTEX_POINT('',#1917);
#1917 = CARTESIAN_POINT('',(0.225,0.91,0.55));
#1918 = VERTEX_POINT('',#1919);
#1919 = CARTESIAN_POINT('',(0.225,0.41,0.55));
#1920 = LINE('',#1921,#1922);
#1921 = CARTESIAN_POINT('',(0.225,0.91,0.55));
#1922 = VECTOR('',#1923,1.);
#1923 = DIRECTION('',(-2.22044604925E-16,-1.,0.));
#1924 = ORIENTED_EDGE('',*,*,#1925,.T.);
#1925 = EDGE_CURVE('',#1918,#1926,#1928,.T.);
#1926 = VERTEX_POINT('',#1927);
#1927 = CARTESIAN_POINT('',(-0.275,0.41,0.55));
#1928 = LINE('',#1929,#1930);
#1929 = CARTESIAN_POINT('',(0.225,0.41,0.55));
#1930 = VECTOR('',#1931,1.);
#1931 = DIRECTION('',(-1.,2.22044604925E-16,0.));
#1932 = ORIENTED_EDGE('',*,*,#1933,.T.);
#1933 = EDGE_CURVE('',#1926,#1934,#1936,.T.);
#1934 = VERTEX_POINT('',#1935);
#1935 = CARTESIAN_POINT('',(-0.275,0.91,0.55));
#1936 = LINE('',#1937,#1938);
#1937 = CARTESIAN_POINT('',(-0.275,0.41,0.55));
#1938 = VECTOR('',#1939,1.);
#1939 = DIRECTION('',(2.22044604925E-16,1.,0.));
#1940 = ORIENTED_EDGE('',*,*,#1941,.T.);
#1941 = EDGE_CURVE('',#1934,#1916,#1942,.T.);
#1942 = LINE('',#1943,#1944);
#1943 = CARTESIAN_POINT('',(-0.275,0.91,0.55));
#1944 = VECTOR('',#1945,1.);
#1945 = DIRECTION('',(1.,-2.22044604925E-16,0.));
#1946 = PLANE('',#1947);
#1947 = AXIS2_PLACEMENT_3D('',#1948,#1949,#1950);
#1948 = CARTESIAN_POINT('',(0.445,-2.475,0.55));
#1949 = DIRECTION('',(0.,0.,1.));
#1950 = DIRECTION('',(-1.,2.22044604925E-16,0.));
#1951 = ADVANCED_FACE('',(#1952),#1963,.F.);
#1952 = FACE_BOUND('',#1953,.F.);
#1953 = EDGE_LOOP('',(#1954,#1955,#1956,#1962));
#1954 = ORIENTED_EDGE('',*,*,#1870,.T.);
#1955 = ORIENTED_EDGE('',*,*,#905,.T.);
#1956 = ORIENTED_EDGE('',*,*,#1957,.F.);
#1957 = EDGE_CURVE('',#1126,#898,#1958,.T.);
#1958 = LINE('',#1959,#1960);
#1959 = CARTESIAN_POINT('',(0.445,2.525,5.E-02));
#1960 = VECTOR('',#1961,1.);
#1961 = DIRECTION('',(-2.22044604925E-16,-1.,0.));
#1962 = ORIENTED_EDGE('',*,*,#1125,.F.);
#1963 = PLANE('',#1964);
#1964 = AXIS2_PLACEMENT_3D('',#1965,#1966,#1967);
#1965 = CARTESIAN_POINT('',(0.445,-2.475,5.E-02));
#1966 = DIRECTION('',(1.,-2.22044604925E-16,0.));
#1967 = DIRECTION('',(0.,0.,1.));
#1968 = ADVANCED_FACE('',(#1969),#1980,.T.);
#1969 = FACE_BOUND('',#1970,.F.);
#1970 = EDGE_LOOP('',(#1971,#1972,#1973,#1979));
#1971 = ORIENTED_EDGE('',*,*,#1957,.T.);
#1972 = ORIENTED_EDGE('',*,*,#897,.F.);
#1973 = ORIENTED_EDGE('',*,*,#1974,.F.);
#1974 = EDGE_CURVE('',#1134,#890,#1975,.T.);
#1975 = LINE('',#1976,#1977);
#1976 = CARTESIAN_POINT('',(0.775,2.525,5.E-02));
#1977 = VECTOR('',#1978,1.);
#1978 = DIRECTION('',(-2.22044604925E-16,-1.,0.));
#1979 = ORIENTED_EDGE('',*,*,#1133,.T.);
#1980 = PLANE('',#1981);
#1981 = AXIS2_PLACEMENT_3D('',#1982,#1983,#1984);
#1982 = CARTESIAN_POINT('',(-6.375,-2.475,5.E-02));
#1983 = DIRECTION('',(0.,0.,-1.));
#1984 = DIRECTION('',(2.22044604925E-16,1.,0.));
#1985 = ADVANCED_FACE('',(#1986),#1997,.F.);
#1986 = FACE_BOUND('',#1987,.F.);
#1987 = EDGE_LOOP('',(#1988,#1994,#1995,#1996));
#1988 = ORIENTED_EDGE('',*,*,#1989,.F.);
#1989 = EDGE_CURVE('',#1142,#882,#1990,.T.);
#1990 = LINE('',#1991,#1992);
#1991 = CARTESIAN_POINT('',(0.775,2.525,0.55));
#1992 = VECTOR('',#1993,1.);
#1993 = DIRECTION('',(-2.22044604925E-16,-1.,0.));
#1994 = ORIENTED_EDGE('',*,*,#1141,.T.);
#1995 = ORIENTED_EDGE('',*,*,#1974,.T.);
#1996 = ORIENTED_EDGE('',*,*,#889,.F.);
#1997 = PLANE('',#1998);
#1998 = AXIS2_PLACEMENT_3D('',#1999,#2000,#2001);
#1999 = CARTESIAN_POINT('',(0.775,-2.475,0.55));
#2000 = DIRECTION('',(-1.,2.22044604925E-16,0.));
#2001 = DIRECTION('',(0.,0.,-1.));
#2002 = ADVANCED_FACE('',(#2003,#2014,#2048),#2082,.F.);
#2003 = FACE_BOUND('',#2004,.F.);
#2004 = EDGE_LOOP('',(#2005,#2011,#2012,#2013));
#2005 = ORIENTED_EDGE('',*,*,#2006,.F.);
#2006 = EDGE_CURVE('',#1150,#874,#2007,.T.);
#2007 = LINE('',#2008,#2009);
#2008 = CARTESIAN_POINT('',(1.715,2.525,0.55));
#2009 = VECTOR('',#2010,1.);
#2010 = DIRECTION('',(-2.22044604925E-16,-1.,0.));
#2011 = ORIENTED_EDGE('',*,*,#1149,.F.);
#2012 = ORIENTED_EDGE('',*,*,#1989,.T.);
#2013 = ORIENTED_EDGE('',*,*,#881,.T.);
#2014 = FACE_BOUND('',#2015,.F.);
#2015 = EDGE_LOOP('',(#2016,#2026,#2034,#2042));
#2016 = ORIENTED_EDGE('',*,*,#2017,.T.);
#2017 = EDGE_CURVE('',#2018,#2020,#2022,.T.);
#2018 = VERTEX_POINT('',#2019);
#2019 = CARTESIAN_POINT('',(0.995,-0.86,0.55));
#2020 = VERTEX_POINT('',#2021);
#2021 = CARTESIAN_POINT('',(0.995,-0.36,0.55));
#2022 = LINE('',#2023,#2024);
#2023 = CARTESIAN_POINT('',(0.995,-0.86,0.55));
#2024 = VECTOR('',#2025,1.);
#2025 = DIRECTION('',(2.22044604925E-16,1.,0.));
#2026 = ORIENTED_EDGE('',*,*,#2027,.T.);
#2027 = EDGE_CURVE('',#2020,#2028,#2030,.T.);
#2028 = VERTEX_POINT('',#2029);
#2029 = CARTESIAN_POINT('',(1.495,-0.36,0.55));
#2030 = LINE('',#2031,#2032);
#2031 = CARTESIAN_POINT('',(0.995,-0.36,0.55));
#2032 = VECTOR('',#2033,1.);
#2033 = DIRECTION('',(1.,-2.22044604925E-16,0.));
#2034 = ORIENTED_EDGE('',*,*,#2035,.T.);
#2035 = EDGE_CURVE('',#2028,#2036,#2038,.T.);
#2036 = VERTEX_POINT('',#2037);
#2037 = CARTESIAN_POINT('',(1.495,-0.86,0.55));
#2038 = LINE('',#2039,#2040);
#2039 = CARTESIAN_POINT('',(1.495,-0.36,0.55));
#2040 = VECTOR('',#2041,1.);
#2041 = DIRECTION('',(-2.22044604925E-16,-1.,0.));
#2042 = ORIENTED_EDGE('',*,*,#2043,.T.);
#2043 = EDGE_CURVE('',#2036,#2018,#2044,.T.);
#2044 = LINE('',#2045,#2046);
#2045 = CARTESIAN_POINT('',(1.495,-0.86,0.55));
#2046 = VECTOR('',#2047,1.);
#2047 = DIRECTION('',(-1.,2.22044604925E-16,0.));
#2048 = FACE_BOUND('',#2049,.F.);
#2049 = EDGE_LOOP('',(#2050,#2060,#2068,#2076));
#2050 = ORIENTED_EDGE('',*,*,#2051,.T.);
#2051 = EDGE_CURVE('',#2052,#2054,#2056,.T.);
#2052 = VERTEX_POINT('',#2053);
#2053 = CARTESIAN_POINT('',(1.495,0.91,0.55));
#2054 = VERTEX_POINT('',#2055);
#2055 = CARTESIAN_POINT('',(1.495,0.41,0.55));
#2056 = LINE('',#2057,#2058);
#2057 = CARTESIAN_POINT('',(1.495,0.91,0.55));
#2058 = VECTOR('',#2059,1.);
#2059 = DIRECTION('',(-2.22044604925E-16,-1.,0.));
#2060 = ORIENTED_EDGE('',*,*,#2061,.T.);
#2061 = EDGE_CURVE('',#2054,#2062,#2064,.T.);
#2062 = VERTEX_POINT('',#2063);
#2063 = CARTESIAN_POINT('',(0.995,0.41,0.55));
#2064 = LINE('',#2065,#2066);
#2065 = CARTESIAN_POINT('',(1.495,0.41,0.55));
#2066 = VECTOR('',#2067,1.);
#2067 = DIRECTION('',(-1.,2.22044604925E-16,0.));
#2068 = ORIENTED_EDGE('',*,*,#2069,.T.);
#2069 = EDGE_CURVE('',#2062,#2070,#2072,.T.);
#2070 = VERTEX_POINT('',#2071);
#2071 = CARTESIAN_POINT('',(0.995,0.91,0.55));
#2072 = LINE('',#2073,#2074);
#2073 = CARTESIAN_POINT('',(0.995,0.41,0.55));
#2074 = VECTOR('',#2075,1.);
#2075 = DIRECTION('',(2.22044604925E-16,1.,0.));
#2076 = ORIENTED_EDGE('',*,*,#2077,.T.);
#2077 = EDGE_CURVE('',#2070,#2052,#2078,.T.);
#2078 = LINE('',#2079,#2080);
#2079 = CARTESIAN_POINT('',(0.995,0.91,0.55));
#2080 = VECTOR('',#2081,1.);
#2081 = DIRECTION('',(1.,-2.22044604925E-16,0.));
#2082 = PLANE('',#2083);
#2083 = AXIS2_PLACEMENT_3D('',#2084,#2085,#2086);
#2084 = CARTESIAN_POINT('',(1.715,-2.475,0.55));
#2085 = DIRECTION('',(0.,0.,1.));
#2086 = DIRECTION('',(-1.,2.22044604925E-16,0.));
#2087 = ADVANCED_FACE('',(#2088),#2099,.F.);
#2088 = FACE_BOUND('',#2089,.F.);
#2089 = EDGE_LOOP('',(#2090,#2091,#2092,#2098));
#2090 = ORIENTED_EDGE('',*,*,#2006,.T.);
#2091 = ORIENTED_EDGE('',*,*,#873,.T.);
#2092 = ORIENTED_EDGE('',*,*,#2093,.F.);
#2093 = EDGE_CURVE('',#1158,#866,#2094,.T.);
#2094 = LINE('',#2095,#2096);
#2095 = CARTESIAN_POINT('',(1.715,2.525,5.E-02));
#2096 = VECTOR('',#2097,1.);
#2097 = DIRECTION('',(-2.22044604925E-16,-1.,0.));
#2098 = ORIENTED_EDGE('',*,*,#1157,.F.);
#2099 = PLANE('',#2100);
#2100 = AXIS2_PLACEMENT_3D('',#2101,#2102,#2103);
#2101 = CARTESIAN_POINT('',(1.715,-2.475,5.E-02));
#2102 = DIRECTION('',(1.,-2.22044604925E-16,0.));
#2103 = DIRECTION('',(0.,0.,1.));
#2104 = ADVANCED_FACE('',(#2105),#2116,.T.);
#2105 = FACE_BOUND('',#2106,.F.);
#2106 = EDGE_LOOP('',(#2107,#2108,#2109,#2115));
#2107 = ORIENTED_EDGE('',*,*,#2093,.T.);
#2108 = ORIENTED_EDGE('',*,*,#865,.F.);
#2109 = ORIENTED_EDGE('',*,*,#2110,.F.);
#2110 = EDGE_CURVE('',#1166,#858,#2111,.T.);
#2111 = LINE('',#2112,#2113);
#2112 = CARTESIAN_POINT('',(2.045,2.525,5.E-02));
#2113 = VECTOR('',#2114,1.);
#2114 = DIRECTION('',(-2.22044604925E-16,-1.,0.));
#2115 = ORIENTED_EDGE('',*,*,#1165,.T.);
#2116 = PLANE('',#2117);
#2117 = AXIS2_PLACEMENT_3D('',#2118,#2119,#2120);
#2118 = CARTESIAN_POINT('',(-6.375,-2.475,5.E-02));
#2119 = DIRECTION('',(0.,0.,-1.));
#2120 = DIRECTION('',(2.22044604925E-16,1.,0.));
#2121 = ADVANCED_FACE('',(#2122),#2133,.F.);
#2122 = FACE_BOUND('',#2123,.F.);
#2123 = EDGE_LOOP('',(#2124,#2125,#2131,#2132));
#2124 = ORIENTED_EDGE('',*,*,#857,.F.);
#2125 = ORIENTED_EDGE('',*,*,#2126,.F.);
#2126 = EDGE_CURVE('',#1174,#850,#2127,.T.);
#2127 = LINE('',#2128,#2129);
#2128 = CARTESIAN_POINT('',(2.045,2.525,0.55));
#2129 = VECTOR('',#2130,1.);
#2130 = DIRECTION('',(-2.22044604925E-16,-1.,0.));
#2131 = ORIENTED_EDGE('',*,*,#1173,.T.);
#2132 = ORIENTED_EDGE('',*,*,#2110,.T.);
#2133 = PLANE('',#2134);
#2134 = AXIS2_PLACEMENT_3D('',#2135,#2136,#2137);
#2135 = CARTESIAN_POINT('',(2.045,-2.475,0.55));
#2136 = DIRECTION('',(-1.,2.22044604925E-16,0.));
#2137 = DIRECTION('',(0.,0.,-1.));
#2138 = ADVANCED_FACE('',(#2139,#2150,#2184),#2218,.F.);
#2139 = FACE_BOUND('',#2140,.F.);
#2140 = EDGE_LOOP('',(#2141,#2142,#2148,#2149));
#2141 = ORIENTED_EDGE('',*,*,#849,.T.);
#2142 = ORIENTED_EDGE('',*,*,#2143,.F.);
#2143 = EDGE_CURVE('',#1182,#842,#2144,.T.);
#2144 = LINE('',#2145,#2146);
#2145 = CARTESIAN_POINT('',(2.985,2.525,0.55));
#2146 = VECTOR('',#2147,1.);
#2147 = DIRECTION('',(-2.22044604925E-16,-1.,0.));
#2148 = ORIENTED_EDGE('',*,*,#1181,.F.);
#2149 = ORIENTED_EDGE('',*,*,#2126,.T.);
#2150 = FACE_BOUND('',#2151,.F.);
#2151 = EDGE_LOOP('',(#2152,#2162,#2170,#2178));
#2152 = ORIENTED_EDGE('',*,*,#2153,.T.);
#2153 = EDGE_CURVE('',#2154,#2156,#2158,.T.);
#2154 = VERTEX_POINT('',#2155);
#2155 = CARTESIAN_POINT('',(2.265,-0.86,0.55));
#2156 = VERTEX_POINT('',#2157);
#2157 = CARTESIAN_POINT('',(2.265,-0.36,0.55));
#2158 = LINE('',#2159,#2160);
#2159 = CARTESIAN_POINT('',(2.265,-0.86,0.55));
#2160 = VECTOR('',#2161,1.);
#2161 = DIRECTION('',(2.22044604925E-16,1.,0.));
#2162 = ORIENTED_EDGE('',*,*,#2163,.T.);
#2163 = EDGE_CURVE('',#2156,#2164,#2166,.T.);
#2164 = VERTEX_POINT('',#2165);
#2165 = CARTESIAN_POINT('',(2.765,-0.36,0.55));
#2166 = LINE('',#2167,#2168);
#2167 = CARTESIAN_POINT('',(2.265,-0.36,0.55));
#2168 = VECTOR('',#2169,1.);
#2169 = DIRECTION('',(1.,-2.22044604925E-16,0.));
#2170 = ORIENTED_EDGE('',*,*,#2171,.T.);
#2171 = EDGE_CURVE('',#2164,#2172,#2174,.T.);
#2172 = VERTEX_POINT('',#2173);
#2173 = CARTESIAN_POINT('',(2.765,-0.86,0.55));
#2174 = LINE('',#2175,#2176);
#2175 = CARTESIAN_POINT('',(2.765,-0.36,0.55));
#2176 = VECTOR('',#2177,1.);
#2177 = DIRECTION('',(-2.22044604925E-16,-1.,0.));
#2178 = ORIENTED_EDGE('',*,*,#2179,.T.);
#2179 = EDGE_CURVE('',#2172,#2154,#2180,.T.);
#2180 = LINE('',#2181,#2182);
#2181 = CARTESIAN_POINT('',(2.765,-0.86,0.55));
#2182 = VECTOR('',#2183,1.);
#2183 = DIRECTION('',(-1.,2.22044604925E-16,0.));
#2184 = FACE_BOUND('',#2185,.F.);
#2185 = EDGE_LOOP('',(#2186,#2196,#2204,#2212));
#2186 = ORIENTED_EDGE('',*,*,#2187,.T.);
#2187 = EDGE_CURVE('',#2188,#2190,#2192,.T.);
#2188 = VERTEX_POINT('',#2189);
#2189 = CARTESIAN_POINT('',(2.765,0.91,0.55));
#2190 = VERTEX_POINT('',#2191);
#2191 = CARTESIAN_POINT('',(2.765,0.41,0.55));
#2192 = LINE('',#2193,#2194);
#2193 = CARTESIAN_POINT('',(2.765,0.91,0.55));
#2194 = VECTOR('',#2195,1.);
#2195 = DIRECTION('',(-2.22044604925E-16,-1.,0.));
#2196 = ORIENTED_EDGE('',*,*,#2197,.T.);
#2197 = EDGE_CURVE('',#2190,#2198,#2200,.T.);
#2198 = VERTEX_POINT('',#2199);
#2199 = CARTESIAN_POINT('',(2.265,0.41,0.55));
#2200 = LINE('',#2201,#2202);
#2201 = CARTESIAN_POINT('',(2.765,0.41,0.55));
#2202 = VECTOR('',#2203,1.);
#2203 = DIRECTION('',(-1.,2.22044604925E-16,0.));
#2204 = ORIENTED_EDGE('',*,*,#2205,.T.);
#2205 = EDGE_CURVE('',#2198,#2206,#2208,.T.);
#2206 = VERTEX_POINT('',#2207);
#2207 = CARTESIAN_POINT('',(2.265,0.91,0.55));
#2208 = LINE('',#2209,#2210);
#2209 = CARTESIAN_POINT('',(2.265,0.41,0.55));
#2210 = VECTOR('',#2211,1.);
#2211 = DIRECTION('',(2.22044604925E-16,1.,0.));
#2212 = ORIENTED_EDGE('',*,*,#2213,.T.);
#2213 = EDGE_CURVE('',#2206,#2188,#2214,.T.);
#2214 = LINE('',#2215,#2216);
#2215 = CARTESIAN_POINT('',(2.265,0.91,0.55));
#2216 = VECTOR('',#2217,1.);
#2217 = DIRECTION('',(1.,-2.22044604925E-16,0.));
#2218 = PLANE('',#2219);
#2219 = AXIS2_PLACEMENT_3D('',#2220,#2221,#2222);
#2220 = CARTESIAN_POINT('',(2.985,-2.475,0.55));
#2221 = DIRECTION('',(0.,0.,1.));
#2222 = DIRECTION('',(-1.,2.22044604925E-16,0.));
#2223 = ADVANCED_FACE('',(#2224),#2235,.F.);
#2224 = FACE_BOUND('',#2225,.F.);
#2225 = EDGE_LOOP('',(#2226,#2227,#2233,#2234));
#2226 = ORIENTED_EDGE('',*,*,#841,.T.);
#2227 = ORIENTED_EDGE('',*,*,#2228,.F.);
#2228 = EDGE_CURVE('',#1190,#834,#2229,.T.);
#2229 = LINE('',#2230,#2231);
#2230 = CARTESIAN_POINT('',(2.985,2.525,5.E-02));
#2231 = VECTOR('',#2232,1.);
#2232 = DIRECTION('',(-2.22044604925E-16,-1.,0.));
#2233 = ORIENTED_EDGE('',*,*,#1189,.F.);
#2234 = ORIENTED_EDGE('',*,*,#2143,.T.);
#2235 = PLANE('',#2236);
#2236 = AXIS2_PLACEMENT_3D('',#2237,#2238,#2239);
#2237 = CARTESIAN_POINT('',(2.985,-2.475,5.E-02));
#2238 = DIRECTION('',(1.,-2.22044604925E-16,0.));
#2239 = DIRECTION('',(0.,0.,1.));
#2240 = ADVANCED_FACE('',(#2241),#2247,.T.);
#2241 = FACE_BOUND('',#2242,.F.);
#2242 = EDGE_LOOP('',(#2243,#2244,#2245,#2246));
#2243 = ORIENTED_EDGE('',*,*,#2228,.T.);
#2244 = ORIENTED_EDGE('',*,*,#833,.F.);
#2245 = ORIENTED_EDGE('',*,*,#1044,.F.);
#2246 = ORIENTED_EDGE('',*,*,#1197,.T.);
#2247 = PLANE('',#2248);
#2248 = AXIS2_PLACEMENT_3D('',#2249,#2250,#2251);
#2249 = CARTESIAN_POINT('',(-6.375,-2.475,5.E-02));
#2250 = DIRECTION('',(0.,0.,-1.));
#2251 = DIRECTION('',(2.22044604925E-16,1.,0.));
#2252 = ADVANCED_FACE('',(#2253),#2278,.T.);
#2253 = FACE_BOUND('',#2254,.F.);
#2254 = EDGE_LOOP('',(#2255,#2265,#2271,#2272));
#2255 = ORIENTED_EDGE('',*,*,#2256,.T.);
#2256 = EDGE_CURVE('',#2257,#2259,#2261,.T.);
#2257 = VERTEX_POINT('',#2258);
#2258 = CARTESIAN_POINT('',(2.315,-0.81,0.6));
#2259 = VERTEX_POINT('',#2260);
#2260 = CARTESIAN_POINT('',(2.315,-0.41,0.6));
#2261 = LINE('',#2262,#2263);
#2262 = CARTESIAN_POINT('',(2.315,-0.81,0.6));
#2263 = VECTOR('',#2264,1.);
#2264 = DIRECTION('',(2.22044604925E-16,1.,0.));
#2265 = ORIENTED_EDGE('',*,*,#2266,.F.);
#2266 = EDGE_CURVE('',#2156,#2259,#2267,.T.);
#2267 = LINE('',#2268,#2269);
#2268 = CARTESIAN_POINT('',(2.265,-0.36,0.55));
#2269 = VECTOR('',#2270,1.);
#2270 = DIRECTION('',(0.57735026919,-0.57735026919,0.57735026919));
#2271 = ORIENTED_EDGE('',*,*,#2153,.F.);
#2272 = ORIENTED_EDGE('',*,*,#2273,.T.);
#2273 = EDGE_CURVE('',#2154,#2257,#2274,.T.);
#2274 = LINE('',#2275,#2276);
#2275 = CARTESIAN_POINT('',(2.265,-0.86,0.55));
#2276 = VECTOR('',#2277,1.);
#2277 = DIRECTION('',(0.57735026919,0.57735026919,0.57735026919));
#2278 = PLANE('',#2279);
#2279 = AXIS2_PLACEMENT_3D('',#2280,#2281,#2282);
#2280 = CARTESIAN_POINT('',(2.29,-0.61,0.575));
#2281 = DIRECTION('',(0.707106781187,-1.570092458684E-16,-0.707106781187
    ));
#2282 = DIRECTION('',(0.707106781187,-1.570092458684E-16,0.707106781187)
  );
#2283 = ADVANCED_FACE('',(#2284),#2300,.F.);
#2284 = FACE_BOUND('',#2285,.F.);
#2285 = EDGE_LOOP('',(#2286,#2287,#2293,#2294));
#2286 = ORIENTED_EDGE('',*,*,#2256,.F.);
#2287 = ORIENTED_EDGE('',*,*,#2288,.F.);
#2288 = EDGE_CURVE('',#254,#2257,#2289,.T.);
#2289 = LINE('',#2290,#2291);
#2290 = CARTESIAN_POINT('',(2.315,-0.81,1.85));
#2291 = VECTOR('',#2292,1.);
#2292 = DIRECTION('',(0.,0.,-1.));
#2293 = ORIENTED_EDGE('',*,*,#253,.F.);
#2294 = ORIENTED_EDGE('',*,*,#2295,.T.);
#2295 = EDGE_CURVE('',#246,#2259,#2296,.T.);
#2296 = LINE('',#2297,#2298);
#2297 = CARTESIAN_POINT('',(2.315,-0.41,1.85));
#2298 = VECTOR('',#2299,1.);
#2299 = DIRECTION('',(0.,0.,-1.));
#2300 = PLANE('',#2301);
#2301 = AXIS2_PLACEMENT_3D('',#2302,#2303,#2304);
#2302 = CARTESIAN_POINT('',(2.315,-0.81,0.55));
#2303 = DIRECTION('',(-1.,2.22044604925E-16,0.));
#2304 = DIRECTION('',(2.22044604925E-16,1.,0.));
#2305 = ADVANCED_FACE('',(#2306),#2324,.F.);
#2306 = FACE_BOUND('',#2307,.F.);
#2307 = EDGE_LOOP('',(#2308,#2316,#2322,#2323));
#2308 = ORIENTED_EDGE('',*,*,#2309,.F.);
#2309 = EDGE_CURVE('',#2310,#2257,#2312,.T.);
#2310 = VERTEX_POINT('',#2311);
#2311 = CARTESIAN_POINT('',(2.715,-0.81,0.6));
#2312 = LINE('',#2313,#2314);
#2313 = CARTESIAN_POINT('',(2.715,-0.81,0.6));
#2314 = VECTOR('',#2315,1.);
#2315 = DIRECTION('',(-1.,2.22044604925E-16,0.));
#2316 = ORIENTED_EDGE('',*,*,#2317,.F.);
#2317 = EDGE_CURVE('',#262,#2310,#2318,.T.);
#2318 = LINE('',#2319,#2320);
#2319 = CARTESIAN_POINT('',(2.715,-0.81,1.85));
#2320 = VECTOR('',#2321,1.);
#2321 = DIRECTION('',(0.,0.,-1.));
#2322 = ORIENTED_EDGE('',*,*,#261,.F.);
#2323 = ORIENTED_EDGE('',*,*,#2288,.T.);
#2324 = PLANE('',#2325);
#2325 = AXIS2_PLACEMENT_3D('',#2326,#2327,#2328);
#2326 = CARTESIAN_POINT('',(2.715,-0.81,0.55));
#2327 = DIRECTION('',(-2.22044604925E-16,-1.,0.));
#2328 = DIRECTION('',(-1.,2.22044604925E-16,0.));
#2329 = ADVANCED_FACE('',(#2330),#2341,.T.);
#2330 = FACE_BOUND('',#2331,.F.);
#2331 = EDGE_LOOP('',(#2332,#2333,#2339,#2340));
#2332 = ORIENTED_EDGE('',*,*,#2179,.F.);
#2333 = ORIENTED_EDGE('',*,*,#2334,.T.);
#2334 = EDGE_CURVE('',#2172,#2310,#2335,.T.);
#2335 = LINE('',#2336,#2337);
#2336 = CARTESIAN_POINT('',(2.765,-0.86,0.55));
#2337 = VECTOR('',#2338,1.);
#2338 = DIRECTION('',(-0.57735026919,0.57735026919,0.57735026919));
#2339 = ORIENTED_EDGE('',*,*,#2309,.T.);
#2340 = ORIENTED_EDGE('',*,*,#2273,.F.);
#2341 = PLANE('',#2342);
#2342 = AXIS2_PLACEMENT_3D('',#2343,#2344,#2345);
#2343 = CARTESIAN_POINT('',(2.515,-0.835,0.575));
#2344 = DIRECTION('',(1.570092458684E-16,0.707106781187,-0.707106781187)
  );
#2345 = DIRECTION('',(1.570092458684E-16,0.707106781187,0.707106781187)
  );
#2346 = ADVANCED_FACE('',(#2347),#2365,.T.);
#2347 = FACE_BOUND('',#2348,.F.);
#2348 = EDGE_LOOP('',(#2349,#2350,#2358,#2364));
#2349 = ORIENTED_EDGE('',*,*,#2171,.F.);
#2350 = ORIENTED_EDGE('',*,*,#2351,.T.);
#2351 = EDGE_CURVE('',#2164,#2352,#2354,.T.);
#2352 = VERTEX_POINT('',#2353);
#2353 = CARTESIAN_POINT('',(2.715,-0.41,0.6));
#2354 = LINE('',#2355,#2356);
#2355 = CARTESIAN_POINT('',(2.765,-0.36,0.55));
#2356 = VECTOR('',#2357,1.);
#2357 = DIRECTION('',(-0.57735026919,-0.57735026919,0.57735026919));
#2358 = ORIENTED_EDGE('',*,*,#2359,.T.);
#2359 = EDGE_CURVE('',#2352,#2310,#2360,.T.);
#2360 = LINE('',#2361,#2362);
#2361 = CARTESIAN_POINT('',(2.715,-0.41,0.6));
#2362 = VECTOR('',#2363,1.);
#2363 = DIRECTION('',(-2.22044604925E-16,-1.,0.));
#2364 = ORIENTED_EDGE('',*,*,#2334,.F.);
#2365 = PLANE('',#2366);
#2366 = AXIS2_PLACEMENT_3D('',#2367,#2368,#2369);
#2367 = CARTESIAN_POINT('',(2.74,-0.61,0.575));
#2368 = DIRECTION('',(-0.707106781187,1.570092458684E-16,-0.707106781187
    ));
#2369 = DIRECTION('',(-0.707106781187,1.570092458684E-16,0.707106781187)
  );
#2370 = ADVANCED_FACE('',(#2371),#2382,.T.);
#2371 = FACE_BOUND('',#2372,.F.);
#2372 = EDGE_LOOP('',(#2373,#2379,#2380,#2381));
#2373 = ORIENTED_EDGE('',*,*,#2374,.T.);
#2374 = EDGE_CURVE('',#2259,#2352,#2375,.T.);
#2375 = LINE('',#2376,#2377);
#2376 = CARTESIAN_POINT('',(2.315,-0.41,0.6));
#2377 = VECTOR('',#2378,1.);
#2378 = DIRECTION('',(1.,-2.22044604925E-16,0.));
#2379 = ORIENTED_EDGE('',*,*,#2351,.F.);
#2380 = ORIENTED_EDGE('',*,*,#2163,.F.);
#2381 = ORIENTED_EDGE('',*,*,#2266,.T.);
#2382 = PLANE('',#2383);
#2383 = AXIS2_PLACEMENT_3D('',#2384,#2385,#2386);
#2384 = CARTESIAN_POINT('',(2.515,-0.385,0.575));
#2385 = DIRECTION('',(-1.570092458684E-16,-0.707106781187,
    -0.707106781187));
#2386 = DIRECTION('',(-1.570092458684E-16,-0.707106781187,0.707106781187
    ));
#2387 = ADVANCED_FACE('',(#2388),#2399,.F.);
#2388 = FACE_BOUND('',#2389,.F.);
#2389 = EDGE_LOOP('',(#2390,#2391,#2392,#2393));
#2390 = ORIENTED_EDGE('',*,*,#2374,.F.);
#2391 = ORIENTED_EDGE('',*,*,#2295,.F.);
#2392 = ORIENTED_EDGE('',*,*,#243,.F.);
#2393 = ORIENTED_EDGE('',*,*,#2394,.T.);
#2394 = EDGE_CURVE('',#244,#2352,#2395,.T.);
#2395 = LINE('',#2396,#2397);
#2396 = CARTESIAN_POINT('',(2.715,-0.41,1.85));
#2397 = VECTOR('',#2398,1.);
#2398 = DIRECTION('',(0.,0.,-1.));
#2399 = PLANE('',#2400);
#2400 = AXIS2_PLACEMENT_3D('',#2401,#2402,#2403);
#2401 = CARTESIAN_POINT('',(2.315,-0.41,0.55));
#2402 = DIRECTION('',(2.22044604925E-16,1.,0.));
#2403 = DIRECTION('',(1.,-2.22044604925E-16,0.));
#2404 = ADVANCED_FACE('',(#2405),#2411,.F.);
#2405 = FACE_BOUND('',#2406,.F.);
#2406 = EDGE_LOOP('',(#2407,#2408,#2409,#2410));
#2407 = ORIENTED_EDGE('',*,*,#2359,.F.);
#2408 = ORIENTED_EDGE('',*,*,#2394,.F.);
#2409 = ORIENTED_EDGE('',*,*,#269,.F.);
#2410 = ORIENTED_EDGE('',*,*,#2317,.T.);
#2411 = PLANE('',#2412);
#2412 = AXIS2_PLACEMENT_3D('',#2413,#2414,#2415);
#2413 = CARTESIAN_POINT('',(2.715,-0.41,0.55));
#2414 = DIRECTION('',(1.,-2.22044604925E-16,0.));
#2415 = DIRECTION('',(-2.22044604925E-16,-1.,0.));
#2416 = ADVANCED_FACE('',(#2417),#2442,.T.);
#2417 = FACE_BOUND('',#2418,.F.);
#2418 = EDGE_LOOP('',(#2419,#2420,#2428,#2436));
#2419 = ORIENTED_EDGE('',*,*,#2187,.F.);
#2420 = ORIENTED_EDGE('',*,*,#2421,.T.);
#2421 = EDGE_CURVE('',#2188,#2422,#2424,.T.);
#2422 = VERTEX_POINT('',#2423);
#2423 = CARTESIAN_POINT('',(2.715,0.86,0.6));
#2424 = LINE('',#2425,#2426);
#2425 = CARTESIAN_POINT('',(2.765,0.91,0.55));
#2426 = VECTOR('',#2427,1.);
#2427 = DIRECTION('',(-0.57735026919,-0.57735026919,0.57735026919));
#2428 = ORIENTED_EDGE('',*,*,#2429,.T.);
#2429 = EDGE_CURVE('',#2422,#2430,#2432,.T.);
#2430 = VERTEX_POINT('',#2431);
#2431 = CARTESIAN_POINT('',(2.715,0.46,0.6));
#2432 = LINE('',#2433,#2434);
#2433 = CARTESIAN_POINT('',(2.715,0.86,0.6));
#2434 = VECTOR('',#2435,1.);
#2435 = DIRECTION('',(-2.22044604925E-16,-1.,0.));
#2436 = ORIENTED_EDGE('',*,*,#2437,.F.);
#2437 = EDGE_CURVE('',#2190,#2430,#2438,.T.);
#2438 = LINE('',#2439,#2440);
#2439 = CARTESIAN_POINT('',(2.765,0.41,0.55));
#2440 = VECTOR('',#2441,1.);
#2441 = DIRECTION('',(-0.57735026919,0.57735026919,0.57735026919));
#2442 = PLANE('',#2443);
#2443 = AXIS2_PLACEMENT_3D('',#2444,#2445,#2446);
#2444 = CARTESIAN_POINT('',(2.74,0.66,0.575));
#2445 = DIRECTION('',(-0.707106781187,1.570092458684E-16,-0.707106781187
    ));
#2446 = DIRECTION('',(-0.707106781187,1.570092458684E-16,0.707106781187)
  );
#2447 = ADVANCED_FACE('',(#2448),#2466,.T.);
#2448 = FACE_BOUND('',#2449,.F.);
#2449 = EDGE_LOOP('',(#2450,#2451,#2459,#2465));
#2450 = ORIENTED_EDGE('',*,*,#2213,.F.);
#2451 = ORIENTED_EDGE('',*,*,#2452,.T.);
#2452 = EDGE_CURVE('',#2206,#2453,#2455,.T.);
#2453 = VERTEX_POINT('',#2454);
#2454 = CARTESIAN_POINT('',(2.315,0.86,0.6));
#2455 = LINE('',#2456,#2457);
#2456 = CARTESIAN_POINT('',(2.265,0.91,0.55));
#2457 = VECTOR('',#2458,1.);
#2458 = DIRECTION('',(0.57735026919,-0.57735026919,0.57735026919));
#2459 = ORIENTED_EDGE('',*,*,#2460,.T.);
#2460 = EDGE_CURVE('',#2453,#2422,#2461,.T.);
#2461 = LINE('',#2462,#2463);
#2462 = CARTESIAN_POINT('',(2.315,0.86,0.6));
#2463 = VECTOR('',#2464,1.);
#2464 = DIRECTION('',(1.,-2.22044604925E-16,0.));
#2465 = ORIENTED_EDGE('',*,*,#2421,.F.);
#2466 = PLANE('',#2467);
#2467 = AXIS2_PLACEMENT_3D('',#2468,#2469,#2470);
#2468 = CARTESIAN_POINT('',(2.515,0.885,0.575));
#2469 = DIRECTION('',(-1.570092458684E-16,-0.707106781187,
    -0.707106781187));
#2470 = DIRECTION('',(-1.570092458684E-16,-0.707106781187,0.707106781187
    ));
#2471 = ADVANCED_FACE('',(#2472),#2490,.T.);
#2472 = FACE_BOUND('',#2473,.F.);
#2473 = EDGE_LOOP('',(#2474,#2482,#2483,#2484));
#2474 = ORIENTED_EDGE('',*,*,#2475,.T.);
#2475 = EDGE_CURVE('',#2476,#2453,#2478,.T.);
#2476 = VERTEX_POINT('',#2477);
#2477 = CARTESIAN_POINT('',(2.315,0.46,0.6));
#2478 = LINE('',#2479,#2480);
#2479 = CARTESIAN_POINT('',(2.315,0.46,0.6));
#2480 = VECTOR('',#2481,1.);
#2481 = DIRECTION('',(2.22044604925E-16,1.,0.));
#2482 = ORIENTED_EDGE('',*,*,#2452,.F.);
#2483 = ORIENTED_EDGE('',*,*,#2205,.F.);
#2484 = ORIENTED_EDGE('',*,*,#2485,.T.);
#2485 = EDGE_CURVE('',#2198,#2476,#2486,.T.);
#2486 = LINE('',#2487,#2488);
#2487 = CARTESIAN_POINT('',(2.265,0.41,0.55));
#2488 = VECTOR('',#2489,1.);
#2489 = DIRECTION('',(0.57735026919,0.57735026919,0.57735026919));
#2490 = PLANE('',#2491);
#2491 = AXIS2_PLACEMENT_3D('',#2492,#2493,#2494);
#2492 = CARTESIAN_POINT('',(2.29,0.66,0.575));
#2493 = DIRECTION('',(0.707106781187,-1.570092458684E-16,-0.707106781187
    ));
#2494 = DIRECTION('',(0.707106781187,-1.570092458684E-16,0.707106781187)
  );
#2495 = ADVANCED_FACE('',(#2496),#2512,.F.);
#2496 = FACE_BOUND('',#2497,.F.);
#2497 = EDGE_LOOP('',(#2498,#2499,#2505,#2506));
#2498 = ORIENTED_EDGE('',*,*,#2475,.F.);
#2499 = ORIENTED_EDGE('',*,*,#2500,.F.);
#2500 = EDGE_CURVE('',#552,#2476,#2501,.T.);
#2501 = LINE('',#2502,#2503);
#2502 = CARTESIAN_POINT('',(2.315,0.46,1.85));
#2503 = VECTOR('',#2504,1.);
#2504 = DIRECTION('',(0.,0.,-1.));
#2505 = ORIENTED_EDGE('',*,*,#549,.F.);
#2506 = ORIENTED_EDGE('',*,*,#2507,.T.);
#2507 = EDGE_CURVE('',#550,#2453,#2508,.T.);
#2508 = LINE('',#2509,#2510);
#2509 = CARTESIAN_POINT('',(2.315,0.86,1.85));
#2510 = VECTOR('',#2511,1.);
#2511 = DIRECTION('',(0.,0.,-1.));
#2512 = PLANE('',#2513);
#2513 = AXIS2_PLACEMENT_3D('',#2514,#2515,#2516);
#2514 = CARTESIAN_POINT('',(2.315,0.46,0.55));
#2515 = DIRECTION('',(-1.,2.22044604925E-16,0.));
#2516 = DIRECTION('',(2.22044604925E-16,1.,0.));
#2517 = ADVANCED_FACE('',(#2518),#2534,.F.);
#2518 = FACE_BOUND('',#2519,.F.);
#2519 = EDGE_LOOP('',(#2520,#2526,#2532,#2533));
#2520 = ORIENTED_EDGE('',*,*,#2521,.F.);
#2521 = EDGE_CURVE('',#2430,#2476,#2522,.T.);
#2522 = LINE('',#2523,#2524);
#2523 = CARTESIAN_POINT('',(2.715,0.46,0.6));
#2524 = VECTOR('',#2525,1.);
#2525 = DIRECTION('',(-1.,2.22044604925E-16,0.));
#2526 = ORIENTED_EDGE('',*,*,#2527,.F.);
#2527 = EDGE_CURVE('',#560,#2430,#2528,.T.);
#2528 = LINE('',#2529,#2530);
#2529 = CARTESIAN_POINT('',(2.715,0.46,1.85));
#2530 = VECTOR('',#2531,1.);
#2531 = DIRECTION('',(0.,0.,-1.));
#2532 = ORIENTED_EDGE('',*,*,#559,.F.);
#2533 = ORIENTED_EDGE('',*,*,#2500,.T.);
#2534 = PLANE('',#2535);
#2535 = AXIS2_PLACEMENT_3D('',#2536,#2537,#2538);
#2536 = CARTESIAN_POINT('',(2.715,0.46,0.55));
#2537 = DIRECTION('',(-2.22044604925E-16,-1.,0.));
#2538 = DIRECTION('',(-1.,2.22044604925E-16,0.));
#2539 = ADVANCED_FACE('',(#2540),#2546,.T.);
#2540 = FACE_BOUND('',#2541,.F.);
#2541 = EDGE_LOOP('',(#2542,#2543,#2544,#2545));
#2542 = ORIENTED_EDGE('',*,*,#2521,.T.);
#2543 = ORIENTED_EDGE('',*,*,#2485,.F.);
#2544 = ORIENTED_EDGE('',*,*,#2197,.F.);
#2545 = ORIENTED_EDGE('',*,*,#2437,.T.);
#2546 = PLANE('',#2547);
#2547 = AXIS2_PLACEMENT_3D('',#2548,#2549,#2550);
#2548 = CARTESIAN_POINT('',(2.515,0.435,0.575));
#2549 = DIRECTION('',(1.570092458684E-16,0.707106781187,-0.707106781186)
  );
#2550 = DIRECTION('',(1.570092458684E-16,0.707106781186,0.707106781187)
  );
#2551 = ADVANCED_FACE('',(#2552),#2563,.F.);
#2552 = FACE_BOUND('',#2553,.F.);
#2553 = EDGE_LOOP('',(#2554,#2555,#2561,#2562));
#2554 = ORIENTED_EDGE('',*,*,#2429,.F.);
#2555 = ORIENTED_EDGE('',*,*,#2556,.F.);
#2556 = EDGE_CURVE('',#568,#2422,#2557,.T.);
#2557 = LINE('',#2558,#2559);
#2558 = CARTESIAN_POINT('',(2.715,0.86,1.85));
#2559 = VECTOR('',#2560,1.);
#2560 = DIRECTION('',(0.,0.,-1.));
#2561 = ORIENTED_EDGE('',*,*,#567,.F.);
#2562 = ORIENTED_EDGE('',*,*,#2527,.T.);
#2563 = PLANE('',#2564);
#2564 = AXIS2_PLACEMENT_3D('',#2565,#2566,#2567);
#2565 = CARTESIAN_POINT('',(2.715,0.86,0.55));
#2566 = DIRECTION('',(1.,-2.22044604925E-16,0.));
#2567 = DIRECTION('',(-2.22044604925E-16,-1.,0.));
#2568 = ADVANCED_FACE('',(#2569),#2575,.F.);
#2569 = FACE_BOUND('',#2570,.F.);
#2570 = EDGE_LOOP('',(#2571,#2572,#2573,#2574));
#2571 = ORIENTED_EDGE('',*,*,#2460,.F.);
#2572 = ORIENTED_EDGE('',*,*,#2507,.F.);
#2573 = ORIENTED_EDGE('',*,*,#575,.F.);
#2574 = ORIENTED_EDGE('',*,*,#2556,.T.);
#2575 = PLANE('',#2576);
#2576 = AXIS2_PLACEMENT_3D('',#2577,#2578,#2579);
#2577 = CARTESIAN_POINT('',(2.315,0.86,0.55));
#2578 = DIRECTION('',(2.22044604925E-16,1.,0.));
#2579 = DIRECTION('',(1.,-2.22044604925E-16,0.));
#2580 = ADVANCED_FACE('',(#2581),#2606,.T.);
#2581 = FACE_BOUND('',#2582,.F.);
#2582 = EDGE_LOOP('',(#2583,#2593,#2599,#2600));
#2583 = ORIENTED_EDGE('',*,*,#2584,.T.);
#2584 = EDGE_CURVE('',#2585,#2587,#2589,.T.);
#2585 = VERTEX_POINT('',#2586);
#2586 = CARTESIAN_POINT('',(1.045,-0.81,0.6));
#2587 = VERTEX_POINT('',#2588);
#2588 = CARTESIAN_POINT('',(1.045,-0.41,0.6));
#2589 = LINE('',#2590,#2591);
#2590 = CARTESIAN_POINT('',(1.045,-0.81,0.6));
#2591 = VECTOR('',#2592,1.);
#2592 = DIRECTION('',(2.22044604925E-16,1.,0.));
#2593 = ORIENTED_EDGE('',*,*,#2594,.F.);
#2594 = EDGE_CURVE('',#2020,#2587,#2595,.T.);
#2595 = LINE('',#2596,#2597);
#2596 = CARTESIAN_POINT('',(0.995,-0.36,0.55));
#2597 = VECTOR('',#2598,1.);
#2598 = DIRECTION('',(0.57735026919,-0.57735026919,0.57735026919));
#2599 = ORIENTED_EDGE('',*,*,#2017,.F.);
#2600 = ORIENTED_EDGE('',*,*,#2601,.T.);
#2601 = EDGE_CURVE('',#2018,#2585,#2602,.T.);
#2602 = LINE('',#2603,#2604);
#2603 = CARTESIAN_POINT('',(0.995,-0.86,0.55));
#2604 = VECTOR('',#2605,1.);
#2605 = DIRECTION('',(0.57735026919,0.57735026919,0.57735026919));
#2606 = PLANE('',#2607);
#2607 = AXIS2_PLACEMENT_3D('',#2608,#2609,#2610);
#2608 = CARTESIAN_POINT('',(1.02,-0.61,0.575));
#2609 = DIRECTION('',(0.707106781187,-1.570092458684E-16,-0.707106781187
    ));
#2610 = DIRECTION('',(0.707106781187,-1.570092458684E-16,0.707106781187)
  );
#2611 = ADVANCED_FACE('',(#2612),#2628,.F.);
#2612 = FACE_BOUND('',#2613,.F.);
#2613 = EDGE_LOOP('',(#2614,#2615,#2621,#2622));
#2614 = ORIENTED_EDGE('',*,*,#2584,.F.);
#2615 = ORIENTED_EDGE('',*,*,#2616,.F.);
#2616 = EDGE_CURVE('',#322,#2585,#2617,.T.);
#2617 = LINE('',#2618,#2619);
#2618 = CARTESIAN_POINT('',(1.045,-0.81,1.85));
#2619 = VECTOR('',#2620,1.);
#2620 = DIRECTION('',(0.,0.,-1.));
#2621 = ORIENTED_EDGE('',*,*,#321,.F.);
#2622 = ORIENTED_EDGE('',*,*,#2623,.T.);
#2623 = EDGE_CURVE('',#314,#2587,#2624,.T.);
#2624 = LINE('',#2625,#2626);
#2625 = CARTESIAN_POINT('',(1.045,-0.41,1.85));
#2626 = VECTOR('',#2627,1.);
#2627 = DIRECTION('',(0.,0.,-1.));
#2628 = PLANE('',#2629);
#2629 = AXIS2_PLACEMENT_3D('',#2630,#2631,#2632);
#2630 = CARTESIAN_POINT('',(1.045,-0.81,0.55));
#2631 = DIRECTION('',(-1.,2.22044604925E-16,0.));
#2632 = DIRECTION('',(2.22044604925E-16,1.,0.));
#2633 = ADVANCED_FACE('',(#2634),#2652,.F.);
#2634 = FACE_BOUND('',#2635,.F.);
#2635 = EDGE_LOOP('',(#2636,#2644,#2650,#2651));
#2636 = ORIENTED_EDGE('',*,*,#2637,.F.);
#2637 = EDGE_CURVE('',#2638,#2585,#2640,.T.);
#2638 = VERTEX_POINT('',#2639);
#2639 = CARTESIAN_POINT('',(1.445,-0.81,0.6));
#2640 = LINE('',#2641,#2642);
#2641 = CARTESIAN_POINT('',(1.445,-0.81,0.6));
#2642 = VECTOR('',#2643,1.);
#2643 = DIRECTION('',(-1.,2.22044604925E-16,0.));
#2644 = ORIENTED_EDGE('',*,*,#2645,.F.);
#2645 = EDGE_CURVE('',#330,#2638,#2646,.T.);
#2646 = LINE('',#2647,#2648);
#2647 = CARTESIAN_POINT('',(1.445,-0.81,1.85));
#2648 = VECTOR('',#2649,1.);
#2649 = DIRECTION('',(0.,0.,-1.));
#2650 = ORIENTED_EDGE('',*,*,#329,.F.);
#2651 = ORIENTED_EDGE('',*,*,#2616,.T.);
#2652 = PLANE('',#2653);
#2653 = AXIS2_PLACEMENT_3D('',#2654,#2655,#2656);
#2654 = CARTESIAN_POINT('',(1.445,-0.81,0.55));
#2655 = DIRECTION('',(-2.22044604925E-16,-1.,0.));
#2656 = DIRECTION('',(-1.,2.22044604925E-16,0.));
#2657 = ADVANCED_FACE('',(#2658),#2669,.T.);
#2658 = FACE_BOUND('',#2659,.F.);
#2659 = EDGE_LOOP('',(#2660,#2661,#2667,#2668));
#2660 = ORIENTED_EDGE('',*,*,#2043,.F.);
#2661 = ORIENTED_EDGE('',*,*,#2662,.T.);
#2662 = EDGE_CURVE('',#2036,#2638,#2663,.T.);
#2663 = LINE('',#2664,#2665);
#2664 = CARTESIAN_POINT('',(1.495,-0.86,0.55));
#2665 = VECTOR('',#2666,1.);
#2666 = DIRECTION('',(-0.57735026919,0.57735026919,0.57735026919));
#2667 = ORIENTED_EDGE('',*,*,#2637,.T.);
#2668 = ORIENTED_EDGE('',*,*,#2601,.F.);
#2669 = PLANE('',#2670);
#2670 = AXIS2_PLACEMENT_3D('',#2671,#2672,#2673);
#2671 = CARTESIAN_POINT('',(1.245,-0.835,0.575));
#2672 = DIRECTION('',(1.570092458684E-16,0.707106781187,-0.707106781187)
  );
#2673 = DIRECTION('',(1.570092458684E-16,0.707106781187,0.707106781187)
  );
#2674 = ADVANCED_FACE('',(#2675),#2693,.T.);
#2675 = FACE_BOUND('',#2676,.F.);
#2676 = EDGE_LOOP('',(#2677,#2678,#2686,#2692));
#2677 = ORIENTED_EDGE('',*,*,#2035,.F.);
#2678 = ORIENTED_EDGE('',*,*,#2679,.T.);
#2679 = EDGE_CURVE('',#2028,#2680,#2682,.T.);
#2680 = VERTEX_POINT('',#2681);
#2681 = CARTESIAN_POINT('',(1.445,-0.41,0.6));
#2682 = LINE('',#2683,#2684);
#2683 = CARTESIAN_POINT('',(1.495,-0.36,0.55));
#2684 = VECTOR('',#2685,1.);
#2685 = DIRECTION('',(-0.57735026919,-0.57735026919,0.57735026919));
#2686 = ORIENTED_EDGE('',*,*,#2687,.T.);
#2687 = EDGE_CURVE('',#2680,#2638,#2688,.T.);
#2688 = LINE('',#2689,#2690);
#2689 = CARTESIAN_POINT('',(1.445,-0.41,0.6));
#2690 = VECTOR('',#2691,1.);
#2691 = DIRECTION('',(-2.22044604925E-16,-1.,0.));
#2692 = ORIENTED_EDGE('',*,*,#2662,.F.);
#2693 = PLANE('',#2694);
#2694 = AXIS2_PLACEMENT_3D('',#2695,#2696,#2697);
#2695 = CARTESIAN_POINT('',(1.47,-0.61,0.575));
#2696 = DIRECTION('',(-0.707106781187,1.570092458684E-16,-0.707106781187
    ));
#2697 = DIRECTION('',(-0.707106781187,1.570092458684E-16,0.707106781187)
  );
#2698 = ADVANCED_FACE('',(#2699),#2710,.T.);
#2699 = FACE_BOUND('',#2700,.F.);
#2700 = EDGE_LOOP('',(#2701,#2707,#2708,#2709));
#2701 = ORIENTED_EDGE('',*,*,#2702,.T.);
#2702 = EDGE_CURVE('',#2587,#2680,#2703,.T.);
#2703 = LINE('',#2704,#2705);
#2704 = CARTESIAN_POINT('',(1.045,-0.41,0.6));
#2705 = VECTOR('',#2706,1.);
#2706 = DIRECTION('',(1.,-2.22044604925E-16,0.));
#2707 = ORIENTED_EDGE('',*,*,#2679,.F.);
#2708 = ORIENTED_EDGE('',*,*,#2027,.F.);
#2709 = ORIENTED_EDGE('',*,*,#2594,.T.);
#2710 = PLANE('',#2711);
#2711 = AXIS2_PLACEMENT_3D('',#2712,#2713,#2714);
#2712 = CARTESIAN_POINT('',(1.245,-0.385,0.575));
#2713 = DIRECTION('',(-1.570092458684E-16,-0.707106781187,
    -0.707106781187));
#2714 = DIRECTION('',(-1.570092458684E-16,-0.707106781187,0.707106781187
    ));
#2715 = ADVANCED_FACE('',(#2716),#2727,.F.);
#2716 = FACE_BOUND('',#2717,.F.);
#2717 = EDGE_LOOP('',(#2718,#2719,#2720,#2721));
#2718 = ORIENTED_EDGE('',*,*,#2702,.F.);
#2719 = ORIENTED_EDGE('',*,*,#2623,.F.);
#2720 = ORIENTED_EDGE('',*,*,#311,.F.);
#2721 = ORIENTED_EDGE('',*,*,#2722,.T.);
#2722 = EDGE_CURVE('',#312,#2680,#2723,.T.);
#2723 = LINE('',#2724,#2725);
#2724 = CARTESIAN_POINT('',(1.445,-0.41,1.85));
#2725 = VECTOR('',#2726,1.);
#2726 = DIRECTION('',(0.,0.,-1.));
#2727 = PLANE('',#2728);
#2728 = AXIS2_PLACEMENT_3D('',#2729,#2730,#2731);
#2729 = CARTESIAN_POINT('',(1.045,-0.41,0.55));
#2730 = DIRECTION('',(2.22044604925E-16,1.,0.));
#2731 = DIRECTION('',(1.,-2.22044604925E-16,0.));
#2732 = ADVANCED_FACE('',(#2733),#2739,.F.);
#2733 = FACE_BOUND('',#2734,.F.);
#2734 = EDGE_LOOP('',(#2735,#2736,#2737,#2738));
#2735 = ORIENTED_EDGE('',*,*,#2687,.F.);
#2736 = ORIENTED_EDGE('',*,*,#2722,.F.);
#2737 = ORIENTED_EDGE('',*,*,#337,.F.);
#2738 = ORIENTED_EDGE('',*,*,#2645,.T.);
#2739 = PLANE('',#2740);
#2740 = AXIS2_PLACEMENT_3D('',#2741,#2742,#2743);
#2741 = CARTESIAN_POINT('',(1.445,-0.41,0.55));
#2742 = DIRECTION('',(1.,-2.22044604925E-16,0.));
#2743 = DIRECTION('',(-2.22044604925E-16,-1.,0.));
#2744 = ADVANCED_FACE('',(#2745),#2770,.T.);
#2745 = FACE_BOUND('',#2746,.F.);
#2746 = EDGE_LOOP('',(#2747,#2748,#2756,#2764));
#2747 = ORIENTED_EDGE('',*,*,#2051,.F.);
#2748 = ORIENTED_EDGE('',*,*,#2749,.T.);
#2749 = EDGE_CURVE('',#2052,#2750,#2752,.T.);
#2750 = VERTEX_POINT('',#2751);
#2751 = CARTESIAN_POINT('',(1.445,0.86,0.6));
#2752 = LINE('',#2753,#2754);
#2753 = CARTESIAN_POINT('',(1.495,0.91,0.55));
#2754 = VECTOR('',#2755,1.);
#2755 = DIRECTION('',(-0.57735026919,-0.57735026919,0.57735026919));
#2756 = ORIENTED_EDGE('',*,*,#2757,.T.);
#2757 = EDGE_CURVE('',#2750,#2758,#2760,.T.);
#2758 = VERTEX_POINT('',#2759);
#2759 = CARTESIAN_POINT('',(1.445,0.46,0.6));
#2760 = LINE('',#2761,#2762);
#2761 = CARTESIAN_POINT('',(1.445,0.86,0.6));
#2762 = VECTOR('',#2763,1.);
#2763 = DIRECTION('',(-2.22044604925E-16,-1.,0.));
#2764 = ORIENTED_EDGE('',*,*,#2765,.F.);
#2765 = EDGE_CURVE('',#2054,#2758,#2766,.T.);
#2766 = LINE('',#2767,#2768);
#2767 = CARTESIAN_POINT('',(1.495,0.41,0.55));
#2768 = VECTOR('',#2769,1.);
#2769 = DIRECTION('',(-0.57735026919,0.57735026919,0.57735026919));
#2770 = PLANE('',#2771);
#2771 = AXIS2_PLACEMENT_3D('',#2772,#2773,#2774);
#2772 = CARTESIAN_POINT('',(1.47,0.66,0.575));
#2773 = DIRECTION('',(-0.707106781187,1.570092458684E-16,-0.707106781187
    ));
#2774 = DIRECTION('',(-0.707106781187,1.570092458684E-16,0.707106781187)
  );
#2775 = ADVANCED_FACE('',(#2776),#2794,.T.);
#2776 = FACE_BOUND('',#2777,.F.);
#2777 = EDGE_LOOP('',(#2778,#2779,#2787,#2793));
#2778 = ORIENTED_EDGE('',*,*,#2077,.F.);
#2779 = ORIENTED_EDGE('',*,*,#2780,.T.);
#2780 = EDGE_CURVE('',#2070,#2781,#2783,.T.);
#2781 = VERTEX_POINT('',#2782);
#2782 = CARTESIAN_POINT('',(1.045,0.86,0.6));
#2783 = LINE('',#2784,#2785);
#2784 = CARTESIAN_POINT('',(0.995,0.91,0.55));
#2785 = VECTOR('',#2786,1.);
#2786 = DIRECTION('',(0.57735026919,-0.57735026919,0.57735026919));
#2787 = ORIENTED_EDGE('',*,*,#2788,.T.);
#2788 = EDGE_CURVE('',#2781,#2750,#2789,.T.);
#2789 = LINE('',#2790,#2791);
#2790 = CARTESIAN_POINT('',(1.045,0.86,0.6));
#2791 = VECTOR('',#2792,1.);
#2792 = DIRECTION('',(1.,-2.22044604925E-16,0.));
#2793 = ORIENTED_EDGE('',*,*,#2749,.F.);
#2794 = PLANE('',#2795);
#2795 = AXIS2_PLACEMENT_3D('',#2796,#2797,#2798);
#2796 = CARTESIAN_POINT('',(1.245,0.885,0.575));
#2797 = DIRECTION('',(-1.570092458684E-16,-0.707106781187,
    -0.707106781187));
#2798 = DIRECTION('',(-1.570092458684E-16,-0.707106781187,0.707106781187
    ));
#2799 = ADVANCED_FACE('',(#2800),#2818,.T.);
#2800 = FACE_BOUND('',#2801,.F.);
#2801 = EDGE_LOOP('',(#2802,#2810,#2811,#2812));
#2802 = ORIENTED_EDGE('',*,*,#2803,.T.);
#2803 = EDGE_CURVE('',#2804,#2781,#2806,.T.);
#2804 = VERTEX_POINT('',#2805);
#2805 = CARTESIAN_POINT('',(1.045,0.46,0.6));
#2806 = LINE('',#2807,#2808);
#2807 = CARTESIAN_POINT('',(1.045,0.46,0.6));
#2808 = VECTOR('',#2809,1.);
#2809 = DIRECTION('',(2.22044604925E-16,1.,0.));
#2810 = ORIENTED_EDGE('',*,*,#2780,.F.);
#2811 = ORIENTED_EDGE('',*,*,#2069,.F.);
#2812 = ORIENTED_EDGE('',*,*,#2813,.T.);
#2813 = EDGE_CURVE('',#2062,#2804,#2814,.T.);
#2814 = LINE('',#2815,#2816);
#2815 = CARTESIAN_POINT('',(0.995,0.41,0.55));
#2816 = VECTOR('',#2817,1.);
#2817 = DIRECTION('',(0.57735026919,0.57735026919,0.57735026919));
#2818 = PLANE('',#2819);
#2819 = AXIS2_PLACEMENT_3D('',#2820,#2821,#2822);
#2820 = CARTESIAN_POINT('',(1.02,0.66,0.575));
#2821 = DIRECTION('',(0.707106781187,-1.570092458684E-16,-0.707106781187
    ));
#2822 = DIRECTION('',(0.707106781187,-1.570092458684E-16,0.707106781187)
  );
#2823 = ADVANCED_FACE('',(#2824),#2840,.F.);
#2824 = FACE_BOUND('',#2825,.F.);
#2825 = EDGE_LOOP('',(#2826,#2827,#2833,#2834));
#2826 = ORIENTED_EDGE('',*,*,#2803,.F.);
#2827 = ORIENTED_EDGE('',*,*,#2828,.F.);
#2828 = EDGE_CURVE('',#280,#2804,#2829,.T.);
#2829 = LINE('',#2830,#2831);
#2830 = CARTESIAN_POINT('',(1.045,0.46,1.85));
#2831 = VECTOR('',#2832,1.);
#2832 = DIRECTION('',(0.,0.,-1.));
#2833 = ORIENTED_EDGE('',*,*,#277,.F.);
#2834 = ORIENTED_EDGE('',*,*,#2835,.T.);
#2835 = EDGE_CURVE('',#278,#2781,#2836,.T.);
#2836 = LINE('',#2837,#2838);
#2837 = CARTESIAN_POINT('',(1.045,0.86,1.85));
#2838 = VECTOR('',#2839,1.);
#2839 = DIRECTION('',(0.,0.,-1.));
#2840 = PLANE('',#2841);
#2841 = AXIS2_PLACEMENT_3D('',#2842,#2843,#2844);
#2842 = CARTESIAN_POINT('',(1.045,0.46,0.55));
#2843 = DIRECTION('',(-1.,2.22044604925E-16,0.));
#2844 = DIRECTION('',(2.22044604925E-16,1.,0.));
#2845 = ADVANCED_FACE('',(#2846),#2862,.F.);
#2846 = FACE_BOUND('',#2847,.F.);
#2847 = EDGE_LOOP('',(#2848,#2854,#2860,#2861));
#2848 = ORIENTED_EDGE('',*,*,#2849,.F.);
#2849 = EDGE_CURVE('',#2758,#2804,#2850,.T.);
#2850 = LINE('',#2851,#2852);
#2851 = CARTESIAN_POINT('',(1.445,0.46,0.6));
#2852 = VECTOR('',#2853,1.);
#2853 = DIRECTION('',(-1.,2.22044604925E-16,0.));
#2854 = ORIENTED_EDGE('',*,*,#2855,.F.);
#2855 = EDGE_CURVE('',#288,#2758,#2856,.T.);
#2856 = LINE('',#2857,#2858);
#2857 = CARTESIAN_POINT('',(1.445,0.46,1.85));
#2858 = VECTOR('',#2859,1.);
#2859 = DIRECTION('',(0.,0.,-1.));
#2860 = ORIENTED_EDGE('',*,*,#287,.F.);
#2861 = ORIENTED_EDGE('',*,*,#2828,.T.);
#2862 = PLANE('',#2863);
#2863 = AXIS2_PLACEMENT_3D('',#2864,#2865,#2866);
#2864 = CARTESIAN_POINT('',(1.445,0.46,0.55));
#2865 = DIRECTION('',(-2.22044604925E-16,-1.,0.));
#2866 = DIRECTION('',(-1.,2.22044604925E-16,0.));
#2867 = ADVANCED_FACE('',(#2868),#2874,.T.);
#2868 = FACE_BOUND('',#2869,.F.);
#2869 = EDGE_LOOP('',(#2870,#2871,#2872,#2873));
#2870 = ORIENTED_EDGE('',*,*,#2849,.T.);
#2871 = ORIENTED_EDGE('',*,*,#2813,.F.);
#2872 = ORIENTED_EDGE('',*,*,#2061,.F.);
#2873 = ORIENTED_EDGE('',*,*,#2765,.T.);
#2874 = PLANE('',#2875);
#2875 = AXIS2_PLACEMENT_3D('',#2876,#2877,#2878);
#2876 = CARTESIAN_POINT('',(1.245,0.435,0.575));
#2877 = DIRECTION('',(1.570092458684E-16,0.707106781187,-0.707106781187)
  );
#2878 = DIRECTION('',(1.570092458684E-16,0.707106781187,0.707106781187)
  );
#2879 = ADVANCED_FACE('',(#2880),#2891,.F.);
#2880 = FACE_BOUND('',#2881,.F.);
#2881 = EDGE_LOOP('',(#2882,#2883,#2889,#2890));
#2882 = ORIENTED_EDGE('',*,*,#2757,.F.);
#2883 = ORIENTED_EDGE('',*,*,#2884,.F.);
#2884 = EDGE_CURVE('',#296,#2750,#2885,.T.);
#2885 = LINE('',#2886,#2887);
#2886 = CARTESIAN_POINT('',(1.445,0.86,1.85));
#2887 = VECTOR('',#2888,1.);
#2888 = DIRECTION('',(0.,0.,-1.));
#2889 = ORIENTED_EDGE('',*,*,#295,.F.);
#2890 = ORIENTED_EDGE('',*,*,#2855,.T.);
#2891 = PLANE('',#2892);
#2892 = AXIS2_PLACEMENT_3D('',#2893,#2894,#2895);
#2893 = CARTESIAN_POINT('',(1.445,0.86,0.55));
#2894 = DIRECTION('',(1.,-2.22044604925E-16,0.));
#2895 = DIRECTION('',(-2.22044604925E-16,-1.,0.));
#2896 = ADVANCED_FACE('',(#2897),#2903,.F.);
#2897 = FACE_BOUND('',#2898,.F.);
#2898 = EDGE_LOOP('',(#2899,#2900,#2901,#2902));
#2899 = ORIENTED_EDGE('',*,*,#2788,.F.);
#2900 = ORIENTED_EDGE('',*,*,#2835,.F.);
#2901 = ORIENTED_EDGE('',*,*,#303,.F.);
#2902 = ORIENTED_EDGE('',*,*,#2884,.T.);
#2903 = PLANE('',#2904);
#2904 = AXIS2_PLACEMENT_3D('',#2905,#2906,#2907);
#2905 = CARTESIAN_POINT('',(1.045,0.86,0.55));
#2906 = DIRECTION('',(2.22044604925E-16,1.,0.));
#2907 = DIRECTION('',(1.,-2.22044604925E-16,0.));
#2908 = ADVANCED_FACE('',(#2909),#2934,.T.);
#2909 = FACE_BOUND('',#2910,.F.);
#2910 = EDGE_LOOP('',(#2911,#2921,#2927,#2928));
#2911 = ORIENTED_EDGE('',*,*,#2912,.T.);
#2912 = EDGE_CURVE('',#2913,#2915,#2917,.T.);
#2913 = VERTEX_POINT('',#2914);
#2914 = CARTESIAN_POINT('',(-0.225,-0.81,0.6));
#2915 = VERTEX_POINT('',#2916);
#2916 = CARTESIAN_POINT('',(-0.225,-0.41,0.6));
#2917 = LINE('',#2918,#2919);
#2918 = CARTESIAN_POINT('',(-0.225,-0.81,0.6));
#2919 = VECTOR('',#2920,1.);
#2920 = DIRECTION('',(2.22044604925E-16,1.,0.));
#2921 = ORIENTED_EDGE('',*,*,#2922,.F.);
#2922 = EDGE_CURVE('',#1884,#2915,#2923,.T.);
#2923 = LINE('',#2924,#2925);
#2924 = CARTESIAN_POINT('',(-0.275,-0.36,0.55));
#2925 = VECTOR('',#2926,1.);
#2926 = DIRECTION('',(0.57735026919,-0.57735026919,0.57735026919));
#2927 = ORIENTED_EDGE('',*,*,#1881,.F.);
#2928 = ORIENTED_EDGE('',*,*,#2929,.T.);
#2929 = EDGE_CURVE('',#1882,#2913,#2930,.T.);
#2930 = LINE('',#2931,#2932);
#2931 = CARTESIAN_POINT('',(-0.275,-0.86,0.55));
#2932 = VECTOR('',#2933,1.);
#2933 = DIRECTION('',(0.57735026919,0.57735026919,0.57735026919));
#2934 = PLANE('',#2935);
#2935 = AXIS2_PLACEMENT_3D('',#2936,#2937,#2938);
#2936 = CARTESIAN_POINT('',(-0.25,-0.61,0.575));
#2937 = DIRECTION('',(0.707106781187,-1.570092458684E-16,-0.707106781187
    ));
#2938 = DIRECTION('',(0.707106781187,-1.570092458684E-16,0.707106781187)
  );
#2939 = ADVANCED_FACE('',(#2940),#2956,.F.);
#2940 = FACE_BOUND('',#2941,.F.);
#2941 = EDGE_LOOP('',(#2942,#2943,#2949,#2950));
#2942 = ORIENTED_EDGE('',*,*,#2912,.F.);
#2943 = ORIENTED_EDGE('',*,*,#2944,.F.);
#2944 = EDGE_CURVE('',#390,#2913,#2945,.T.);
#2945 = LINE('',#2946,#2947);
#2946 = CARTESIAN_POINT('',(-0.225,-0.81,1.85));
#2947 = VECTOR('',#2948,1.);
#2948 = DIRECTION('',(0.,0.,-1.));
#2949 = ORIENTED_EDGE('',*,*,#389,.F.);
#2950 = ORIENTED_EDGE('',*,*,#2951,.T.);
#2951 = EDGE_CURVE('',#382,#2915,#2952,.T.);
#2952 = LINE('',#2953,#2954);
#2953 = CARTESIAN_POINT('',(-0.225,-0.41,1.85));
#2954 = VECTOR('',#2955,1.);
#2955 = DIRECTION('',(0.,0.,-1.));
#2956 = PLANE('',#2957);
#2957 = AXIS2_PLACEMENT_3D('',#2958,#2959,#2960);
#2958 = CARTESIAN_POINT('',(-0.225,-0.81,0.55));
#2959 = DIRECTION('',(-1.,2.22044604925E-16,0.));
#2960 = DIRECTION('',(2.22044604925E-16,1.,0.));
#2961 = ADVANCED_FACE('',(#2962),#2980,.F.);
#2962 = FACE_BOUND('',#2963,.F.);
#2963 = EDGE_LOOP('',(#2964,#2972,#2978,#2979));
#2964 = ORIENTED_EDGE('',*,*,#2965,.F.);
#2965 = EDGE_CURVE('',#2966,#2913,#2968,.T.);
#2966 = VERTEX_POINT('',#2967);
#2967 = CARTESIAN_POINT('',(0.175,-0.81,0.6));
#2968 = LINE('',#2969,#2970);
#2969 = CARTESIAN_POINT('',(0.175,-0.81,0.6));
#2970 = VECTOR('',#2971,1.);
#2971 = DIRECTION('',(-1.,2.22044604925E-16,0.));
#2972 = ORIENTED_EDGE('',*,*,#2973,.F.);
#2973 = EDGE_CURVE('',#398,#2966,#2974,.T.);
#2974 = LINE('',#2975,#2976);
#2975 = CARTESIAN_POINT('',(0.175,-0.81,1.85));
#2976 = VECTOR('',#2977,1.);
#2977 = DIRECTION('',(0.,0.,-1.));
#2978 = ORIENTED_EDGE('',*,*,#397,.F.);
#2979 = ORIENTED_EDGE('',*,*,#2944,.T.);
#2980 = PLANE('',#2981);
#2981 = AXIS2_PLACEMENT_3D('',#2982,#2983,#2984);
#2982 = CARTESIAN_POINT('',(0.175,-0.81,0.55));
#2983 = DIRECTION('',(-2.22044604925E-16,-1.,0.));
#2984 = DIRECTION('',(-1.,2.22044604925E-16,0.));
#2985 = ADVANCED_FACE('',(#2986),#2997,.T.);
#2986 = FACE_BOUND('',#2987,.F.);
#2987 = EDGE_LOOP('',(#2988,#2989,#2995,#2996));
#2988 = ORIENTED_EDGE('',*,*,#1907,.F.);
#2989 = ORIENTED_EDGE('',*,*,#2990,.T.);
#2990 = EDGE_CURVE('',#1900,#2966,#2991,.T.);
#2991 = LINE('',#2992,#2993);
#2992 = CARTESIAN_POINT('',(0.225,-0.86,0.55));
#2993 = VECTOR('',#2994,1.);
#2994 = DIRECTION('',(-0.57735026919,0.57735026919,0.57735026919));
#2995 = ORIENTED_EDGE('',*,*,#2965,.T.);
#2996 = ORIENTED_EDGE('',*,*,#2929,.F.);
#2997 = PLANE('',#2998);
#2998 = AXIS2_PLACEMENT_3D('',#2999,#3000,#3001);
#2999 = CARTESIAN_POINT('',(-2.5E-02,-0.835,0.575));
#3000 = DIRECTION('',(1.570092458684E-16,0.707106781187,-0.707106781187)
  );
#3001 = DIRECTION('',(1.570092458684E-16,0.707106781187,0.707106781187)
  );
#3002 = ADVANCED_FACE('',(#3003),#3021,.T.);
#3003 = FACE_BOUND('',#3004,.F.);
#3004 = EDGE_LOOP('',(#3005,#3006,#3014,#3020));
#3005 = ORIENTED_EDGE('',*,*,#1899,.F.);
#3006 = ORIENTED_EDGE('',*,*,#3007,.T.);
#3007 = EDGE_CURVE('',#1892,#3008,#3010,.T.);
#3008 = VERTEX_POINT('',#3009);
#3009 = CARTESIAN_POINT('',(0.175,-0.41,0.6));
#3010 = LINE('',#3011,#3012);
#3011 = CARTESIAN_POINT('',(0.225,-0.36,0.55));
#3012 = VECTOR('',#3013,1.);
#3013 = DIRECTION('',(-0.57735026919,-0.57735026919,0.57735026919));
#3014 = ORIENTED_EDGE('',*,*,#3015,.T.);
#3015 = EDGE_CURVE('',#3008,#2966,#3016,.T.);
#3016 = LINE('',#3017,#3018);
#3017 = CARTESIAN_POINT('',(0.175,-0.41,0.6));
#3018 = VECTOR('',#3019,1.);
#3019 = DIRECTION('',(-2.22044604925E-16,-1.,0.));
#3020 = ORIENTED_EDGE('',*,*,#2990,.F.);
#3021 = PLANE('',#3022);
#3022 = AXIS2_PLACEMENT_3D('',#3023,#3024,#3025);
#3023 = CARTESIAN_POINT('',(0.2,-0.61,0.575));
#3024 = DIRECTION('',(-0.707106781187,1.570092458684E-16,-0.707106781187
    ));
#3025 = DIRECTION('',(-0.707106781187,1.570092458684E-16,0.707106781187)
  );
#3026 = ADVANCED_FACE('',(#3027),#3038,.T.);
#3027 = FACE_BOUND('',#3028,.F.);
#3028 = EDGE_LOOP('',(#3029,#3035,#3036,#3037));
#3029 = ORIENTED_EDGE('',*,*,#3030,.T.);
#3030 = EDGE_CURVE('',#2915,#3008,#3031,.T.);
#3031 = LINE('',#3032,#3033);
#3032 = CARTESIAN_POINT('',(-0.225,-0.41,0.6));
#3033 = VECTOR('',#3034,1.);
#3034 = DIRECTION('',(1.,-2.22044604925E-16,0.));
#3035 = ORIENTED_EDGE('',*,*,#3007,.F.);
#3036 = ORIENTED_EDGE('',*,*,#1891,.F.);
#3037 = ORIENTED_EDGE('',*,*,#2922,.T.);
#3038 = PLANE('',#3039);
#3039 = AXIS2_PLACEMENT_3D('',#3040,#3041,#3042);
#3040 = CARTESIAN_POINT('',(-2.5E-02,-0.385,0.575));
#3041 = DIRECTION('',(-1.570092458684E-16,-0.707106781187,
    -0.707106781187));
#3042 = DIRECTION('',(-1.570092458684E-16,-0.707106781187,0.707106781187
    ));
#3043 = ADVANCED_FACE('',(#3044),#3055,.F.);
#3044 = FACE_BOUND('',#3045,.F.);
#3045 = EDGE_LOOP('',(#3046,#3047,#3048,#3049));
#3046 = ORIENTED_EDGE('',*,*,#3030,.F.);
#3047 = ORIENTED_EDGE('',*,*,#2951,.F.);
#3048 = ORIENTED_EDGE('',*,*,#379,.F.);
#3049 = ORIENTED_EDGE('',*,*,#3050,.T.);
#3050 = EDGE_CURVE('',#380,#3008,#3051,.T.);
#3051 = LINE('',#3052,#3053);
#3052 = CARTESIAN_POINT('',(0.175,-0.41,1.85));
#3053 = VECTOR('',#3054,1.);
#3054 = DIRECTION('',(0.,0.,-1.));
#3055 = PLANE('',#3056);
#3056 = AXIS2_PLACEMENT_3D('',#3057,#3058,#3059);
#3057 = CARTESIAN_POINT('',(-0.225,-0.41,0.55));
#3058 = DIRECTION('',(2.22044604925E-16,1.,0.));
#3059 = DIRECTION('',(1.,-2.22044604925E-16,0.));
#3060 = ADVANCED_FACE('',(#3061),#3067,.F.);
#3061 = FACE_BOUND('',#3062,.F.);
#3062 = EDGE_LOOP('',(#3063,#3064,#3065,#3066));
#3063 = ORIENTED_EDGE('',*,*,#3015,.F.);
#3064 = ORIENTED_EDGE('',*,*,#3050,.F.);
#3065 = ORIENTED_EDGE('',*,*,#405,.F.);
#3066 = ORIENTED_EDGE('',*,*,#2973,.T.);
#3067 = PLANE('',#3068);
#3068 = AXIS2_PLACEMENT_3D('',#3069,#3070,#3071);
#3069 = CARTESIAN_POINT('',(0.175,-0.41,0.55));
#3070 = DIRECTION('',(1.,-2.22044604925E-16,0.));
#3071 = DIRECTION('',(-2.22044604925E-16,-1.,0.));
#3072 = ADVANCED_FACE('',(#3073),#3098,.T.);
#3073 = FACE_BOUND('',#3074,.F.);
#3074 = EDGE_LOOP('',(#3075,#3076,#3084,#3092));
#3075 = ORIENTED_EDGE('',*,*,#1915,.F.);
#3076 = ORIENTED_EDGE('',*,*,#3077,.T.);
#3077 = EDGE_CURVE('',#1916,#3078,#3080,.T.);
#3078 = VERTEX_POINT('',#3079);
#3079 = CARTESIAN_POINT('',(0.175,0.86,0.6));
#3080 = LINE('',#3081,#3082);
#3081 = CARTESIAN_POINT('',(0.225,0.91,0.55));
#3082 = VECTOR('',#3083,1.);
#3083 = DIRECTION('',(-0.57735026919,-0.57735026919,0.57735026919));
#3084 = ORIENTED_EDGE('',*,*,#3085,.T.);
#3085 = EDGE_CURVE('',#3078,#3086,#3088,.T.);
#3086 = VERTEX_POINT('',#3087);
#3087 = CARTESIAN_POINT('',(0.175,0.46,0.6));
#3088 = LINE('',#3089,#3090);
#3089 = CARTESIAN_POINT('',(0.175,0.86,0.6));
#3090 = VECTOR('',#3091,1.);
#3091 = DIRECTION('',(-2.22044604925E-16,-1.,0.));
#3092 = ORIENTED_EDGE('',*,*,#3093,.F.);
#3093 = EDGE_CURVE('',#1918,#3086,#3094,.T.);
#3094 = LINE('',#3095,#3096);
#3095 = CARTESIAN_POINT('',(0.225,0.41,0.55));
#3096 = VECTOR('',#3097,1.);
#3097 = DIRECTION('',(-0.57735026919,0.57735026919,0.57735026919));
#3098 = PLANE('',#3099);
#3099 = AXIS2_PLACEMENT_3D('',#3100,#3101,#3102);
#3100 = CARTESIAN_POINT('',(0.2,0.66,0.575));
#3101 = DIRECTION('',(-0.707106781187,1.570092458684E-16,-0.707106781187
    ));
#3102 = DIRECTION('',(-0.707106781187,1.570092458684E-16,0.707106781187)
  );
#3103 = ADVANCED_FACE('',(#3104),#3122,.T.);
#3104 = FACE_BOUND('',#3105,.F.);
#3105 = EDGE_LOOP('',(#3106,#3107,#3115,#3121));
#3106 = ORIENTED_EDGE('',*,*,#1941,.F.);
#3107 = ORIENTED_EDGE('',*,*,#3108,.T.);
#3108 = EDGE_CURVE('',#1934,#3109,#3111,.T.);
#3109 = VERTEX_POINT('',#3110);
#3110 = CARTESIAN_POINT('',(-0.225,0.86,0.6));
#3111 = LINE('',#3112,#3113);
#3112 = CARTESIAN_POINT('',(-0.275,0.91,0.55));
#3113 = VECTOR('',#3114,1.);
#3114 = DIRECTION('',(0.57735026919,-0.57735026919,0.57735026919));
#3115 = ORIENTED_EDGE('',*,*,#3116,.T.);
#3116 = EDGE_CURVE('',#3109,#3078,#3117,.T.);
#3117 = LINE('',#3118,#3119);
#3118 = CARTESIAN_POINT('',(-0.225,0.86,0.6));
#3119 = VECTOR('',#3120,1.);
#3120 = DIRECTION('',(1.,-2.22044604925E-16,0.));
#3121 = ORIENTED_EDGE('',*,*,#3077,.F.);
#3122 = PLANE('',#3123);
#3123 = AXIS2_PLACEMENT_3D('',#3124,#3125,#3126);
#3124 = CARTESIAN_POINT('',(-2.5E-02,0.885,0.575));
#3125 = DIRECTION('',(-1.570092458684E-16,-0.707106781187,
    -0.707106781187));
#3126 = DIRECTION('',(-1.570092458684E-16,-0.707106781187,0.707106781187
    ));
#3127 = ADVANCED_FACE('',(#3128),#3146,.T.);
#3128 = FACE_BOUND('',#3129,.F.);
#3129 = EDGE_LOOP('',(#3130,#3138,#3139,#3140));
#3130 = ORIENTED_EDGE('',*,*,#3131,.T.);
#3131 = EDGE_CURVE('',#3132,#3109,#3134,.T.);
#3132 = VERTEX_POINT('',#3133);
#3133 = CARTESIAN_POINT('',(-0.225,0.46,0.6));
#3134 = LINE('',#3135,#3136);
#3135 = CARTESIAN_POINT('',(-0.225,0.46,0.6));
#3136 = VECTOR('',#3137,1.);
#3137 = DIRECTION('',(2.22044604925E-16,1.,0.));
#3138 = ORIENTED_EDGE('',*,*,#3108,.F.);
#3139 = ORIENTED_EDGE('',*,*,#1933,.F.);
#3140 = ORIENTED_EDGE('',*,*,#3141,.T.);
#3141 = EDGE_CURVE('',#1926,#3132,#3142,.T.);
#3142 = LINE('',#3143,#3144);
#3143 = CARTESIAN_POINT('',(-0.275,0.41,0.55));
#3144 = VECTOR('',#3145,1.);
#3145 = DIRECTION('',(0.57735026919,0.57735026919,0.57735026919));
#3146 = PLANE('',#3147);
#3147 = AXIS2_PLACEMENT_3D('',#3148,#3149,#3150);
#3148 = CARTESIAN_POINT('',(-0.25,0.66,0.575));
#3149 = DIRECTION('',(0.707106781187,-1.570092458684E-16,-0.707106781187
    ));
#3150 = DIRECTION('',(0.707106781187,-1.570092458684E-16,0.707106781187)
  );
#3151 = ADVANCED_FACE('',(#3152),#3168,.F.);
#3152 = FACE_BOUND('',#3153,.F.);
#3153 = EDGE_LOOP('',(#3154,#3155,#3161,#3162));
#3154 = ORIENTED_EDGE('',*,*,#3131,.F.);
#3155 = ORIENTED_EDGE('',*,*,#3156,.F.);
#3156 = EDGE_CURVE('',#348,#3132,#3157,.T.);
#3157 = LINE('',#3158,#3159);
#3158 = CARTESIAN_POINT('',(-0.225,0.46,1.85));
#3159 = VECTOR('',#3160,1.);
#3160 = DIRECTION('',(0.,0.,-1.));
#3161 = ORIENTED_EDGE('',*,*,#345,.F.);
#3162 = ORIENTED_EDGE('',*,*,#3163,.T.);
#3163 = EDGE_CURVE('',#346,#3109,#3164,.T.);
#3164 = LINE('',#3165,#3166);
#3165 = CARTESIAN_POINT('',(-0.225,0.86,1.85));
#3166 = VECTOR('',#3167,1.);
#3167 = DIRECTION('',(0.,0.,-1.));
#3168 = PLANE('',#3169);
#3169 = AXIS2_PLACEMENT_3D('',#3170,#3171,#3172);
#3170 = CARTESIAN_POINT('',(-0.225,0.46,0.55));
#3171 = DIRECTION('',(-1.,2.22044604925E-16,0.));
#3172 = DIRECTION('',(2.22044604925E-16,1.,0.));
#3173 = ADVANCED_FACE('',(#3174),#3190,.F.);
#3174 = FACE_BOUND('',#3175,.F.);
#3175 = EDGE_LOOP('',(#3176,#3182,#3188,#3189));
#3176 = ORIENTED_EDGE('',*,*,#3177,.F.);
#3177 = EDGE_CURVE('',#3086,#3132,#3178,.T.);
#3178 = LINE('',#3179,#3180);
#3179 = CARTESIAN_POINT('',(0.175,0.46,0.6));
#3180 = VECTOR('',#3181,1.);
#3181 = DIRECTION('',(-1.,2.22044604925E-16,0.));
#3182 = ORIENTED_EDGE('',*,*,#3183,.F.);
#3183 = EDGE_CURVE('',#356,#3086,#3184,.T.);
#3184 = LINE('',#3185,#3186);
#3185 = CARTESIAN_POINT('',(0.175,0.46,1.85));
#3186 = VECTOR('',#3187,1.);
#3187 = DIRECTION('',(0.,0.,-1.));
#3188 = ORIENTED_EDGE('',*,*,#355,.F.);
#3189 = ORIENTED_EDGE('',*,*,#3156,.T.);
#3190 = PLANE('',#3191);
#3191 = AXIS2_PLACEMENT_3D('',#3192,#3193,#3194);
#3192 = CARTESIAN_POINT('',(0.175,0.46,0.55));
#3193 = DIRECTION('',(-2.22044604925E-16,-1.,0.));
#3194 = DIRECTION('',(-1.,2.22044604925E-16,0.));
#3195 = ADVANCED_FACE('',(#3196),#3202,.T.);
#3196 = FACE_BOUND('',#3197,.F.);
#3197 = EDGE_LOOP('',(#3198,#3199,#3200,#3201));
#3198 = ORIENTED_EDGE('',*,*,#3177,.T.);
#3199 = ORIENTED_EDGE('',*,*,#3141,.F.);
#3200 = ORIENTED_EDGE('',*,*,#1925,.F.);
#3201 = ORIENTED_EDGE('',*,*,#3093,.T.);
#3202 = PLANE('',#3203);
#3203 = AXIS2_PLACEMENT_3D('',#3204,#3205,#3206);
#3204 = CARTESIAN_POINT('',(-2.5E-02,0.435,0.575));
#3205 = DIRECTION('',(1.570092458684E-16,0.707106781187,-0.707106781187)
  );
#3206 = DIRECTION('',(1.570092458684E-16,0.707106781187,0.707106781187)
  );
#3207 = ADVANCED_FACE('',(#3208),#3219,.F.);
#3208 = FACE_BOUND('',#3209,.F.);
#3209 = EDGE_LOOP('',(#3210,#3211,#3217,#3218));
#3210 = ORIENTED_EDGE('',*,*,#3085,.F.);
#3211 = ORIENTED_EDGE('',*,*,#3212,.F.);
#3212 = EDGE_CURVE('',#364,#3078,#3213,.T.);
#3213 = LINE('',#3214,#3215);
#3214 = CARTESIAN_POINT('',(0.175,0.86,1.85));
#3215 = VECTOR('',#3216,1.);
#3216 = DIRECTION('',(0.,0.,-1.));
#3217 = ORIENTED_EDGE('',*,*,#363,.F.);
#3218 = ORIENTED_EDGE('',*,*,#3183,.T.);
#3219 = PLANE('',#3220);
#3220 = AXIS2_PLACEMENT_3D('',#3221,#3222,#3223);
#3221 = CARTESIAN_POINT('',(0.175,0.86,0.55));
#3222 = DIRECTION('',(1.,-2.22044604925E-16,0.));
#3223 = DIRECTION('',(-2.22044604925E-16,-1.,0.));
#3224 = ADVANCED_FACE('',(#3225),#3231,.F.);
#3225 = FACE_BOUND('',#3226,.F.);
#3226 = EDGE_LOOP('',(#3227,#3228,#3229,#3230));
#3227 = ORIENTED_EDGE('',*,*,#3116,.F.);
#3228 = ORIENTED_EDGE('',*,*,#3163,.F.);
#3229 = ORIENTED_EDGE('',*,*,#371,.F.);
#3230 = ORIENTED_EDGE('',*,*,#3212,.T.);
#3231 = PLANE('',#3232);
#3232 = AXIS2_PLACEMENT_3D('',#3233,#3234,#3235);
#3233 = CARTESIAN_POINT('',(-0.225,0.86,0.55));
#3234 = DIRECTION('',(2.22044604925E-16,1.,0.));
#3235 = DIRECTION('',(1.,-2.22044604925E-16,0.));
#3236 = ADVANCED_FACE('',(#3237),#3262,.T.);
#3237 = FACE_BOUND('',#3238,.F.);
#3238 = EDGE_LOOP('',(#3239,#3249,#3255,#3256));
#3239 = ORIENTED_EDGE('',*,*,#3240,.T.);
#3240 = EDGE_CURVE('',#3241,#3243,#3245,.T.);
#3241 = VERTEX_POINT('',#3242);
#3242 = CARTESIAN_POINT('',(-1.495,-0.81,0.6));
#3243 = VERTEX_POINT('',#3244);
#3244 = CARTESIAN_POINT('',(-1.495,-0.41,0.6));
#3245 = LINE('',#3246,#3247);
#3246 = CARTESIAN_POINT('',(-1.495,-0.81,0.6));
#3247 = VECTOR('',#3248,1.);
#3248 = DIRECTION('',(2.22044604925E-16,1.,0.));
#3249 = ORIENTED_EDGE('',*,*,#3250,.F.);
#3250 = EDGE_CURVE('',#1748,#3243,#3251,.T.);
#3251 = LINE('',#3252,#3253);
#3252 = CARTESIAN_POINT('',(-1.545,-0.36,0.55));
#3253 = VECTOR('',#3254,1.);
#3254 = DIRECTION('',(0.57735026919,-0.57735026919,0.57735026919));
#3255 = ORIENTED_EDGE('',*,*,#1745,.F.);
#3256 = ORIENTED_EDGE('',*,*,#3257,.T.);
#3257 = EDGE_CURVE('',#1746,#3241,#3258,.T.);
#3258 = LINE('',#3259,#3260);
#3259 = CARTESIAN_POINT('',(-1.545,-0.86,0.55));
#3260 = VECTOR('',#3261,1.);
#3261 = DIRECTION('',(0.57735026919,0.57735026919,0.57735026919));
#3262 = PLANE('',#3263);
#3263 = AXIS2_PLACEMENT_3D('',#3264,#3265,#3266);
#3264 = CARTESIAN_POINT('',(-1.52,-0.61,0.575));
#3265 = DIRECTION('',(0.707106781187,-1.570092458684E-16,-0.707106781187
    ));
#3266 = DIRECTION('',(0.707106781187,-1.570092458684E-16,0.707106781187)
  );
#3267 = ADVANCED_FACE('',(#3268),#3284,.F.);
#3268 = FACE_BOUND('',#3269,.F.);
#3269 = EDGE_LOOP('',(#3270,#3271,#3277,#3278));
#3270 = ORIENTED_EDGE('',*,*,#3240,.F.);
#3271 = ORIENTED_EDGE('',*,*,#3272,.F.);
#3272 = EDGE_CURVE('',#458,#3241,#3273,.T.);
#3273 = LINE('',#3274,#3275);
#3274 = CARTESIAN_POINT('',(-1.495,-0.81,1.85));
#3275 = VECTOR('',#3276,1.);
#3276 = DIRECTION('',(0.,0.,-1.));
#3277 = ORIENTED_EDGE('',*,*,#457,.F.);
#3278 = ORIENTED_EDGE('',*,*,#3279,.T.);
#3279 = EDGE_CURVE('',#450,#3243,#3280,.T.);
#3280 = LINE('',#3281,#3282);
#3281 = CARTESIAN_POINT('',(-1.495,-0.41,1.85));
#3282 = VECTOR('',#3283,1.);
#3283 = DIRECTION('',(0.,0.,-1.));
#3284 = PLANE('',#3285);
#3285 = AXIS2_PLACEMENT_3D('',#3286,#3287,#3288);
#3286 = CARTESIAN_POINT('',(-1.495,-0.81,0.55));
#3287 = DIRECTION('',(-1.,2.22044604925E-16,0.));
#3288 = DIRECTION('',(2.22044604925E-16,1.,0.));
#3289 = ADVANCED_FACE('',(#3290),#3308,.F.);
#3290 = FACE_BOUND('',#3291,.F.);
#3291 = EDGE_LOOP('',(#3292,#3300,#3306,#3307));
#3292 = ORIENTED_EDGE('',*,*,#3293,.F.);
#3293 = EDGE_CURVE('',#3294,#3241,#3296,.T.);
#3294 = VERTEX_POINT('',#3295);
#3295 = CARTESIAN_POINT('',(-1.095,-0.81,0.6));
#3296 = LINE('',#3297,#3298);
#3297 = CARTESIAN_POINT('',(-1.095,-0.81,0.6));
#3298 = VECTOR('',#3299,1.);
#3299 = DIRECTION('',(-1.,2.22044604925E-16,0.));
#3300 = ORIENTED_EDGE('',*,*,#3301,.F.);
#3301 = EDGE_CURVE('',#466,#3294,#3302,.T.);
#3302 = LINE('',#3303,#3304);
#3303 = CARTESIAN_POINT('',(-1.095,-0.81,1.85));
#3304 = VECTOR('',#3305,1.);
#3305 = DIRECTION('',(0.,0.,-1.));
#3306 = ORIENTED_EDGE('',*,*,#465,.F.);
#3307 = ORIENTED_EDGE('',*,*,#3272,.T.);
#3308 = PLANE('',#3309);
#3309 = AXIS2_PLACEMENT_3D('',#3310,#3311,#3312);
#3310 = CARTESIAN_POINT('',(-1.095,-0.81,0.55));
#3311 = DIRECTION('',(-2.22044604925E-16,-1.,0.));
#3312 = DIRECTION('',(-1.,2.22044604925E-16,0.));
#3313 = ADVANCED_FACE('',(#3314),#3325,.T.);
#3314 = FACE_BOUND('',#3315,.F.);
#3315 = EDGE_LOOP('',(#3316,#3317,#3323,#3324));
#3316 = ORIENTED_EDGE('',*,*,#1771,.F.);
#3317 = ORIENTED_EDGE('',*,*,#3318,.T.);
#3318 = EDGE_CURVE('',#1764,#3294,#3319,.T.);
#3319 = LINE('',#3320,#3321);
#3320 = CARTESIAN_POINT('',(-1.045,-0.86,0.55));
#3321 = VECTOR('',#3322,1.);
#3322 = DIRECTION('',(-0.57735026919,0.57735026919,0.57735026919));
#3323 = ORIENTED_EDGE('',*,*,#3293,.T.);
#3324 = ORIENTED_EDGE('',*,*,#3257,.F.);
#3325 = PLANE('',#3326);
#3326 = AXIS2_PLACEMENT_3D('',#3327,#3328,#3329);
#3327 = CARTESIAN_POINT('',(-1.295,-0.835,0.575));
#3328 = DIRECTION('',(1.570092458684E-16,0.707106781187,-0.707106781187)
  );
#3329 = DIRECTION('',(1.570092458684E-16,0.707106781187,0.707106781187)
  );
#3330 = ADVANCED_FACE('',(#3331),#3349,.T.);
#3331 = FACE_BOUND('',#3332,.F.);
#3332 = EDGE_LOOP('',(#3333,#3334,#3342,#3348));
#3333 = ORIENTED_EDGE('',*,*,#1763,.F.);
#3334 = ORIENTED_EDGE('',*,*,#3335,.T.);
#3335 = EDGE_CURVE('',#1756,#3336,#3338,.T.);
#3336 = VERTEX_POINT('',#3337);
#3337 = CARTESIAN_POINT('',(-1.095,-0.41,0.6));
#3338 = LINE('',#3339,#3340);
#3339 = CARTESIAN_POINT('',(-1.045,-0.36,0.55));
#3340 = VECTOR('',#3341,1.);
#3341 = DIRECTION('',(-0.57735026919,-0.57735026919,0.57735026919));
#3342 = ORIENTED_EDGE('',*,*,#3343,.T.);
#3343 = EDGE_CURVE('',#3336,#3294,#3344,.T.);
#3344 = LINE('',#3345,#3346);
#3345 = CARTESIAN_POINT('',(-1.095,-0.41,0.6));
#3346 = VECTOR('',#3347,1.);
#3347 = DIRECTION('',(-2.22044604925E-16,-1.,0.));
#3348 = ORIENTED_EDGE('',*,*,#3318,.F.);
#3349 = PLANE('',#3350);
#3350 = AXIS2_PLACEMENT_3D('',#3351,#3352,#3353);
#3351 = CARTESIAN_POINT('',(-1.07,-0.61,0.575));
#3352 = DIRECTION('',(-0.707106781187,1.570092458684E-16,-0.707106781187
    ));
#3353 = DIRECTION('',(-0.707106781187,1.570092458684E-16,0.707106781187)
  );
#3354 = ADVANCED_FACE('',(#3355),#3366,.T.);
#3355 = FACE_BOUND('',#3356,.F.);
#3356 = EDGE_LOOP('',(#3357,#3363,#3364,#3365));
#3357 = ORIENTED_EDGE('',*,*,#3358,.T.);
#3358 = EDGE_CURVE('',#3243,#3336,#3359,.T.);
#3359 = LINE('',#3360,#3361);
#3360 = CARTESIAN_POINT('',(-1.495,-0.41,0.6));
#3361 = VECTOR('',#3362,1.);
#3362 = DIRECTION('',(1.,-2.22044604925E-16,0.));
#3363 = ORIENTED_EDGE('',*,*,#3335,.F.);
#3364 = ORIENTED_EDGE('',*,*,#1755,.F.);
#3365 = ORIENTED_EDGE('',*,*,#3250,.T.);
#3366 = PLANE('',#3367);
#3367 = AXIS2_PLACEMENT_3D('',#3368,#3369,#3370);
#3368 = CARTESIAN_POINT('',(-1.295,-0.385,0.575));
#3369 = DIRECTION('',(-1.570092458684E-16,-0.707106781187,
    -0.707106781187));
#3370 = DIRECTION('',(-1.570092458684E-16,-0.707106781187,0.707106781187
    ));
#3371 = ADVANCED_FACE('',(#3372),#3383,.F.);
#3372 = FACE_BOUND('',#3373,.F.);
#3373 = EDGE_LOOP('',(#3374,#3375,#3376,#3377));
#3374 = ORIENTED_EDGE('',*,*,#3358,.F.);
#3375 = ORIENTED_EDGE('',*,*,#3279,.F.);
#3376 = ORIENTED_EDGE('',*,*,#447,.F.);
#3377 = ORIENTED_EDGE('',*,*,#3378,.T.);
#3378 = EDGE_CURVE('',#448,#3336,#3379,.T.);
#3379 = LINE('',#3380,#3381);
#3380 = CARTESIAN_POINT('',(-1.095,-0.41,1.85));
#3381 = VECTOR('',#3382,1.);
#3382 = DIRECTION('',(0.,0.,-1.));
#3383 = PLANE('',#3384);
#3384 = AXIS2_PLACEMENT_3D('',#3385,#3386,#3387);
#3385 = CARTESIAN_POINT('',(-1.495,-0.41,0.55));
#3386 = DIRECTION('',(2.22044604925E-16,1.,0.));
#3387 = DIRECTION('',(1.,-2.22044604925E-16,0.));
#3388 = ADVANCED_FACE('',(#3389),#3395,.F.);
#3389 = FACE_BOUND('',#3390,.F.);
#3390 = EDGE_LOOP('',(#3391,#3392,#3393,#3394));
#3391 = ORIENTED_EDGE('',*,*,#3343,.F.);
#3392 = ORIENTED_EDGE('',*,*,#3378,.F.);
#3393 = ORIENTED_EDGE('',*,*,#473,.F.);
#3394 = ORIENTED_EDGE('',*,*,#3301,.T.);
#3395 = PLANE('',#3396);
#3396 = AXIS2_PLACEMENT_3D('',#3397,#3398,#3399);
#3397 = CARTESIAN_POINT('',(-1.095,-0.41,0.55));
#3398 = DIRECTION('',(1.,-2.22044604925E-16,0.));
#3399 = DIRECTION('',(-2.22044604925E-16,-1.,0.));
#3400 = ADVANCED_FACE('',(#3401),#3426,.T.);
#3401 = FACE_BOUND('',#3402,.F.);
#3402 = EDGE_LOOP('',(#3403,#3404,#3412,#3420));
#3403 = ORIENTED_EDGE('',*,*,#1779,.F.);
#3404 = ORIENTED_EDGE('',*,*,#3405,.T.);
#3405 = EDGE_CURVE('',#1780,#3406,#3408,.T.);
#3406 = VERTEX_POINT('',#3407);
#3407 = CARTESIAN_POINT('',(-1.095,0.86,0.6));
#3408 = LINE('',#3409,#3410);
#3409 = CARTESIAN_POINT('',(-1.045,0.91,0.55));
#3410 = VECTOR('',#3411,1.);
#3411 = DIRECTION('',(-0.57735026919,-0.57735026919,0.57735026919));
#3412 = ORIENTED_EDGE('',*,*,#3413,.T.);
#3413 = EDGE_CURVE('',#3406,#3414,#3416,.T.);
#3414 = VERTEX_POINT('',#3415);
#3415 = CARTESIAN_POINT('',(-1.095,0.46,0.6));
#3416 = LINE('',#3417,#3418);
#3417 = CARTESIAN_POINT('',(-1.095,0.86,0.6));
#3418 = VECTOR('',#3419,1.);
#3419 = DIRECTION('',(-2.22044604925E-16,-1.,0.));
#3420 = ORIENTED_EDGE('',*,*,#3421,.F.);
#3421 = EDGE_CURVE('',#1782,#3414,#3422,.T.);
#3422 = LINE('',#3423,#3424);
#3423 = CARTESIAN_POINT('',(-1.045,0.41,0.55));
#3424 = VECTOR('',#3425,1.);
#3425 = DIRECTION('',(-0.57735026919,0.57735026919,0.57735026919));
#3426 = PLANE('',#3427);
#3427 = AXIS2_PLACEMENT_3D('',#3428,#3429,#3430);
#3428 = CARTESIAN_POINT('',(-1.07,0.66,0.575));
#3429 = DIRECTION('',(-0.707106781187,1.570092458684E-16,-0.707106781187
    ));
#3430 = DIRECTION('',(-0.707106781187,1.570092458684E-16,0.707106781187)
  );
#3431 = ADVANCED_FACE('',(#3432),#3450,.T.);
#3432 = FACE_BOUND('',#3433,.F.);
#3433 = EDGE_LOOP('',(#3434,#3435,#3443,#3449));
#3434 = ORIENTED_EDGE('',*,*,#1805,.F.);
#3435 = ORIENTED_EDGE('',*,*,#3436,.T.);
#3436 = EDGE_CURVE('',#1798,#3437,#3439,.T.);
#3437 = VERTEX_POINT('',#3438);
#3438 = CARTESIAN_POINT('',(-1.495,0.86,0.6));
#3439 = LINE('',#3440,#3441);
#3440 = CARTESIAN_POINT('',(-1.545,0.91,0.55));
#3441 = VECTOR('',#3442,1.);
#3442 = DIRECTION('',(0.57735026919,-0.57735026919,0.57735026919));
#3443 = ORIENTED_EDGE('',*,*,#3444,.T.);
#3444 = EDGE_CURVE('',#3437,#3406,#3445,.T.);
#3445 = LINE('',#3446,#3447);
#3446 = CARTESIAN_POINT('',(-1.495,0.86,0.6));
#3447 = VECTOR('',#3448,1.);
#3448 = DIRECTION('',(1.,-2.22044604925E-16,0.));
#3449 = ORIENTED_EDGE('',*,*,#3405,.F.);
#3450 = PLANE('',#3451);
#3451 = AXIS2_PLACEMENT_3D('',#3452,#3453,#3454);
#3452 = CARTESIAN_POINT('',(-1.295,0.885,0.575));
#3453 = DIRECTION('',(-1.570092458684E-16,-0.707106781187,
    -0.707106781187));
#3454 = DIRECTION('',(-1.570092458684E-16,-0.707106781187,0.707106781187
    ));
#3455 = ADVANCED_FACE('',(#3456),#3474,.T.);
#3456 = FACE_BOUND('',#3457,.F.);
#3457 = EDGE_LOOP('',(#3458,#3466,#3467,#3468));
#3458 = ORIENTED_EDGE('',*,*,#3459,.T.);
#3459 = EDGE_CURVE('',#3460,#3437,#3462,.T.);
#3460 = VERTEX_POINT('',#3461);
#3461 = CARTESIAN_POINT('',(-1.495,0.46,0.6));
#3462 = LINE('',#3463,#3464);
#3463 = CARTESIAN_POINT('',(-1.495,0.46,0.6));
#3464 = VECTOR('',#3465,1.);
#3465 = DIRECTION('',(2.22044604925E-16,1.,0.));
#3466 = ORIENTED_EDGE('',*,*,#3436,.F.);
#3467 = ORIENTED_EDGE('',*,*,#1797,.F.);
#3468 = ORIENTED_EDGE('',*,*,#3469,.T.);
#3469 = EDGE_CURVE('',#1790,#3460,#3470,.T.);
#3470 = LINE('',#3471,#3472);
#3471 = CARTESIAN_POINT('',(-1.545,0.41,0.55));
#3472 = VECTOR('',#3473,1.);
#3473 = DIRECTION('',(0.57735026919,0.57735026919,0.57735026919));
#3474 = PLANE('',#3475);
#3475 = AXIS2_PLACEMENT_3D('',#3476,#3477,#3478);
#3476 = CARTESIAN_POINT('',(-1.52,0.66,0.575));
#3477 = DIRECTION('',(0.707106781187,-1.570092458684E-16,-0.707106781187
    ));
#3478 = DIRECTION('',(0.707106781187,-1.570092458684E-16,0.707106781187)
  );
#3479 = ADVANCED_FACE('',(#3480),#3496,.F.);
#3480 = FACE_BOUND('',#3481,.F.);
#3481 = EDGE_LOOP('',(#3482,#3483,#3489,#3490));
#3482 = ORIENTED_EDGE('',*,*,#3459,.F.);
#3483 = ORIENTED_EDGE('',*,*,#3484,.F.);
#3484 = EDGE_CURVE('',#416,#3460,#3485,.T.);
#3485 = LINE('',#3486,#3487);
#3486 = CARTESIAN_POINT('',(-1.495,0.46,1.85));
#3487 = VECTOR('',#3488,1.);
#3488 = DIRECTION('',(0.,0.,-1.));
#3489 = ORIENTED_EDGE('',*,*,#413,.F.);
#3490 = ORIENTED_EDGE('',*,*,#3491,.T.);
#3491 = EDGE_CURVE('',#414,#3437,#3492,.T.);
#3492 = LINE('',#3493,#3494);
#3493 = CARTESIAN_POINT('',(-1.495,0.86,1.85));
#3494 = VECTOR('',#3495,1.);
#3495 = DIRECTION('',(0.,0.,-1.));
#3496 = PLANE('',#3497);
#3497 = AXIS2_PLACEMENT_3D('',#3498,#3499,#3500);
#3498 = CARTESIAN_POINT('',(-1.495,0.46,0.55));
#3499 = DIRECTION('',(-1.,2.22044604925E-16,0.));
#3500 = DIRECTION('',(2.22044604925E-16,1.,0.));
#3501 = ADVANCED_FACE('',(#3502),#3518,.F.);
#3502 = FACE_BOUND('',#3503,.F.);
#3503 = EDGE_LOOP('',(#3504,#3510,#3516,#3517));
#3504 = ORIENTED_EDGE('',*,*,#3505,.F.);
#3505 = EDGE_CURVE('',#3414,#3460,#3506,.T.);
#3506 = LINE('',#3507,#3508);
#3507 = CARTESIAN_POINT('',(-1.095,0.46,0.6));
#3508 = VECTOR('',#3509,1.);
#3509 = DIRECTION('',(-1.,2.22044604925E-16,0.));
#3510 = ORIENTED_EDGE('',*,*,#3511,.F.);
#3511 = EDGE_CURVE('',#424,#3414,#3512,.T.);
#3512 = LINE('',#3513,#3514);
#3513 = CARTESIAN_POINT('',(-1.095,0.46,1.85));
#3514 = VECTOR('',#3515,1.);
#3515 = DIRECTION('',(0.,0.,-1.));
#3516 = ORIENTED_EDGE('',*,*,#423,.F.);
#3517 = ORIENTED_EDGE('',*,*,#3484,.T.);
#3518 = PLANE('',#3519);
#3519 = AXIS2_PLACEMENT_3D('',#3520,#3521,#3522);
#3520 = CARTESIAN_POINT('',(-1.095,0.46,0.55));
#3521 = DIRECTION('',(-2.22044604925E-16,-1.,0.));
#3522 = DIRECTION('',(-1.,2.22044604925E-16,0.));
#3523 = ADVANCED_FACE('',(#3524),#3530,.T.);
#3524 = FACE_BOUND('',#3525,.F.);
#3525 = EDGE_LOOP('',(#3526,#3527,#3528,#3529));
#3526 = ORIENTED_EDGE('',*,*,#3505,.T.);
#3527 = ORIENTED_EDGE('',*,*,#3469,.F.);
#3528 = ORIENTED_EDGE('',*,*,#1789,.F.);
#3529 = ORIENTED_EDGE('',*,*,#3421,.T.);
#3530 = PLANE('',#3531);
#3531 = AXIS2_PLACEMENT_3D('',#3532,#3533,#3534);
#3532 = CARTESIAN_POINT('',(-1.295,0.435,0.575));
#3533 = DIRECTION('',(1.570092458684E-16,0.707106781187,-0.707106781187)
  );
#3534 = DIRECTION('',(1.570092458684E-16,0.707106781187,0.707106781187)
  );
#3535 = ADVANCED_FACE('',(#3536),#3547,.F.);
#3536 = FACE_BOUND('',#3537,.F.);
#3537 = EDGE_LOOP('',(#3538,#3539,#3545,#3546));
#3538 = ORIENTED_EDGE('',*,*,#3413,.F.);
#3539 = ORIENTED_EDGE('',*,*,#3540,.F.);
#3540 = EDGE_CURVE('',#432,#3406,#3541,.T.);
#3541 = LINE('',#3542,#3543);
#3542 = CARTESIAN_POINT('',(-1.095,0.86,1.85));
#3543 = VECTOR('',#3544,1.);
#3544 = DIRECTION('',(0.,0.,-1.));
#3545 = ORIENTED_EDGE('',*,*,#431,.F.);
#3546 = ORIENTED_EDGE('',*,*,#3511,.T.);
#3547 = PLANE('',#3548);
#3548 = AXIS2_PLACEMENT_3D('',#3549,#3550,#3551);
#3549 = CARTESIAN_POINT('',(-1.095,0.86,0.55));
#3550 = DIRECTION('',(1.,-2.22044604925E-16,0.));
#3551 = DIRECTION('',(-2.22044604925E-16,-1.,0.));
#3552 = ADVANCED_FACE('',(#3553),#3559,.F.);
#3553 = FACE_BOUND('',#3554,.F.);
#3554 = EDGE_LOOP('',(#3555,#3556,#3557,#3558));
#3555 = ORIENTED_EDGE('',*,*,#3444,.F.);
#3556 = ORIENTED_EDGE('',*,*,#3491,.F.);
#3557 = ORIENTED_EDGE('',*,*,#439,.F.);
#3558 = ORIENTED_EDGE('',*,*,#3540,.T.);
#3559 = PLANE('',#3560);
#3560 = AXIS2_PLACEMENT_3D('',#3561,#3562,#3563);
#3561 = CARTESIAN_POINT('',(-1.495,0.86,0.55));
#3562 = DIRECTION('',(2.22044604925E-16,1.,0.));
#3563 = DIRECTION('',(1.,-2.22044604925E-16,0.));
#3564 = ADVANCED_FACE('',(#3565),#3590,.T.);
#3565 = FACE_BOUND('',#3566,.F.);
#3566 = EDGE_LOOP('',(#3567,#3568,#3576,#3584));
#3567 = ORIENTED_EDGE('',*,*,#1003,.F.);
#3568 = ORIENTED_EDGE('',*,*,#3569,.F.);
#3569 = EDGE_CURVE('',#3570,#1004,#3572,.T.);
#3570 = VERTEX_POINT('',#3571);
#3571 = CARTESIAN_POINT('',(-3.125,-2.525,4.55));
#3572 = LINE('',#3573,#3574);
#3573 = CARTESIAN_POINT('',(-3.125,-2.525,4.55));
#3574 = VECTOR('',#3575,1.);
#3575 = DIRECTION('',(2.22044604925E-16,1.,0.));
#3576 = ORIENTED_EDGE('',*,*,#3577,.F.);
#3577 = EDGE_CURVE('',#3578,#3570,#3580,.T.);
#3578 = VERTEX_POINT('',#3579);
#3579 = CARTESIAN_POINT('',(-2.725,-2.525,3.857179676972));
#3580 = LINE('',#3581,#3582);
#3581 = CARTESIAN_POINT('',(-2.725,-2.525,3.857179676972));
#3582 = VECTOR('',#3583,1.);
#3583 = DIRECTION('',(-0.5,1.110223024625E-16,0.866025403784));
#3584 = ORIENTED_EDGE('',*,*,#3585,.T.);
#3585 = EDGE_CURVE('',#3578,#1006,#3586,.T.);
#3586 = LINE('',#3587,#3588);
#3587 = CARTESIAN_POINT('',(-2.725,-2.525,3.857179676972));
#3588 = VECTOR('',#3589,1.);
#3589 = DIRECTION('',(2.22044604925E-16,1.,0.));
#3590 = PLANE('',#3591);
#3591 = AXIS2_PLACEMENT_3D('',#3592,#3593,#3594);
#3592 = CARTESIAN_POINT('',(-3.125,-2.475,4.55));
#3593 = DIRECTION('',(-0.866025403784,1.922962686384E-16,-0.5));
#3594 = DIRECTION('',(0.5,-1.110223024625E-16,-0.866025403784));
#3595 = ADVANCED_FACE('',(#3596),#3614,.T.);
#3596 = FACE_BOUND('',#3597,.F.);
#3597 = EDGE_LOOP('',(#3598,#3599,#3607,#3613));
#3598 = ORIENTED_EDGE('',*,*,#1021,.T.);
#3599 = ORIENTED_EDGE('',*,*,#3600,.F.);
#3600 = EDGE_CURVE('',#3601,#1014,#3603,.T.);
#3601 = VERTEX_POINT('',#3602);
#3602 = CARTESIAN_POINT('',(-2.325,-2.525,4.55));
#3603 = LINE('',#3604,#3605);
#3604 = CARTESIAN_POINT('',(-2.325,-2.525,4.55));
#3605 = VECTOR('',#3606,1.);
#3606 = DIRECTION('',(2.22044604925E-16,1.,0.));
#3607 = ORIENTED_EDGE('',*,*,#3608,.F.);
#3608 = EDGE_CURVE('',#3570,#3601,#3609,.T.);
#3609 = LINE('',#3610,#3611);
#3610 = CARTESIAN_POINT('',(-3.125,-2.525,4.55));
#3611 = VECTOR('',#3612,1.);
#3612 = DIRECTION('',(1.,-2.22044604925E-16,-4.996003610812E-14));
#3613 = ORIENTED_EDGE('',*,*,#3569,.T.);
#3614 = PLANE('',#3615);
#3615 = AXIS2_PLACEMENT_3D('',#3616,#3617,#3618);
#3616 = CARTESIAN_POINT('',(-2.325,-2.475,4.55));
#3617 = DIRECTION('',(0.,0.,1.));
#3618 = DIRECTION('',(-1.,2.22044604925E-16,0.));
#3619 = ADVANCED_FACE('',(#3620),#3631,.T.);
#3620 = FACE_BOUND('',#3621,.F.);
#3621 = EDGE_LOOP('',(#3622,#3623,#3624,#3630));
#3622 = ORIENTED_EDGE('',*,*,#1013,.F.);
#3623 = ORIENTED_EDGE('',*,*,#3585,.F.);
#3624 = ORIENTED_EDGE('',*,*,#3625,.F.);
#3625 = EDGE_CURVE('',#3601,#3578,#3626,.T.);
#3626 = LINE('',#3627,#3628);
#3627 = CARTESIAN_POINT('',(-2.325,-2.525,4.55));
#3628 = VECTOR('',#3629,1.);
#3629 = DIRECTION('',(-0.5,1.110223024625E-16,-0.866025403784));
#3630 = ORIENTED_EDGE('',*,*,#3600,.T.);
#3631 = PLANE('',#3632);
#3632 = AXIS2_PLACEMENT_3D('',#3633,#3634,#3635);
#3633 = CARTESIAN_POINT('',(-2.725,-2.475,3.857179676972));
#3634 = DIRECTION('',(0.866025403784,-1.922962686384E-16,-0.5));
#3635 = DIRECTION('',(0.5,-1.110223024625E-16,0.866025403784));
#3636 = ADVANCED_FACE('',(#3637),#3642,.T.);
#3637 = FACE_BOUND('',#3638,.F.);
#3638 = EDGE_LOOP('',(#3639,#3640,#3641));
#3639 = ORIENTED_EDGE('',*,*,#3577,.T.);
#3640 = ORIENTED_EDGE('',*,*,#3608,.T.);
#3641 = ORIENTED_EDGE('',*,*,#3625,.T.);
#3642 = PLANE('',#3643);
#3643 = AXIS2_PLACEMENT_3D('',#3644,#3645,#3646);
#3644 = CARTESIAN_POINT('',(-6.375,-2.525,2.5));
#3645 = DIRECTION('',(-2.22044604925E-16,-1.,0.));
#3646 = DIRECTION('',(1.,-2.22044604925E-16,0.));
#3647 = MANIFOLD_SOLID_BREP('',#3648);
#3648 = CLOSED_SHELL('',(#3649,#3689,#3720,#3744,#3775,#3806,#3835,#3852
    ,#3883,#3907,#3931,#3948,#3960,#3977));
#3649 = ADVANCED_FACE('',(#3650),#3684,.F.);
#3650 = FACE_BOUND('',#3651,.F.);
#3651 = EDGE_LOOP('',(#3652,#3662,#3670,#3678));
#3652 = ORIENTED_EDGE('',*,*,#3653,.T.);
#3653 = EDGE_CURVE('',#3654,#3656,#3658,.T.);
#3654 = VERTEX_POINT('',#3655);
#3655 = CARTESIAN_POINT('',(-2.665,0.56,4.45));
#3656 = VERTEX_POINT('',#3657);
#3657 = CARTESIAN_POINT('',(-2.665,0.76,4.45));
#3658 = LINE('',#3659,#3660);
#3659 = CARTESIAN_POINT('',(-2.665,0.56,4.45));
#3660 = VECTOR('',#3661,1.);
#3661 = DIRECTION('',(0.,1.,0.));
#3662 = ORIENTED_EDGE('',*,*,#3663,.T.);
#3663 = EDGE_CURVE('',#3656,#3664,#3666,.T.);
#3664 = VERTEX_POINT('',#3665);
#3665 = CARTESIAN_POINT('',(-2.465,0.76,4.45));
#3666 = LINE('',#3667,#3668);
#3667 = CARTESIAN_POINT('',(-2.665,0.76,4.45));
#3668 = VECTOR('',#3669,1.);
#3669 = DIRECTION('',(1.,0.,0.));
#3670 = ORIENTED_EDGE('',*,*,#3671,.T.);
#3671 = EDGE_CURVE('',#3664,#3672,#3674,.T.);
#3672 = VERTEX_POINT('',#3673);
#3673 = CARTESIAN_POINT('',(-2.465,0.56,4.45));
#3674 = LINE('',#3675,#3676);
#3675 = CARTESIAN_POINT('',(-2.465,0.76,4.45));
#3676 = VECTOR('',#3677,1.);
#3677 = DIRECTION('',(0.,-1.,0.));
#3678 = ORIENTED_EDGE('',*,*,#3679,.T.);
#3679 = EDGE_CURVE('',#3672,#3654,#3680,.T.);
#3680 = LINE('',#3681,#3682);
#3681 = CARTESIAN_POINT('',(-2.465,0.56,4.45));
#3682 = VECTOR('',#3683,1.);
#3683 = DIRECTION('',(-1.,0.,0.));
#3684 = PLANE('',#3685);
#3685 = AXIS2_PLACEMENT_3D('',#3686,#3687,#3688);
#3686 = CARTESIAN_POINT('',(-2.365,0.46,4.45));
#3687 = DIRECTION('',(0.,0.,-1.));
#3688 = DIRECTION('',(-1.,0.,0.));
#3689 = ADVANCED_FACE('',(#3690),#3715,.T.);
#3690 = FACE_BOUND('',#3691,.F.);
#3691 = EDGE_LOOP('',(#3692,#3700,#3701,#3709));
#3692 = ORIENTED_EDGE('',*,*,#3693,.T.);
#3693 = EDGE_CURVE('',#3694,#3656,#3696,.T.);
#3694 = VERTEX_POINT('',#3695);
#3695 = CARTESIAN_POINT('',(-2.765,0.86,4.25));
#3696 = LINE('',#3697,#3698);
#3697 = CARTESIAN_POINT('',(-2.765,0.86,4.25));
#3698 = VECTOR('',#3699,1.);
#3699 = DIRECTION('',(0.408248290464,-0.408248290464,0.816496580928));
#3700 = ORIENTED_EDGE('',*,*,#3653,.F.);
#3701 = ORIENTED_EDGE('',*,*,#3702,.F.);
#3702 = EDGE_CURVE('',#3703,#3654,#3705,.T.);
#3703 = VERTEX_POINT('',#3704);
#3704 = CARTESIAN_POINT('',(-2.765,0.46,4.25));
#3705 = LINE('',#3706,#3707);
#3706 = CARTESIAN_POINT('',(-2.765,0.46,4.25));
#3707 = VECTOR('',#3708,1.);
#3708 = DIRECTION('',(0.408248290464,0.408248290464,0.816496580928));
#3709 = ORIENTED_EDGE('',*,*,#3710,.F.);
#3710 = EDGE_CURVE('',#3694,#3703,#3711,.T.);
#3711 = LINE('',#3712,#3713);
#3712 = CARTESIAN_POINT('',(-2.765,0.86,4.25));
#3713 = VECTOR('',#3714,1.);
#3714 = DIRECTION('',(0.,-1.,0.));
#3715 = PLANE('',#3716);
#3716 = AXIS2_PLACEMENT_3D('',#3717,#3718,#3719);
#3717 = CARTESIAN_POINT('',(-2.665,0.46,4.45));
#3718 = DIRECTION('',(-0.894427191,0.,0.4472135955));
#3719 = DIRECTION('',(0.,1.,0.));
#3720 = ADVANCED_FACE('',(#3721),#3739,.F.);
#3721 = FACE_BOUND('',#3722,.F.);
#3722 = EDGE_LOOP('',(#3723,#3724,#3732,#3738));
#3723 = ORIENTED_EDGE('',*,*,#3693,.F.);
#3724 = ORIENTED_EDGE('',*,*,#3725,.F.);
#3725 = EDGE_CURVE('',#3726,#3694,#3728,.T.);
#3726 = VERTEX_POINT('',#3727);
#3727 = CARTESIAN_POINT('',(-2.365,0.86,4.25));
#3728 = LINE('',#3729,#3730);
#3729 = CARTESIAN_POINT('',(-2.365,0.86,4.25));
#3730 = VECTOR('',#3731,1.);
#3731 = DIRECTION('',(-1.,0.,0.));
#3732 = ORIENTED_EDGE('',*,*,#3733,.F.);
#3733 = EDGE_CURVE('',#3664,#3726,#3734,.T.);
#3734 = LINE('',#3735,#3736);
#3735 = CARTESIAN_POINT('',(-2.465,0.76,4.45));
#3736 = VECTOR('',#3737,1.);
#3737 = DIRECTION('',(0.408248290464,0.408248290464,-0.816496580928));
#3738 = ORIENTED_EDGE('',*,*,#3663,.F.);
#3739 = PLANE('',#3740);
#3740 = AXIS2_PLACEMENT_3D('',#3741,#3742,#3743);
#3741 = CARTESIAN_POINT('',(-2.365,0.76,4.45));
#3742 = DIRECTION('',(0.,-0.894427191,-0.4472135955));
#3743 = DIRECTION('',(-1.,0.,0.));
#3744 = ADVANCED_FACE('',(#3745),#3770,.F.);
#3745 = FACE_BOUND('',#3746,.F.);
#3746 = EDGE_LOOP('',(#3747,#3755,#3756,#3764));
#3747 = ORIENTED_EDGE('',*,*,#3748,.F.);
#3748 = EDGE_CURVE('',#3726,#3749,#3751,.T.);
#3749 = VERTEX_POINT('',#3750);
#3750 = CARTESIAN_POINT('',(-2.365,0.86,-2.15));
#3751 = LINE('',#3752,#3753);
#3752 = CARTESIAN_POINT('',(-2.365,0.86,4.25));
#3753 = VECTOR('',#3754,1.);
#3754 = DIRECTION('',(0.,0.,-1.));
#3755 = ORIENTED_EDGE('',*,*,#3725,.T.);
#3756 = ORIENTED_EDGE('',*,*,#3757,.T.);
#3757 = EDGE_CURVE('',#3694,#3758,#3760,.T.);
#3758 = VERTEX_POINT('',#3759);
#3759 = CARTESIAN_POINT('',(-2.765,0.86,-2.15));
#3760 = LINE('',#3761,#3762);
#3761 = CARTESIAN_POINT('',(-2.765,0.86,4.25));
#3762 = VECTOR('',#3763,1.);
#3763 = DIRECTION('',(0.,0.,-1.));
#3764 = ORIENTED_EDGE('',*,*,#3765,.T.);
#3765 = EDGE_CURVE('',#3758,#3749,#3766,.T.);
#3766 = LINE('',#3767,#3768);
#3767 = CARTESIAN_POINT('',(-2.765,0.86,-2.15));
#3768 = VECTOR('',#3769,1.);
#3769 = DIRECTION('',(1.,0.,0.));
#3770 = PLANE('',#3771);
#3771 = AXIS2_PLACEMENT_3D('',#3772,#3773,#3774);
#3772 = CARTESIAN_POINT('',(-2.365,0.86,-2.35));
#3773 = DIRECTION('',(0.,-1.,0.));
#3774 = DIRECTION('',(1.,0.,0.));
#3775 = ADVANCED_FACE('',(#3776),#3801,.F.);
#3776 = FACE_BOUND('',#3777,.F.);
#3777 = EDGE_LOOP('',(#3778,#3788,#3794,#3795));
#3778 = ORIENTED_EDGE('',*,*,#3779,.T.);
#3779 = EDGE_CURVE('',#3780,#3782,#3784,.T.);
#3780 = VERTEX_POINT('',#3781);
#3781 = CARTESIAN_POINT('',(-2.365,0.46,-2.15));
#3782 = VERTEX_POINT('',#3783);
#3783 = CARTESIAN_POINT('',(-2.365,0.46,4.25));
#3784 = LINE('',#3785,#3786);
#3785 = CARTESIAN_POINT('',(-2.365,0.46,-2.15));
#3786 = VECTOR('',#3787,1.);
#3787 = DIRECTION('',(0.,0.,1.));
#3788 = ORIENTED_EDGE('',*,*,#3789,.T.);
#3789 = EDGE_CURVE('',#3782,#3726,#3790,.T.);
#3790 = LINE('',#3791,#3792);
#3791 = CARTESIAN_POINT('',(-2.365,0.46,4.25));
#3792 = VECTOR('',#3793,1.);
#3793 = DIRECTION('',(0.,1.,0.));
#3794 = ORIENTED_EDGE('',*,*,#3748,.T.);
#3795 = ORIENTED_EDGE('',*,*,#3796,.T.);
#3796 = EDGE_CURVE('',#3749,#3780,#3797,.T.);
#3797 = LINE('',#3798,#3799);
#3798 = CARTESIAN_POINT('',(-2.365,0.86,-2.15));
#3799 = VECTOR('',#3800,1.);
#3800 = DIRECTION('',(0.,-1.,0.));
#3801 = PLANE('',#3802);
#3802 = AXIS2_PLACEMENT_3D('',#3803,#3804,#3805);
#3803 = CARTESIAN_POINT('',(-2.365,0.66,1.05));
#3804 = DIRECTION('',(-1.,0.,0.));
#3805 = DIRECTION('',(0.,-1.,0.));
#3806 = ADVANCED_FACE('',(#3807),#3830,.F.);
#3807 = FACE_BOUND('',#3808,.F.);
#3808 = EDGE_LOOP('',(#3809,#3817,#3823,#3824));
#3809 = ORIENTED_EDGE('',*,*,#3810,.T.);
#3810 = EDGE_CURVE('',#3811,#3703,#3813,.T.);
#3811 = VERTEX_POINT('',#3812);
#3812 = CARTESIAN_POINT('',(-2.765,0.46,-2.15));
#3813 = LINE('',#3814,#3815);
#3814 = CARTESIAN_POINT('',(-2.765,0.46,-2.15));
#3815 = VECTOR('',#3816,1.);
#3816 = DIRECTION('',(0.,0.,1.));
#3817 = ORIENTED_EDGE('',*,*,#3818,.T.);
#3818 = EDGE_CURVE('',#3703,#3782,#3819,.T.);
#3819 = LINE('',#3820,#3821);
#3820 = CARTESIAN_POINT('',(-2.765,0.46,4.25));
#3821 = VECTOR('',#3822,1.);
#3822 = DIRECTION('',(1.,0.,0.));
#3823 = ORIENTED_EDGE('',*,*,#3779,.F.);
#3824 = ORIENTED_EDGE('',*,*,#3825,.T.);
#3825 = EDGE_CURVE('',#3780,#3811,#3826,.T.);
#3826 = LINE('',#3827,#3828);
#3827 = CARTESIAN_POINT('',(-2.365,0.46,-2.15));
#3828 = VECTOR('',#3829,1.);
#3829 = DIRECTION('',(-1.,0.,0.));
#3830 = PLANE('',#3831);
#3831 = AXIS2_PLACEMENT_3D('',#3832,#3833,#3834);
#3832 = CARTESIAN_POINT('',(-2.365,0.46,-2.35));
#3833 = DIRECTION('',(0.,1.,0.));
#3834 = DIRECTION('',(-1.,0.,0.));
#3835 = ADVANCED_FACE('',(#3836),#3847,.T.);
#3836 = FACE_BOUND('',#3837,.F.);
#3837 = EDGE_LOOP('',(#3838,#3839,#3840,#3841));
#3838 = ORIENTED_EDGE('',*,*,#3757,.F.);
#3839 = ORIENTED_EDGE('',*,*,#3710,.T.);
#3840 = ORIENTED_EDGE('',*,*,#3810,.F.);
#3841 = ORIENTED_EDGE('',*,*,#3842,.T.);
#3842 = EDGE_CURVE('',#3811,#3758,#3843,.T.);
#3843 = LINE('',#3844,#3845);
#3844 = CARTESIAN_POINT('',(-2.765,0.46,-2.15));
#3845 = VECTOR('',#3846,1.);
#3846 = DIRECTION('',(0.,1.,0.));
#3847 = PLANE('',#3848);
#3848 = AXIS2_PLACEMENT_3D('',#3849,#3850,#3851);
#3849 = CARTESIAN_POINT('',(-2.765,0.66,1.05));
#3850 = DIRECTION('',(-1.,0.,0.));
#3851 = DIRECTION('',(0.,-1.,0.));
#3852 = ADVANCED_FACE('',(#3853),#3878,.T.);
#3853 = FACE_BOUND('',#3854,.F.);
#3854 = EDGE_LOOP('',(#3855,#3863,#3864,#3872));
#3855 = ORIENTED_EDGE('',*,*,#3856,.T.);
#3856 = EDGE_CURVE('',#3857,#3758,#3859,.T.);
#3857 = VERTEX_POINT('',#3858);
#3858 = CARTESIAN_POINT('',(-2.665,0.76,-2.35));
#3859 = LINE('',#3860,#3861);
#3860 = CARTESIAN_POINT('',(-2.665,0.76,-2.35));
#3861 = VECTOR('',#3862,1.);
#3862 = DIRECTION('',(-0.408248290464,0.408248290464,0.816496580928));
#3863 = ORIENTED_EDGE('',*,*,#3842,.F.);
#3864 = ORIENTED_EDGE('',*,*,#3865,.F.);
#3865 = EDGE_CURVE('',#3866,#3811,#3868,.T.);
#3866 = VERTEX_POINT('',#3867);
#3867 = CARTESIAN_POINT('',(-2.665,0.56,-2.35));
#3868 = LINE('',#3869,#3870);
#3869 = CARTESIAN_POINT('',(-2.665,0.56,-2.35));
#3870 = VECTOR('',#3871,1.);
#3871 = DIRECTION('',(-0.408248290464,-0.408248290464,0.816496580928));
#3872 = ORIENTED_EDGE('',*,*,#3873,.F.);
#3873 = EDGE_CURVE('',#3857,#3866,#3874,.T.);
#3874 = LINE('',#3875,#3876);
#3875 = CARTESIAN_POINT('',(-2.665,0.76,-2.35));
#3876 = VECTOR('',#3877,1.);
#3877 = DIRECTION('',(0.,-1.,0.));
#3878 = PLANE('',#3879);
#3879 = AXIS2_PLACEMENT_3D('',#3880,#3881,#3882);
#3880 = CARTESIAN_POINT('',(-2.665,0.46,-2.35));
#3881 = DIRECTION('',(-0.894427191,0.,-0.4472135955));
#3882 = DIRECTION('',(0.,-1.,0.));
#3883 = ADVANCED_FACE('',(#3884),#3902,.F.);
#3884 = FACE_BOUND('',#3885,.F.);
#3885 = EDGE_LOOP('',(#3886,#3887,#3895,#3901));
#3886 = ORIENTED_EDGE('',*,*,#3856,.F.);
#3887 = ORIENTED_EDGE('',*,*,#3888,.F.);
#3888 = EDGE_CURVE('',#3889,#3857,#3891,.T.);
#3889 = VERTEX_POINT('',#3890);
#3890 = CARTESIAN_POINT('',(-2.465,0.76,-2.35));
#3891 = LINE('',#3892,#3893);
#3892 = CARTESIAN_POINT('',(-2.465,0.76,-2.35));
#3893 = VECTOR('',#3894,1.);
#3894 = DIRECTION('',(-1.,0.,0.));
#3895 = ORIENTED_EDGE('',*,*,#3896,.F.);
#3896 = EDGE_CURVE('',#3749,#3889,#3897,.T.);
#3897 = LINE('',#3898,#3899);
#3898 = CARTESIAN_POINT('',(-2.365,0.86,-2.15));
#3899 = VECTOR('',#3900,1.);
#3900 = DIRECTION('',(-0.408248290464,-0.408248290464,-0.816496580928));
#3901 = ORIENTED_EDGE('',*,*,#3765,.F.);
#3902 = PLANE('',#3903);
#3903 = AXIS2_PLACEMENT_3D('',#3904,#3905,#3906);
#3904 = CARTESIAN_POINT('',(-2.365,0.86,-2.15));
#3905 = DIRECTION('',(0.,-0.894427191,0.4472135955));
#3906 = DIRECTION('',(-1.,0.,0.));
#3907 = ADVANCED_FACE('',(#3908),#3926,.F.);
#3908 = FACE_BOUND('',#3909,.F.);
#3909 = EDGE_LOOP('',(#3910,#3918,#3919,#3920));
#3910 = ORIENTED_EDGE('',*,*,#3911,.T.);
#3911 = EDGE_CURVE('',#3912,#3889,#3914,.T.);
#3912 = VERTEX_POINT('',#3913);
#3913 = CARTESIAN_POINT('',(-2.465,0.56,-2.35));
#3914 = LINE('',#3915,#3916);
#3915 = CARTESIAN_POINT('',(-2.465,0.56,-2.35));
#3916 = VECTOR('',#3917,1.);
#3917 = DIRECTION('',(0.,1.,0.));
#3918 = ORIENTED_EDGE('',*,*,#3888,.T.);
#3919 = ORIENTED_EDGE('',*,*,#3873,.T.);
#3920 = ORIENTED_EDGE('',*,*,#3921,.T.);
#3921 = EDGE_CURVE('',#3866,#3912,#3922,.T.);
#3922 = LINE('',#3923,#3924);
#3923 = CARTESIAN_POINT('',(-2.665,0.56,-2.35));
#3924 = VECTOR('',#3925,1.);
#3925 = DIRECTION('',(1.,0.,0.));
#3926 = PLANE('',#3927);
#3927 = AXIS2_PLACEMENT_3D('',#3928,#3929,#3930);
#3928 = CARTESIAN_POINT('',(-2.365,0.46,-2.35));
#3929 = DIRECTION('',(0.,0.,1.));
#3930 = DIRECTION('',(1.,0.,0.));
#3931 = ADVANCED_FACE('',(#3932),#3943,.F.);
#3932 = FACE_BOUND('',#3933,.F.);
#3933 = EDGE_LOOP('',(#3934,#3935,#3936,#3942));
#3934 = ORIENTED_EDGE('',*,*,#3896,.T.);
#3935 = ORIENTED_EDGE('',*,*,#3911,.F.);
#3936 = ORIENTED_EDGE('',*,*,#3937,.F.);
#3937 = EDGE_CURVE('',#3780,#3912,#3938,.T.);
#3938 = LINE('',#3939,#3940);
#3939 = CARTESIAN_POINT('',(-2.365,0.46,-2.15));
#3940 = VECTOR('',#3941,1.);
#3941 = DIRECTION('',(-0.408248290464,0.408248290464,-0.816496580928));
#3942 = ORIENTED_EDGE('',*,*,#3796,.F.);
#3943 = PLANE('',#3944);
#3944 = AXIS2_PLACEMENT_3D('',#3945,#3946,#3947);
#3945 = CARTESIAN_POINT('',(-2.365,0.66,-2.15));
#3946 = DIRECTION('',(-0.894427191,0.,0.4472135955));
#3947 = DIRECTION('',(0.,1.,0.));
#3948 = ADVANCED_FACE('',(#3949),#3955,.F.);
#3949 = FACE_BOUND('',#3950,.F.);
#3950 = EDGE_LOOP('',(#3951,#3952,#3953,#3954));
#3951 = ORIENTED_EDGE('',*,*,#3937,.T.);
#3952 = ORIENTED_EDGE('',*,*,#3921,.F.);
#3953 = ORIENTED_EDGE('',*,*,#3865,.T.);
#3954 = ORIENTED_EDGE('',*,*,#3825,.F.);
#3955 = PLANE('',#3956);
#3956 = AXIS2_PLACEMENT_3D('',#3957,#3958,#3959);
#3957 = CARTESIAN_POINT('',(-2.365,0.56,-2.35));
#3958 = DIRECTION('',(0.,0.894427191,0.4472135955));
#3959 = DIRECTION('',(-1.,0.,0.));
#3960 = ADVANCED_FACE('',(#3961),#3972,.F.);
#3961 = FACE_BOUND('',#3962,.F.);
#3962 = EDGE_LOOP('',(#3963,#3969,#3970,#3971));
#3963 = ORIENTED_EDGE('',*,*,#3964,.T.);
#3964 = EDGE_CURVE('',#3672,#3782,#3965,.T.);
#3965 = LINE('',#3966,#3967);
#3966 = CARTESIAN_POINT('',(-2.465,0.56,4.45));
#3967 = VECTOR('',#3968,1.);
#3968 = DIRECTION('',(0.408248290464,-0.408248290464,-0.816496580928));
#3969 = ORIENTED_EDGE('',*,*,#3818,.F.);
#3970 = ORIENTED_EDGE('',*,*,#3702,.T.);
#3971 = ORIENTED_EDGE('',*,*,#3679,.F.);
#3972 = PLANE('',#3973);
#3973 = AXIS2_PLACEMENT_3D('',#3974,#3975,#3976);
#3974 = CARTESIAN_POINT('',(-2.365,0.46,4.25));
#3975 = DIRECTION('',(0.,0.894427191,-0.4472135955));
#3976 = DIRECTION('',(-1.,0.,0.));
#3977 = ADVANCED_FACE('',(#3978),#3984,.F.);
#3978 = FACE_BOUND('',#3979,.F.);
#3979 = EDGE_LOOP('',(#3980,#3981,#3982,#3983));
#3980 = ORIENTED_EDGE('',*,*,#3733,.T.);
#3981 = ORIENTED_EDGE('',*,*,#3789,.F.);
#3982 = ORIENTED_EDGE('',*,*,#3964,.F.);
#3983 = ORIENTED_EDGE('',*,*,#3671,.F.);
#3984 = PLANE('',#3985);
#3985 = AXIS2_PLACEMENT_3D('',#3986,#3987,#3988);
#3986 = CARTESIAN_POINT('',(-2.365,0.66,4.25));
#3987 = DIRECTION('',(-0.894427191,0.,-0.4472135955));
#3988 = DIRECTION('',(0.,-1.,0.));
#3989 = MANIFOLD_SOLID_BREP('',#3990);
#3990 = CLOSED_SHELL('',(#3991,#4031,#4062,#4086,#4117,#4148,#4177,#4194
    ,#4225,#4249,#4273,#4290,#4302,#4319));
#3991 = ADVANCED_FACE('',(#3992),#4026,.F.);
#3992 = FACE_BOUND('',#3993,.F.);
#3993 = EDGE_LOOP('',(#3994,#4004,#4012,#4020));
#3994 = ORIENTED_EDGE('',*,*,#3995,.T.);
#3995 = EDGE_CURVE('',#3996,#3998,#4000,.T.);
#3996 = VERTEX_POINT('',#3997);
#3997 = CARTESIAN_POINT('',(-1.395,0.56,4.45));
#3998 = VERTEX_POINT('',#3999);
#3999 = CARTESIAN_POINT('',(-1.395,0.76,4.45));
#4000 = LINE('',#4001,#4002);
#4001 = CARTESIAN_POINT('',(-1.395,0.56,4.45));
#4002 = VECTOR('',#4003,1.);
#4003 = DIRECTION('',(0.,1.,0.));
#4004 = ORIENTED_EDGE('',*,*,#4005,.T.);
#4005 = EDGE_CURVE('',#3998,#4006,#4008,.T.);
#4006 = VERTEX_POINT('',#4007);
#4007 = CARTESIAN_POINT('',(-1.195,0.76,4.45));
#4008 = LINE('',#4009,#4010);
#4009 = CARTESIAN_POINT('',(-1.395,0.76,4.45));
#4010 = VECTOR('',#4011,1.);
#4011 = DIRECTION('',(1.,0.,0.));
#4012 = ORIENTED_EDGE('',*,*,#4013,.T.);
#4013 = EDGE_CURVE('',#4006,#4014,#4016,.T.);
#4014 = VERTEX_POINT('',#4015);
#4015 = CARTESIAN_POINT('',(-1.195,0.56,4.45));
#4016 = LINE('',#4017,#4018);
#4017 = CARTESIAN_POINT('',(-1.195,0.76,4.45));
#4018 = VECTOR('',#4019,1.);
#4019 = DIRECTION('',(0.,-1.,0.));
#4020 = ORIENTED_EDGE('',*,*,#4021,.T.);
#4021 = EDGE_CURVE('',#4014,#3996,#4022,.T.);
#4022 = LINE('',#4023,#4024);
#4023 = CARTESIAN_POINT('',(-1.195,0.56,4.45));
#4024 = VECTOR('',#4025,1.);
#4025 = DIRECTION('',(-1.,0.,0.));
#4026 = PLANE('',#4027);
#4027 = AXIS2_PLACEMENT_3D('',#4028,#4029,#4030);
#4028 = CARTESIAN_POINT('',(-1.095,0.46,4.45));
#4029 = DIRECTION('',(0.,0.,-1.));
#4030 = DIRECTION('',(-1.,0.,0.));
#4031 = ADVANCED_FACE('',(#4032),#4057,.T.);
#4032 = FACE_BOUND('',#4033,.F.);
#4033 = EDGE_LOOP('',(#4034,#4042,#4043,#4051));
#4034 = ORIENTED_EDGE('',*,*,#4035,.T.);
#4035 = EDGE_CURVE('',#4036,#3998,#4038,.T.);
#4036 = VERTEX_POINT('',#4037);
#4037 = CARTESIAN_POINT('',(-1.495,0.86,4.25));
#4038 = LINE('',#4039,#4040);
#4039 = CARTESIAN_POINT('',(-1.495,0.86,4.25));
#4040 = VECTOR('',#4041,1.);
#4041 = DIRECTION('',(0.408248290464,-0.408248290464,0.816496580928));
#4042 = ORIENTED_EDGE('',*,*,#3995,.F.);
#4043 = ORIENTED_EDGE('',*,*,#4044,.F.);
#4044 = EDGE_CURVE('',#4045,#3996,#4047,.T.);
#4045 = VERTEX_POINT('',#4046);
#4046 = CARTESIAN_POINT('',(-1.495,0.46,4.25));
#4047 = LINE('',#4048,#4049);
#4048 = CARTESIAN_POINT('',(-1.495,0.46,4.25));
#4049 = VECTOR('',#4050,1.);
#4050 = DIRECTION('',(0.408248290464,0.408248290464,0.816496580928));
#4051 = ORIENTED_EDGE('',*,*,#4052,.F.);
#4052 = EDGE_CURVE('',#4036,#4045,#4053,.T.);
#4053 = LINE('',#4054,#4055);
#4054 = CARTESIAN_POINT('',(-1.495,0.86,4.25));
#4055 = VECTOR('',#4056,1.);
#4056 = DIRECTION('',(0.,-1.,0.));
#4057 = PLANE('',#4058);
#4058 = AXIS2_PLACEMENT_3D('',#4059,#4060,#4061);
#4059 = CARTESIAN_POINT('',(-1.395,0.46,4.45));
#4060 = DIRECTION('',(-0.894427191,0.,0.4472135955));
#4061 = DIRECTION('',(0.,1.,0.));
#4062 = ADVANCED_FACE('',(#4063),#4081,.F.);
#4063 = FACE_BOUND('',#4064,.F.);
#4064 = EDGE_LOOP('',(#4065,#4066,#4074,#4080));
#4065 = ORIENTED_EDGE('',*,*,#4035,.F.);
#4066 = ORIENTED_EDGE('',*,*,#4067,.F.);
#4067 = EDGE_CURVE('',#4068,#4036,#4070,.T.);
#4068 = VERTEX_POINT('',#4069);
#4069 = CARTESIAN_POINT('',(-1.095,0.86,4.25));
#4070 = LINE('',#4071,#4072);
#4071 = CARTESIAN_POINT('',(-1.095,0.86,4.25));
#4072 = VECTOR('',#4073,1.);
#4073 = DIRECTION('',(-1.,0.,0.));
#4074 = ORIENTED_EDGE('',*,*,#4075,.F.);
#4075 = EDGE_CURVE('',#4006,#4068,#4076,.T.);
#4076 = LINE('',#4077,#4078);
#4077 = CARTESIAN_POINT('',(-1.195,0.76,4.45));
#4078 = VECTOR('',#4079,1.);
#4079 = DIRECTION('',(0.408248290464,0.408248290464,-0.816496580928));
#4080 = ORIENTED_EDGE('',*,*,#4005,.F.);
#4081 = PLANE('',#4082);
#4082 = AXIS2_PLACEMENT_3D('',#4083,#4084,#4085);
#4083 = CARTESIAN_POINT('',(-1.095,0.76,4.45));
#4084 = DIRECTION('',(0.,-0.894427191,-0.4472135955));
#4085 = DIRECTION('',(-1.,0.,0.));
#4086 = ADVANCED_FACE('',(#4087),#4112,.F.);
#4087 = FACE_BOUND('',#4088,.F.);
#4088 = EDGE_LOOP('',(#4089,#4097,#4098,#4106));
#4089 = ORIENTED_EDGE('',*,*,#4090,.F.);
#4090 = EDGE_CURVE('',#4068,#4091,#4093,.T.);
#4091 = VERTEX_POINT('',#4092);
#4092 = CARTESIAN_POINT('',(-1.095,0.86,-2.15));
#4093 = LINE('',#4094,#4095);
#4094 = CARTESIAN_POINT('',(-1.095,0.86,4.25));
#4095 = VECTOR('',#4096,1.);
#4096 = DIRECTION('',(0.,0.,-1.));
#4097 = ORIENTED_EDGE('',*,*,#4067,.T.);
#4098 = ORIENTED_EDGE('',*,*,#4099,.T.);
#4099 = EDGE_CURVE('',#4036,#4100,#4102,.T.);
#4100 = VERTEX_POINT('',#4101);
#4101 = CARTESIAN_POINT('',(-1.495,0.86,-2.15));
#4102 = LINE('',#4103,#4104);
#4103 = CARTESIAN_POINT('',(-1.495,0.86,4.25));
#4104 = VECTOR('',#4105,1.);
#4105 = DIRECTION('',(0.,0.,-1.));
#4106 = ORIENTED_EDGE('',*,*,#4107,.T.);
#4107 = EDGE_CURVE('',#4100,#4091,#4108,.T.);
#4108 = LINE('',#4109,#4110);
#4109 = CARTESIAN_POINT('',(-1.495,0.86,-2.15));
#4110 = VECTOR('',#4111,1.);
#4111 = DIRECTION('',(1.,0.,0.));
#4112 = PLANE('',#4113);
#4113 = AXIS2_PLACEMENT_3D('',#4114,#4115,#4116);
#4114 = CARTESIAN_POINT('',(-1.095,0.86,-2.35));
#4115 = DIRECTION('',(0.,-1.,0.));
#4116 = DIRECTION('',(1.,0.,0.));
#4117 = ADVANCED_FACE('',(#4118),#4143,.F.);
#4118 = FACE_BOUND('',#4119,.F.);
#4119 = EDGE_LOOP('',(#4120,#4130,#4136,#4137));
#4120 = ORIENTED_EDGE('',*,*,#4121,.T.);
#4121 = EDGE_CURVE('',#4122,#4124,#4126,.T.);
#4122 = VERTEX_POINT('',#4123);
#4123 = CARTESIAN_POINT('',(-1.095,0.46,-2.15));
#4124 = VERTEX_POINT('',#4125);
#4125 = CARTESIAN_POINT('',(-1.095,0.46,4.25));
#4126 = LINE('',#4127,#4128);
#4127 = CARTESIAN_POINT('',(-1.095,0.46,-2.15));
#4128 = VECTOR('',#4129,1.);
#4129 = DIRECTION('',(0.,0.,1.));
#4130 = ORIENTED_EDGE('',*,*,#4131,.T.);
#4131 = EDGE_CURVE('',#4124,#4068,#4132,.T.);
#4132 = LINE('',#4133,#4134);
#4133 = CARTESIAN_POINT('',(-1.095,0.46,4.25));
#4134 = VECTOR('',#4135,1.);
#4135 = DIRECTION('',(0.,1.,0.));
#4136 = ORIENTED_EDGE('',*,*,#4090,.T.);
#4137 = ORIENTED_EDGE('',*,*,#4138,.T.);
#4138 = EDGE_CURVE('',#4091,#4122,#4139,.T.);
#4139 = LINE('',#4140,#4141);
#4140 = CARTESIAN_POINT('',(-1.095,0.86,-2.15));
#4141 = VECTOR('',#4142,1.);
#4142 = DIRECTION('',(0.,-1.,0.));
#4143 = PLANE('',#4144);
#4144 = AXIS2_PLACEMENT_3D('',#4145,#4146,#4147);
#4145 = CARTESIAN_POINT('',(-1.095,0.66,1.05));
#4146 = DIRECTION('',(-1.,0.,0.));
#4147 = DIRECTION('',(0.,-1.,0.));
#4148 = ADVANCED_FACE('',(#4149),#4172,.F.);
#4149 = FACE_BOUND('',#4150,.F.);
#4150 = EDGE_LOOP('',(#4151,#4159,#4165,#4166));
#4151 = ORIENTED_EDGE('',*,*,#4152,.T.);
#4152 = EDGE_CURVE('',#4153,#4045,#4155,.T.);
#4153 = VERTEX_POINT('',#4154);
#4154 = CARTESIAN_POINT('',(-1.495,0.46,-2.15));
#4155 = LINE('',#4156,#4157);
#4156 = CARTESIAN_POINT('',(-1.495,0.46,-2.15));
#4157 = VECTOR('',#4158,1.);
#4158 = DIRECTION('',(0.,0.,1.));
#4159 = ORIENTED_EDGE('',*,*,#4160,.T.);
#4160 = EDGE_CURVE('',#4045,#4124,#4161,.T.);
#4161 = LINE('',#4162,#4163);
#4162 = CARTESIAN_POINT('',(-1.495,0.46,4.25));
#4163 = VECTOR('',#4164,1.);
#4164 = DIRECTION('',(1.,0.,0.));
#4165 = ORIENTED_EDGE('',*,*,#4121,.F.);
#4166 = ORIENTED_EDGE('',*,*,#4167,.T.);
#4167 = EDGE_CURVE('',#4122,#4153,#4168,.T.);
#4168 = LINE('',#4169,#4170);
#4169 = CARTESIAN_POINT('',(-1.095,0.46,-2.15));
#4170 = VECTOR('',#4171,1.);
#4171 = DIRECTION('',(-1.,0.,0.));
#4172 = PLANE('',#4173);
#4173 = AXIS2_PLACEMENT_3D('',#4174,#4175,#4176);
#4174 = CARTESIAN_POINT('',(-1.095,0.46,-2.35));
#4175 = DIRECTION('',(0.,1.,0.));
#4176 = DIRECTION('',(-1.,0.,0.));
#4177 = ADVANCED_FACE('',(#4178),#4189,.T.);
#4178 = FACE_BOUND('',#4179,.F.);
#4179 = EDGE_LOOP('',(#4180,#4181,#4182,#4183));
#4180 = ORIENTED_EDGE('',*,*,#4099,.F.);
#4181 = ORIENTED_EDGE('',*,*,#4052,.T.);
#4182 = ORIENTED_EDGE('',*,*,#4152,.F.);
#4183 = ORIENTED_EDGE('',*,*,#4184,.T.);
#4184 = EDGE_CURVE('',#4153,#4100,#4185,.T.);
#4185 = LINE('',#4186,#4187);
#4186 = CARTESIAN_POINT('',(-1.495,0.46,-2.15));
#4187 = VECTOR('',#4188,1.);
#4188 = DIRECTION('',(0.,1.,0.));
#4189 = PLANE('',#4190);
#4190 = AXIS2_PLACEMENT_3D('',#4191,#4192,#4193);
#4191 = CARTESIAN_POINT('',(-1.495,0.66,1.05));
#4192 = DIRECTION('',(-1.,0.,0.));
#4193 = DIRECTION('',(0.,-1.,0.));
#4194 = ADVANCED_FACE('',(#4195),#4220,.T.);
#4195 = FACE_BOUND('',#4196,.F.);
#4196 = EDGE_LOOP('',(#4197,#4205,#4206,#4214));
#4197 = ORIENTED_EDGE('',*,*,#4198,.T.);
#4198 = EDGE_CURVE('',#4199,#4100,#4201,.T.);
#4199 = VERTEX_POINT('',#4200);
#4200 = CARTESIAN_POINT('',(-1.395,0.76,-2.35));
#4201 = LINE('',#4202,#4203);
#4202 = CARTESIAN_POINT('',(-1.395,0.76,-2.35));
#4203 = VECTOR('',#4204,1.);
#4204 = DIRECTION('',(-0.408248290464,0.408248290464,0.816496580928));
#4205 = ORIENTED_EDGE('',*,*,#4184,.F.);
#4206 = ORIENTED_EDGE('',*,*,#4207,.F.);
#4207 = EDGE_CURVE('',#4208,#4153,#4210,.T.);
#4208 = VERTEX_POINT('',#4209);
#4209 = CARTESIAN_POINT('',(-1.395,0.56,-2.35));
#4210 = LINE('',#4211,#4212);
#4211 = CARTESIAN_POINT('',(-1.395,0.56,-2.35));
#4212 = VECTOR('',#4213,1.);
#4213 = DIRECTION('',(-0.408248290464,-0.408248290464,0.816496580928));
#4214 = ORIENTED_EDGE('',*,*,#4215,.F.);
#4215 = EDGE_CURVE('',#4199,#4208,#4216,.T.);
#4216 = LINE('',#4217,#4218);
#4217 = CARTESIAN_POINT('',(-1.395,0.76,-2.35));
#4218 = VECTOR('',#4219,1.);
#4219 = DIRECTION('',(0.,-1.,0.));
#4220 = PLANE('',#4221);
#4221 = AXIS2_PLACEMENT_3D('',#4222,#4223,#4224);
#4222 = CARTESIAN_POINT('',(-1.395,0.46,-2.35));
#4223 = DIRECTION('',(-0.894427191,0.,-0.4472135955));
#4224 = DIRECTION('',(0.,-1.,0.));
#4225 = ADVANCED_FACE('',(#4226),#4244,.F.);
#4226 = FACE_BOUND('',#4227,.F.);
#4227 = EDGE_LOOP('',(#4228,#4229,#4237,#4243));
#4228 = ORIENTED_EDGE('',*,*,#4198,.F.);
#4229 = ORIENTED_EDGE('',*,*,#4230,.F.);
#4230 = EDGE_CURVE('',#4231,#4199,#4233,.T.);
#4231 = VERTEX_POINT('',#4232);
#4232 = CARTESIAN_POINT('',(-1.195,0.76,-2.35));
#4233 = LINE('',#4234,#4235);
#4234 = CARTESIAN_POINT('',(-1.195,0.76,-2.35));
#4235 = VECTOR('',#4236,1.);
#4236 = DIRECTION('',(-1.,0.,0.));
#4237 = ORIENTED_EDGE('',*,*,#4238,.F.);
#4238 = EDGE_CURVE('',#4091,#4231,#4239,.T.);
#4239 = LINE('',#4240,#4241);
#4240 = CARTESIAN_POINT('',(-1.095,0.86,-2.15));
#4241 = VECTOR('',#4242,1.);
#4242 = DIRECTION('',(-0.408248290464,-0.408248290464,-0.816496580928));
#4243 = ORIENTED_EDGE('',*,*,#4107,.F.);
#4244 = PLANE('',#4245);
#4245 = AXIS2_PLACEMENT_3D('',#4246,#4247,#4248);
#4246 = CARTESIAN_POINT('',(-1.095,0.86,-2.15));
#4247 = DIRECTION('',(0.,-0.894427191,0.4472135955));
#4248 = DIRECTION('',(-1.,0.,0.));
#4249 = ADVANCED_FACE('',(#4250),#4268,.F.);
#4250 = FACE_BOUND('',#4251,.F.);
#4251 = EDGE_LOOP('',(#4252,#4260,#4261,#4262));
#4252 = ORIENTED_EDGE('',*,*,#4253,.T.);
#4253 = EDGE_CURVE('',#4254,#4231,#4256,.T.);
#4254 = VERTEX_POINT('',#4255);
#4255 = CARTESIAN_POINT('',(-1.195,0.56,-2.35));
#4256 = LINE('',#4257,#4258);
#4257 = CARTESIAN_POINT('',(-1.195,0.56,-2.35));
#4258 = VECTOR('',#4259,1.);
#4259 = DIRECTION('',(0.,1.,0.));
#4260 = ORIENTED_EDGE('',*,*,#4230,.T.);
#4261 = ORIENTED_EDGE('',*,*,#4215,.T.);
#4262 = ORIENTED_EDGE('',*,*,#4263,.T.);
#4263 = EDGE_CURVE('',#4208,#4254,#4264,.T.);
#4264 = LINE('',#4265,#4266);
#4265 = CARTESIAN_POINT('',(-1.395,0.56,-2.35));
#4266 = VECTOR('',#4267,1.);
#4267 = DIRECTION('',(1.,0.,0.));
#4268 = PLANE('',#4269);
#4269 = AXIS2_PLACEMENT_3D('',#4270,#4271,#4272);
#4270 = CARTESIAN_POINT('',(-1.095,0.46,-2.35));
#4271 = DIRECTION('',(0.,0.,1.));
#4272 = DIRECTION('',(1.,0.,0.));
#4273 = ADVANCED_FACE('',(#4274),#4285,.F.);
#4274 = FACE_BOUND('',#4275,.F.);
#4275 = EDGE_LOOP('',(#4276,#4277,#4278,#4284));
#4276 = ORIENTED_EDGE('',*,*,#4238,.T.);
#4277 = ORIENTED_EDGE('',*,*,#4253,.F.);
#4278 = ORIENTED_EDGE('',*,*,#4279,.F.);
#4279 = EDGE_CURVE('',#4122,#4254,#4280,.T.);
#4280 = LINE('',#4281,#4282);
#4281 = CARTESIAN_POINT('',(-1.095,0.46,-2.15));
#4282 = VECTOR('',#4283,1.);
#4283 = DIRECTION('',(-0.408248290464,0.408248290464,-0.816496580928));
#4284 = ORIENTED_EDGE('',*,*,#4138,.F.);
#4285 = PLANE('',#4286);
#4286 = AXIS2_PLACEMENT_3D('',#4287,#4288,#4289);
#4287 = CARTESIAN_POINT('',(-1.095,0.66,-2.15));
#4288 = DIRECTION('',(-0.894427191,0.,0.4472135955));
#4289 = DIRECTION('',(0.,1.,0.));
#4290 = ADVANCED_FACE('',(#4291),#4297,.F.);
#4291 = FACE_BOUND('',#4292,.F.);
#4292 = EDGE_LOOP('',(#4293,#4294,#4295,#4296));
#4293 = ORIENTED_EDGE('',*,*,#4279,.T.);
#4294 = ORIENTED_EDGE('',*,*,#4263,.F.);
#4295 = ORIENTED_EDGE('',*,*,#4207,.T.);
#4296 = ORIENTED_EDGE('',*,*,#4167,.F.);
#4297 = PLANE('',#4298);
#4298 = AXIS2_PLACEMENT_3D('',#4299,#4300,#4301);
#4299 = CARTESIAN_POINT('',(-1.095,0.56,-2.35));
#4300 = DIRECTION('',(0.,0.894427191,0.4472135955));
#4301 = DIRECTION('',(-1.,0.,0.));
#4302 = ADVANCED_FACE('',(#4303),#4314,.F.);
#4303 = FACE_BOUND('',#4304,.F.);
#4304 = EDGE_LOOP('',(#4305,#4311,#4312,#4313));
#4305 = ORIENTED_EDGE('',*,*,#4306,.T.);
#4306 = EDGE_CURVE('',#4014,#4124,#4307,.T.);
#4307 = LINE('',#4308,#4309);
#4308 = CARTESIAN_POINT('',(-1.195,0.56,4.45));
#4309 = VECTOR('',#4310,1.);
#4310 = DIRECTION('',(0.408248290464,-0.408248290464,-0.816496580928));
#4311 = ORIENTED_EDGE('',*,*,#4160,.F.);
#4312 = ORIENTED_EDGE('',*,*,#4044,.T.);
#4313 = ORIENTED_EDGE('',*,*,#4021,.F.);
#4314 = PLANE('',#4315);
#4315 = AXIS2_PLACEMENT_3D('',#4316,#4317,#4318);
#4316 = CARTESIAN_POINT('',(-1.095,0.46,4.25));
#4317 = DIRECTION('',(0.,0.894427191,-0.4472135955));
#4318 = DIRECTION('',(-1.,0.,0.));
#4319 = ADVANCED_FACE('',(#4320),#4326,.F.);
#4320 = FACE_BOUND('',#4321,.F.);
#4321 = EDGE_LOOP('',(#4322,#4323,#4324,#4325));
#4322 = ORIENTED_EDGE('',*,*,#4075,.T.);
#4323 = ORIENTED_EDGE('',*,*,#4131,.F.);
#4324 = ORIENTED_EDGE('',*,*,#4306,.F.);
#4325 = ORIENTED_EDGE('',*,*,#4013,.F.);
#4326 = PLANE('',#4327);
#4327 = AXIS2_PLACEMENT_3D('',#4328,#4329,#4330);
#4328 = CARTESIAN_POINT('',(-1.095,0.66,4.25));
#4329 = DIRECTION('',(-0.894427191,0.,-0.4472135955));
#4330 = DIRECTION('',(0.,-1.,0.));
#4331 = MANIFOLD_SOLID_BREP('',#4332);
#4332 = CLOSED_SHELL('',(#4333,#4373,#4404,#4428,#4459,#4490,#4519,#4536
    ,#4567,#4591,#4615,#4632,#4644,#4661));
#4333 = ADVANCED_FACE('',(#4334),#4368,.F.);
#4334 = FACE_BOUND('',#4335,.F.);
#4335 = EDGE_LOOP('',(#4336,#4346,#4354,#4362));
#4336 = ORIENTED_EDGE('',*,*,#4337,.T.);
#4337 = EDGE_CURVE('',#4338,#4340,#4342,.T.);
#4338 = VERTEX_POINT('',#4339);
#4339 = CARTESIAN_POINT('',(-0.125,0.56,4.45));
#4340 = VERTEX_POINT('',#4341);
#4341 = CARTESIAN_POINT('',(-0.125,0.76,4.45));
#4342 = LINE('',#4343,#4344);
#4343 = CARTESIAN_POINT('',(-0.125,0.56,4.45));
#4344 = VECTOR('',#4345,1.);
#4345 = DIRECTION('',(0.,1.,0.));
#4346 = ORIENTED_EDGE('',*,*,#4347,.T.);
#4347 = EDGE_CURVE('',#4340,#4348,#4350,.T.);
#4348 = VERTEX_POINT('',#4349);
#4349 = CARTESIAN_POINT('',(7.5E-02,0.76,4.45));
#4350 = LINE('',#4351,#4352);
#4351 = CARTESIAN_POINT('',(-0.125,0.76,4.45));
#4352 = VECTOR('',#4353,1.);
#4353 = DIRECTION('',(1.,0.,0.));
#4354 = ORIENTED_EDGE('',*,*,#4355,.T.);
#4355 = EDGE_CURVE('',#4348,#4356,#4358,.T.);
#4356 = VERTEX_POINT('',#4357);
#4357 = CARTESIAN_POINT('',(7.5E-02,0.56,4.45));
#4358 = LINE('',#4359,#4360);
#4359 = CARTESIAN_POINT('',(7.5E-02,0.76,4.45));
#4360 = VECTOR('',#4361,1.);
#4361 = DIRECTION('',(0.,-1.,0.));
#4362 = ORIENTED_EDGE('',*,*,#4363,.T.);
#4363 = EDGE_CURVE('',#4356,#4338,#4364,.T.);
#4364 = LINE('',#4365,#4366);
#4365 = CARTESIAN_POINT('',(7.5E-02,0.56,4.45));
#4366 = VECTOR('',#4367,1.);
#4367 = DIRECTION('',(-1.,0.,0.));
#4368 = PLANE('',#4369);
#4369 = AXIS2_PLACEMENT_3D('',#4370,#4371,#4372);
#4370 = CARTESIAN_POINT('',(0.175,0.46,4.45));
#4371 = DIRECTION('',(0.,0.,-1.));
#4372 = DIRECTION('',(-1.,0.,0.));
#4373 = ADVANCED_FACE('',(#4374),#4399,.T.);
#4374 = FACE_BOUND('',#4375,.F.);
#4375 = EDGE_LOOP('',(#4376,#4384,#4385,#4393));
#4376 = ORIENTED_EDGE('',*,*,#4377,.T.);
#4377 = EDGE_CURVE('',#4378,#4340,#4380,.T.);
#4378 = VERTEX_POINT('',#4379);
#4379 = CARTESIAN_POINT('',(-0.225,0.86,4.25));
#4380 = LINE('',#4381,#4382);
#4381 = CARTESIAN_POINT('',(-0.225,0.86,4.25));
#4382 = VECTOR('',#4383,1.);
#4383 = DIRECTION('',(0.408248290464,-0.408248290464,0.816496580928));
#4384 = ORIENTED_EDGE('',*,*,#4337,.F.);
#4385 = ORIENTED_EDGE('',*,*,#4386,.F.);
#4386 = EDGE_CURVE('',#4387,#4338,#4389,.T.);
#4387 = VERTEX_POINT('',#4388);
#4388 = CARTESIAN_POINT('',(-0.225,0.46,4.25));
#4389 = LINE('',#4390,#4391);
#4390 = CARTESIAN_POINT('',(-0.225,0.46,4.25));
#4391 = VECTOR('',#4392,1.);
#4392 = DIRECTION('',(0.408248290464,0.408248290464,0.816496580928));
#4393 = ORIENTED_EDGE('',*,*,#4394,.F.);
#4394 = EDGE_CURVE('',#4378,#4387,#4395,.T.);
#4395 = LINE('',#4396,#4397);
#4396 = CARTESIAN_POINT('',(-0.225,0.86,4.25));
#4397 = VECTOR('',#4398,1.);
#4398 = DIRECTION('',(0.,-1.,0.));
#4399 = PLANE('',#4400);
#4400 = AXIS2_PLACEMENT_3D('',#4401,#4402,#4403);
#4401 = CARTESIAN_POINT('',(-0.125,0.46,4.45));
#4402 = DIRECTION('',(-0.894427191,0.,0.4472135955));
#4403 = DIRECTION('',(0.,1.,0.));
#4404 = ADVANCED_FACE('',(#4405),#4423,.F.);
#4405 = FACE_BOUND('',#4406,.F.);
#4406 = EDGE_LOOP('',(#4407,#4408,#4416,#4422));
#4407 = ORIENTED_EDGE('',*,*,#4377,.F.);
#4408 = ORIENTED_EDGE('',*,*,#4409,.F.);
#4409 = EDGE_CURVE('',#4410,#4378,#4412,.T.);
#4410 = VERTEX_POINT('',#4411);
#4411 = CARTESIAN_POINT('',(0.175,0.86,4.25));
#4412 = LINE('',#4413,#4414);
#4413 = CARTESIAN_POINT('',(0.175,0.86,4.25));
#4414 = VECTOR('',#4415,1.);
#4415 = DIRECTION('',(-1.,0.,0.));
#4416 = ORIENTED_EDGE('',*,*,#4417,.F.);
#4417 = EDGE_CURVE('',#4348,#4410,#4418,.T.);
#4418 = LINE('',#4419,#4420);
#4419 = CARTESIAN_POINT('',(7.5E-02,0.76,4.45));
#4420 = VECTOR('',#4421,1.);
#4421 = DIRECTION('',(0.408248290464,0.408248290464,-0.816496580928));
#4422 = ORIENTED_EDGE('',*,*,#4347,.F.);
#4423 = PLANE('',#4424);
#4424 = AXIS2_PLACEMENT_3D('',#4425,#4426,#4427);
#4425 = CARTESIAN_POINT('',(0.175,0.76,4.45));
#4426 = DIRECTION('',(0.,-0.894427191,-0.4472135955));
#4427 = DIRECTION('',(-1.,0.,0.));
#4428 = ADVANCED_FACE('',(#4429),#4454,.F.);
#4429 = FACE_BOUND('',#4430,.F.);
#4430 = EDGE_LOOP('',(#4431,#4439,#4440,#4448));
#4431 = ORIENTED_EDGE('',*,*,#4432,.F.);
#4432 = EDGE_CURVE('',#4410,#4433,#4435,.T.);
#4433 = VERTEX_POINT('',#4434);
#4434 = CARTESIAN_POINT('',(0.175,0.86,-2.15));
#4435 = LINE('',#4436,#4437);
#4436 = CARTESIAN_POINT('',(0.175,0.86,4.25));
#4437 = VECTOR('',#4438,1.);
#4438 = DIRECTION('',(0.,0.,-1.));
#4439 = ORIENTED_EDGE('',*,*,#4409,.T.);
#4440 = ORIENTED_EDGE('',*,*,#4441,.T.);
#4441 = EDGE_CURVE('',#4378,#4442,#4444,.T.);
#4442 = VERTEX_POINT('',#4443);
#4443 = CARTESIAN_POINT('',(-0.225,0.86,-2.15));
#4444 = LINE('',#4445,#4446);
#4445 = CARTESIAN_POINT('',(-0.225,0.86,4.25));
#4446 = VECTOR('',#4447,1.);
#4447 = DIRECTION('',(0.,0.,-1.));
#4448 = ORIENTED_EDGE('',*,*,#4449,.T.);
#4449 = EDGE_CURVE('',#4442,#4433,#4450,.T.);
#4450 = LINE('',#4451,#4452);
#4451 = CARTESIAN_POINT('',(-0.225,0.86,-2.15));
#4452 = VECTOR('',#4453,1.);
#4453 = DIRECTION('',(1.,0.,0.));
#4454 = PLANE('',#4455);
#4455 = AXIS2_PLACEMENT_3D('',#4456,#4457,#4458);
#4456 = CARTESIAN_POINT('',(0.175,0.86,-2.35));
#4457 = DIRECTION('',(0.,-1.,0.));
#4458 = DIRECTION('',(1.,0.,0.));
#4459 = ADVANCED_FACE('',(#4460),#4485,.F.);
#4460 = FACE_BOUND('',#4461,.F.);
#4461 = EDGE_LOOP('',(#4462,#4472,#4478,#4479));
#4462 = ORIENTED_EDGE('',*,*,#4463,.T.);
#4463 = EDGE_CURVE('',#4464,#4466,#4468,.T.);
#4464 = VERTEX_POINT('',#4465);
#4465 = CARTESIAN_POINT('',(0.175,0.46,-2.15));
#4466 = VERTEX_POINT('',#4467);
#4467 = CARTESIAN_POINT('',(0.175,0.46,4.25));
#4468 = LINE('',#4469,#4470);
#4469 = CARTESIAN_POINT('',(0.175,0.46,-2.15));
#4470 = VECTOR('',#4471,1.);
#4471 = DIRECTION('',(0.,0.,1.));
#4472 = ORIENTED_EDGE('',*,*,#4473,.T.);
#4473 = EDGE_CURVE('',#4466,#4410,#4474,.T.);
#4474 = LINE('',#4475,#4476);
#4475 = CARTESIAN_POINT('',(0.175,0.46,4.25));
#4476 = VECTOR('',#4477,1.);
#4477 = DIRECTION('',(0.,1.,0.));
#4478 = ORIENTED_EDGE('',*,*,#4432,.T.);
#4479 = ORIENTED_EDGE('',*,*,#4480,.T.);
#4480 = EDGE_CURVE('',#4433,#4464,#4481,.T.);
#4481 = LINE('',#4482,#4483);
#4482 = CARTESIAN_POINT('',(0.175,0.86,-2.15));
#4483 = VECTOR('',#4484,1.);
#4484 = DIRECTION('',(0.,-1.,0.));
#4485 = PLANE('',#4486);
#4486 = AXIS2_PLACEMENT_3D('',#4487,#4488,#4489);
#4487 = CARTESIAN_POINT('',(0.175,0.66,1.05));
#4488 = DIRECTION('',(-1.,0.,0.));
#4489 = DIRECTION('',(0.,-1.,0.));
#4490 = ADVANCED_FACE('',(#4491),#4514,.F.);
#4491 = FACE_BOUND('',#4492,.F.);
#4492 = EDGE_LOOP('',(#4493,#4501,#4507,#4508));
#4493 = ORIENTED_EDGE('',*,*,#4494,.T.);
#4494 = EDGE_CURVE('',#4495,#4387,#4497,.T.);
#4495 = VERTEX_POINT('',#4496);
#4496 = CARTESIAN_POINT('',(-0.225,0.46,-2.15));
#4497 = LINE('',#4498,#4499);
#4498 = CARTESIAN_POINT('',(-0.225,0.46,-2.15));
#4499 = VECTOR('',#4500,1.);
#4500 = DIRECTION('',(0.,0.,1.));
#4501 = ORIENTED_EDGE('',*,*,#4502,.T.);
#4502 = EDGE_CURVE('',#4387,#4466,#4503,.T.);
#4503 = LINE('',#4504,#4505);
#4504 = CARTESIAN_POINT('',(-0.225,0.46,4.25));
#4505 = VECTOR('',#4506,1.);
#4506 = DIRECTION('',(1.,0.,0.));
#4507 = ORIENTED_EDGE('',*,*,#4463,.F.);
#4508 = ORIENTED_EDGE('',*,*,#4509,.T.);
#4509 = EDGE_CURVE('',#4464,#4495,#4510,.T.);
#4510 = LINE('',#4511,#4512);
#4511 = CARTESIAN_POINT('',(0.175,0.46,-2.15));
#4512 = VECTOR('',#4513,1.);
#4513 = DIRECTION('',(-1.,0.,0.));
#4514 = PLANE('',#4515);
#4515 = AXIS2_PLACEMENT_3D('',#4516,#4517,#4518);
#4516 = CARTESIAN_POINT('',(0.175,0.46,-2.35));
#4517 = DIRECTION('',(0.,1.,0.));
#4518 = DIRECTION('',(-1.,0.,0.));
#4519 = ADVANCED_FACE('',(#4520),#4531,.T.);
#4520 = FACE_BOUND('',#4521,.F.);
#4521 = EDGE_LOOP('',(#4522,#4523,#4524,#4525));
#4522 = ORIENTED_EDGE('',*,*,#4441,.F.);
#4523 = ORIENTED_EDGE('',*,*,#4394,.T.);
#4524 = ORIENTED_EDGE('',*,*,#4494,.F.);
#4525 = ORIENTED_EDGE('',*,*,#4526,.T.);
#4526 = EDGE_CURVE('',#4495,#4442,#4527,.T.);
#4527 = LINE('',#4528,#4529);
#4528 = CARTESIAN_POINT('',(-0.225,0.46,-2.15));
#4529 = VECTOR('',#4530,1.);
#4530 = DIRECTION('',(0.,1.,0.));
#4531 = PLANE('',#4532);
#4532 = AXIS2_PLACEMENT_3D('',#4533,#4534,#4535);
#4533 = CARTESIAN_POINT('',(-0.225,0.66,1.05));
#4534 = DIRECTION('',(-1.,0.,0.));
#4535 = DIRECTION('',(0.,-1.,0.));
#4536 = ADVANCED_FACE('',(#4537),#4562,.T.);
#4537 = FACE_BOUND('',#4538,.F.);
#4538 = EDGE_LOOP('',(#4539,#4547,#4548,#4556));
#4539 = ORIENTED_EDGE('',*,*,#4540,.T.);
#4540 = EDGE_CURVE('',#4541,#4442,#4543,.T.);
#4541 = VERTEX_POINT('',#4542);
#4542 = CARTESIAN_POINT('',(-0.125,0.76,-2.35));
#4543 = LINE('',#4544,#4545);
#4544 = CARTESIAN_POINT('',(-0.125,0.76,-2.35));
#4545 = VECTOR('',#4546,1.);
#4546 = DIRECTION('',(-0.408248290464,0.408248290464,0.816496580928));
#4547 = ORIENTED_EDGE('',*,*,#4526,.F.);
#4548 = ORIENTED_EDGE('',*,*,#4549,.F.);
#4549 = EDGE_CURVE('',#4550,#4495,#4552,.T.);
#4550 = VERTEX_POINT('',#4551);
#4551 = CARTESIAN_POINT('',(-0.125,0.56,-2.35));
#4552 = LINE('',#4553,#4554);
#4553 = CARTESIAN_POINT('',(-0.125,0.56,-2.35));
#4554 = VECTOR('',#4555,1.);
#4555 = DIRECTION('',(-0.408248290464,-0.408248290464,0.816496580928));
#4556 = ORIENTED_EDGE('',*,*,#4557,.F.);
#4557 = EDGE_CURVE('',#4541,#4550,#4558,.T.);
#4558 = LINE('',#4559,#4560);
#4559 = CARTESIAN_POINT('',(-0.125,0.76,-2.35));
#4560 = VECTOR('',#4561,1.);
#4561 = DIRECTION('',(0.,-1.,0.));
#4562 = PLANE('',#4563);
#4563 = AXIS2_PLACEMENT_3D('',#4564,#4565,#4566);
#4564 = CARTESIAN_POINT('',(-0.125,0.46,-2.35));
#4565 = DIRECTION('',(-0.894427191,0.,-0.4472135955));
#4566 = DIRECTION('',(0.,-1.,0.));
#4567 = ADVANCED_FACE('',(#4568),#4586,.F.);
#4568 = FACE_BOUND('',#4569,.F.);
#4569 = EDGE_LOOP('',(#4570,#4571,#4579,#4585));
#4570 = ORIENTED_EDGE('',*,*,#4540,.F.);
#4571 = ORIENTED_EDGE('',*,*,#4572,.F.);
#4572 = EDGE_CURVE('',#4573,#4541,#4575,.T.);
#4573 = VERTEX_POINT('',#4574);
#4574 = CARTESIAN_POINT('',(7.5E-02,0.76,-2.35));
#4575 = LINE('',#4576,#4577);
#4576 = CARTESIAN_POINT('',(7.5E-02,0.76,-2.35));
#4577 = VECTOR('',#4578,1.);
#4578 = DIRECTION('',(-1.,0.,0.));
#4579 = ORIENTED_EDGE('',*,*,#4580,.F.);
#4580 = EDGE_CURVE('',#4433,#4573,#4581,.T.);
#4581 = LINE('',#4582,#4583);
#4582 = CARTESIAN_POINT('',(0.175,0.86,-2.15));
#4583 = VECTOR('',#4584,1.);
#4584 = DIRECTION('',(-0.408248290464,-0.408248290464,-0.816496580928));
#4585 = ORIENTED_EDGE('',*,*,#4449,.F.);
#4586 = PLANE('',#4587);
#4587 = AXIS2_PLACEMENT_3D('',#4588,#4589,#4590);
#4588 = CARTESIAN_POINT('',(0.175,0.86,-2.15));
#4589 = DIRECTION('',(0.,-0.894427191,0.4472135955));
#4590 = DIRECTION('',(-1.,0.,0.));
#4591 = ADVANCED_FACE('',(#4592),#4610,.F.);
#4592 = FACE_BOUND('',#4593,.F.);
#4593 = EDGE_LOOP('',(#4594,#4602,#4603,#4604));
#4594 = ORIENTED_EDGE('',*,*,#4595,.T.);
#4595 = EDGE_CURVE('',#4596,#4573,#4598,.T.);
#4596 = VERTEX_POINT('',#4597);
#4597 = CARTESIAN_POINT('',(7.5E-02,0.56,-2.35));
#4598 = LINE('',#4599,#4600);
#4599 = CARTESIAN_POINT('',(7.5E-02,0.56,-2.35));
#4600 = VECTOR('',#4601,1.);
#4601 = DIRECTION('',(0.,1.,0.));
#4602 = ORIENTED_EDGE('',*,*,#4572,.T.);
#4603 = ORIENTED_EDGE('',*,*,#4557,.T.);
#4604 = ORIENTED_EDGE('',*,*,#4605,.T.);
#4605 = EDGE_CURVE('',#4550,#4596,#4606,.T.);
#4606 = LINE('',#4607,#4608);
#4607 = CARTESIAN_POINT('',(-0.125,0.56,-2.35));
#4608 = VECTOR('',#4609,1.);
#4609 = DIRECTION('',(1.,0.,0.));
#4610 = PLANE('',#4611);
#4611 = AXIS2_PLACEMENT_3D('',#4612,#4613,#4614);
#4612 = CARTESIAN_POINT('',(0.175,0.46,-2.35));
#4613 = DIRECTION('',(0.,0.,1.));
#4614 = DIRECTION('',(1.,0.,0.));
#4615 = ADVANCED_FACE('',(#4616),#4627,.F.);
#4616 = FACE_BOUND('',#4617,.F.);
#4617 = EDGE_LOOP('',(#4618,#4619,#4620,#4626));
#4618 = ORIENTED_EDGE('',*,*,#4580,.T.);
#4619 = ORIENTED_EDGE('',*,*,#4595,.F.);
#4620 = ORIENTED_EDGE('',*,*,#4621,.F.);
#4621 = EDGE_CURVE('',#4464,#4596,#4622,.T.);
#4622 = LINE('',#4623,#4624);
#4623 = CARTESIAN_POINT('',(0.175,0.46,-2.15));
#4624 = VECTOR('',#4625,1.);
#4625 = DIRECTION('',(-0.408248290464,0.408248290464,-0.816496580928));
#4626 = ORIENTED_EDGE('',*,*,#4480,.F.);
#4627 = PLANE('',#4628);
#4628 = AXIS2_PLACEMENT_3D('',#4629,#4630,#4631);
#4629 = CARTESIAN_POINT('',(0.175,0.66,-2.15));
#4630 = DIRECTION('',(-0.894427191,0.,0.4472135955));
#4631 = DIRECTION('',(0.,1.,0.));
#4632 = ADVANCED_FACE('',(#4633),#4639,.F.);
#4633 = FACE_BOUND('',#4634,.F.);
#4634 = EDGE_LOOP('',(#4635,#4636,#4637,#4638));
#4635 = ORIENTED_EDGE('',*,*,#4621,.T.);
#4636 = ORIENTED_EDGE('',*,*,#4605,.F.);
#4637 = ORIENTED_EDGE('',*,*,#4549,.T.);
#4638 = ORIENTED_EDGE('',*,*,#4509,.F.);
#4639 = PLANE('',#4640);
#4640 = AXIS2_PLACEMENT_3D('',#4641,#4642,#4643);
#4641 = CARTESIAN_POINT('',(0.175,0.56,-2.35));
#4642 = DIRECTION('',(0.,0.894427191,0.4472135955));
#4643 = DIRECTION('',(-1.,0.,0.));
#4644 = ADVANCED_FACE('',(#4645),#4656,.F.);
#4645 = FACE_BOUND('',#4646,.F.);
#4646 = EDGE_LOOP('',(#4647,#4653,#4654,#4655));
#4647 = ORIENTED_EDGE('',*,*,#4648,.T.);
#4648 = EDGE_CURVE('',#4356,#4466,#4649,.T.);
#4649 = LINE('',#4650,#4651);
#4650 = CARTESIAN_POINT('',(7.5E-02,0.56,4.45));
#4651 = VECTOR('',#4652,1.);
#4652 = DIRECTION('',(0.408248290464,-0.408248290464,-0.816496580928));
#4653 = ORIENTED_EDGE('',*,*,#4502,.F.);
#4654 = ORIENTED_EDGE('',*,*,#4386,.T.);
#4655 = ORIENTED_EDGE('',*,*,#4363,.F.);
#4656 = PLANE('',#4657);
#4657 = AXIS2_PLACEMENT_3D('',#4658,#4659,#4660);
#4658 = CARTESIAN_POINT('',(0.175,0.46,4.25));
#4659 = DIRECTION('',(0.,0.894427191,-0.4472135955));
#4660 = DIRECTION('',(-1.,0.,0.));
#4661 = ADVANCED_FACE('',(#4662),#4668,.F.);
#4662 = FACE_BOUND('',#4663,.F.);
#4663 = EDGE_LOOP('',(#4664,#4665,#4666,#4667));
#4664 = ORIENTED_EDGE('',*,*,#4417,.T.);
#4665 = ORIENTED_EDGE('',*,*,#4473,.F.);
#4666 = ORIENTED_EDGE('',*,*,#4648,.F.);
#4667 = ORIENTED_EDGE('',*,*,#4355,.F.);
#4668 = PLANE('',#4669);
#4669 = AXIS2_PLACEMENT_3D('',#4670,#4671,#4672);
#4670 = CARTESIAN_POINT('',(0.175,0.66,4.25));
#4671 = DIRECTION('',(-0.894427191,0.,-0.4472135955));
#4672 = DIRECTION('',(0.,-1.,0.));
#4673 = MANIFOLD_SOLID_BREP('',#4674);
#4674 = CLOSED_SHELL('',(#4675,#4715,#4746,#4770,#4801,#4832,#4861,#4878
    ,#4909,#4933,#4957,#4974,#4986,#5003));
#4675 = ADVANCED_FACE('',(#4676),#4710,.F.);
#4676 = FACE_BOUND('',#4677,.F.);
#4677 = EDGE_LOOP('',(#4678,#4688,#4696,#4704));
#4678 = ORIENTED_EDGE('',*,*,#4679,.T.);
#4679 = EDGE_CURVE('',#4680,#4682,#4684,.T.);
#4680 = VERTEX_POINT('',#4681);
#4681 = CARTESIAN_POINT('',(1.145,0.56,4.45));
#4682 = VERTEX_POINT('',#4683);
#4683 = CARTESIAN_POINT('',(1.145,0.76,4.45));
#4684 = LINE('',#4685,#4686);
#4685 = CARTESIAN_POINT('',(1.145,0.56,4.45));
#4686 = VECTOR('',#4687,1.);
#4687 = DIRECTION('',(0.,1.,0.));
#4688 = ORIENTED_EDGE('',*,*,#4689,.T.);
#4689 = EDGE_CURVE('',#4682,#4690,#4692,.T.);
#4690 = VERTEX_POINT('',#4691);
#4691 = CARTESIAN_POINT('',(1.345,0.76,4.45));
#4692 = LINE('',#4693,#4694);
#4693 = CARTESIAN_POINT('',(1.145,0.76,4.45));
#4694 = VECTOR('',#4695,1.);
#4695 = DIRECTION('',(1.,0.,0.));
#4696 = ORIENTED_EDGE('',*,*,#4697,.T.);
#4697 = EDGE_CURVE('',#4690,#4698,#4700,.T.);
#4698 = VERTEX_POINT('',#4699);
#4699 = CARTESIAN_POINT('',(1.345,0.56,4.45));
#4700 = LINE('',#4701,#4702);
#4701 = CARTESIAN_POINT('',(1.345,0.76,4.45));
#4702 = VECTOR('',#4703,1.);
#4703 = DIRECTION('',(0.,-1.,0.));
#4704 = ORIENTED_EDGE('',*,*,#4705,.T.);
#4705 = EDGE_CURVE('',#4698,#4680,#4706,.T.);
#4706 = LINE('',#4707,#4708);
#4707 = CARTESIAN_POINT('',(1.345,0.56,4.45));
#4708 = VECTOR('',#4709,1.);
#4709 = DIRECTION('',(-1.,0.,0.));
#4710 = PLANE('',#4711);
#4711 = AXIS2_PLACEMENT_3D('',#4712,#4713,#4714);
#4712 = CARTESIAN_POINT('',(1.445,0.46,4.45));
#4713 = DIRECTION('',(0.,0.,-1.));
#4714 = DIRECTION('',(-1.,0.,0.));
#4715 = ADVANCED_FACE('',(#4716),#4741,.T.);
#4716 = FACE_BOUND('',#4717,.F.);
#4717 = EDGE_LOOP('',(#4718,#4726,#4727,#4735));
#4718 = ORIENTED_EDGE('',*,*,#4719,.T.);
#4719 = EDGE_CURVE('',#4720,#4682,#4722,.T.);
#4720 = VERTEX_POINT('',#4721);
#4721 = CARTESIAN_POINT('',(1.045,0.86,4.25));
#4722 = LINE('',#4723,#4724);
#4723 = CARTESIAN_POINT('',(1.045,0.86,4.25));
#4724 = VECTOR('',#4725,1.);
#4725 = DIRECTION('',(0.408248290464,-0.408248290464,0.816496580928));
#4726 = ORIENTED_EDGE('',*,*,#4679,.F.);
#4727 = ORIENTED_EDGE('',*,*,#4728,.F.);
#4728 = EDGE_CURVE('',#4729,#4680,#4731,.T.);
#4729 = VERTEX_POINT('',#4730);
#4730 = CARTESIAN_POINT('',(1.045,0.46,4.25));
#4731 = LINE('',#4732,#4733);
#4732 = CARTESIAN_POINT('',(1.045,0.46,4.25));
#4733 = VECTOR('',#4734,1.);
#4734 = DIRECTION('',(0.408248290464,0.408248290464,0.816496580928));
#4735 = ORIENTED_EDGE('',*,*,#4736,.F.);
#4736 = EDGE_CURVE('',#4720,#4729,#4737,.T.);
#4737 = LINE('',#4738,#4739);
#4738 = CARTESIAN_POINT('',(1.045,0.86,4.25));
#4739 = VECTOR('',#4740,1.);
#4740 = DIRECTION('',(0.,-1.,0.));
#4741 = PLANE('',#4742);
#4742 = AXIS2_PLACEMENT_3D('',#4743,#4744,#4745);
#4743 = CARTESIAN_POINT('',(1.145,0.46,4.45));
#4744 = DIRECTION('',(-0.894427191,0.,0.4472135955));
#4745 = DIRECTION('',(0.,1.,0.));
#4746 = ADVANCED_FACE('',(#4747),#4765,.F.);
#4747 = FACE_BOUND('',#4748,.F.);
#4748 = EDGE_LOOP('',(#4749,#4750,#4758,#4764));
#4749 = ORIENTED_EDGE('',*,*,#4719,.F.);
#4750 = ORIENTED_EDGE('',*,*,#4751,.F.);
#4751 = EDGE_CURVE('',#4752,#4720,#4754,.T.);
#4752 = VERTEX_POINT('',#4753);
#4753 = CARTESIAN_POINT('',(1.445,0.86,4.25));
#4754 = LINE('',#4755,#4756);
#4755 = CARTESIAN_POINT('',(1.445,0.86,4.25));
#4756 = VECTOR('',#4757,1.);
#4757 = DIRECTION('',(-1.,0.,0.));
#4758 = ORIENTED_EDGE('',*,*,#4759,.F.);
#4759 = EDGE_CURVE('',#4690,#4752,#4760,.T.);
#4760 = LINE('',#4761,#4762);
#4761 = CARTESIAN_POINT('',(1.345,0.76,4.45));
#4762 = VECTOR('',#4763,1.);
#4763 = DIRECTION('',(0.408248290464,0.408248290464,-0.816496580928));
#4764 = ORIENTED_EDGE('',*,*,#4689,.F.);
#4765 = PLANE('',#4766);
#4766 = AXIS2_PLACEMENT_3D('',#4767,#4768,#4769);
#4767 = CARTESIAN_POINT('',(1.445,0.76,4.45));
#4768 = DIRECTION('',(0.,-0.894427191,-0.4472135955));
#4769 = DIRECTION('',(-1.,0.,0.));
#4770 = ADVANCED_FACE('',(#4771),#4796,.F.);
#4771 = FACE_BOUND('',#4772,.F.);
#4772 = EDGE_LOOP('',(#4773,#4781,#4782,#4790));
#4773 = ORIENTED_EDGE('',*,*,#4774,.F.);
#4774 = EDGE_CURVE('',#4752,#4775,#4777,.T.);
#4775 = VERTEX_POINT('',#4776);
#4776 = CARTESIAN_POINT('',(1.445,0.86,-2.15));
#4777 = LINE('',#4778,#4779);
#4778 = CARTESIAN_POINT('',(1.445,0.86,4.25));
#4779 = VECTOR('',#4780,1.);
#4780 = DIRECTION('',(0.,0.,-1.));
#4781 = ORIENTED_EDGE('',*,*,#4751,.T.);
#4782 = ORIENTED_EDGE('',*,*,#4783,.T.);
#4783 = EDGE_CURVE('',#4720,#4784,#4786,.T.);
#4784 = VERTEX_POINT('',#4785);
#4785 = CARTESIAN_POINT('',(1.045,0.86,-2.15));
#4786 = LINE('',#4787,#4788);
#4787 = CARTESIAN_POINT('',(1.045,0.86,4.25));
#4788 = VECTOR('',#4789,1.);
#4789 = DIRECTION('',(0.,0.,-1.));
#4790 = ORIENTED_EDGE('',*,*,#4791,.T.);
#4791 = EDGE_CURVE('',#4784,#4775,#4792,.T.);
#4792 = LINE('',#4793,#4794);
#4793 = CARTESIAN_POINT('',(1.045,0.86,-2.15));
#4794 = VECTOR('',#4795,1.);
#4795 = DIRECTION('',(1.,0.,0.));
#4796 = PLANE('',#4797);
#4797 = AXIS2_PLACEMENT_3D('',#4798,#4799,#4800);
#4798 = CARTESIAN_POINT('',(1.445,0.86,-2.35));
#4799 = DIRECTION('',(0.,-1.,0.));
#4800 = DIRECTION('',(1.,0.,0.));
#4801 = ADVANCED_FACE('',(#4802),#4827,.F.);
#4802 = FACE_BOUND('',#4803,.F.);
#4803 = EDGE_LOOP('',(#4804,#4814,#4820,#4821));
#4804 = ORIENTED_EDGE('',*,*,#4805,.T.);
#4805 = EDGE_CURVE('',#4806,#4808,#4810,.T.);
#4806 = VERTEX_POINT('',#4807);
#4807 = CARTESIAN_POINT('',(1.445,0.46,-2.15));
#4808 = VERTEX_POINT('',#4809);
#4809 = CARTESIAN_POINT('',(1.445,0.46,4.25));
#4810 = LINE('',#4811,#4812);
#4811 = CARTESIAN_POINT('',(1.445,0.46,-2.15));
#4812 = VECTOR('',#4813,1.);
#4813 = DIRECTION('',(0.,0.,1.));
#4814 = ORIENTED_EDGE('',*,*,#4815,.T.);
#4815 = EDGE_CURVE('',#4808,#4752,#4816,.T.);
#4816 = LINE('',#4817,#4818);
#4817 = CARTESIAN_POINT('',(1.445,0.46,4.25));
#4818 = VECTOR('',#4819,1.);
#4819 = DIRECTION('',(0.,1.,0.));
#4820 = ORIENTED_EDGE('',*,*,#4774,.T.);
#4821 = ORIENTED_EDGE('',*,*,#4822,.T.);
#4822 = EDGE_CURVE('',#4775,#4806,#4823,.T.);
#4823 = LINE('',#4824,#4825);
#4824 = CARTESIAN_POINT('',(1.445,0.86,-2.15));
#4825 = VECTOR('',#4826,1.);
#4826 = DIRECTION('',(0.,-1.,0.));
#4827 = PLANE('',#4828);
#4828 = AXIS2_PLACEMENT_3D('',#4829,#4830,#4831);
#4829 = CARTESIAN_POINT('',(1.445,0.66,1.05));
#4830 = DIRECTION('',(-1.,0.,0.));
#4831 = DIRECTION('',(0.,-1.,0.));
#4832 = ADVANCED_FACE('',(#4833),#4856,.F.);
#4833 = FACE_BOUND('',#4834,.F.);
#4834 = EDGE_LOOP('',(#4835,#4843,#4849,#4850));
#4835 = ORIENTED_EDGE('',*,*,#4836,.T.);
#4836 = EDGE_CURVE('',#4837,#4729,#4839,.T.);
#4837 = VERTEX_POINT('',#4838);
#4838 = CARTESIAN_POINT('',(1.045,0.46,-2.15));
#4839 = LINE('',#4840,#4841);
#4840 = CARTESIAN_POINT('',(1.045,0.46,-2.15));
#4841 = VECTOR('',#4842,1.);
#4842 = DIRECTION('',(0.,0.,1.));
#4843 = ORIENTED_EDGE('',*,*,#4844,.T.);
#4844 = EDGE_CURVE('',#4729,#4808,#4845,.T.);
#4845 = LINE('',#4846,#4847);
#4846 = CARTESIAN_POINT('',(1.045,0.46,4.25));
#4847 = VECTOR('',#4848,1.);
#4848 = DIRECTION('',(1.,0.,0.));
#4849 = ORIENTED_EDGE('',*,*,#4805,.F.);
#4850 = ORIENTED_EDGE('',*,*,#4851,.T.);
#4851 = EDGE_CURVE('',#4806,#4837,#4852,.T.);
#4852 = LINE('',#4853,#4854);
#4853 = CARTESIAN_POINT('',(1.445,0.46,-2.15));
#4854 = VECTOR('',#4855,1.);
#4855 = DIRECTION('',(-1.,0.,0.));
#4856 = PLANE('',#4857);
#4857 = AXIS2_PLACEMENT_3D('',#4858,#4859,#4860);
#4858 = CARTESIAN_POINT('',(1.445,0.46,-2.35));
#4859 = DIRECTION('',(0.,1.,0.));
#4860 = DIRECTION('',(-1.,0.,0.));
#4861 = ADVANCED_FACE('',(#4862),#4873,.T.);
#4862 = FACE_BOUND('',#4863,.F.);
#4863 = EDGE_LOOP('',(#4864,#4865,#4866,#4867));
#4864 = ORIENTED_EDGE('',*,*,#4783,.F.);
#4865 = ORIENTED_EDGE('',*,*,#4736,.T.);
#4866 = ORIENTED_EDGE('',*,*,#4836,.F.);
#4867 = ORIENTED_EDGE('',*,*,#4868,.T.);
#4868 = EDGE_CURVE('',#4837,#4784,#4869,.T.);
#4869 = LINE('',#4870,#4871);
#4870 = CARTESIAN_POINT('',(1.045,0.46,-2.15));
#4871 = VECTOR('',#4872,1.);
#4872 = DIRECTION('',(0.,1.,0.));
#4873 = PLANE('',#4874);
#4874 = AXIS2_PLACEMENT_3D('',#4875,#4876,#4877);
#4875 = CARTESIAN_POINT('',(1.045,0.66,1.05));
#4876 = DIRECTION('',(-1.,0.,0.));
#4877 = DIRECTION('',(0.,-1.,0.));
#4878 = ADVANCED_FACE('',(#4879),#4904,.T.);
#4879 = FACE_BOUND('',#4880,.F.);
#4880 = EDGE_LOOP('',(#4881,#4889,#4890,#4898));
#4881 = ORIENTED_EDGE('',*,*,#4882,.T.);
#4882 = EDGE_CURVE('',#4883,#4784,#4885,.T.);
#4883 = VERTEX_POINT('',#4884);
#4884 = CARTESIAN_POINT('',(1.145,0.76,-2.35));
#4885 = LINE('',#4886,#4887);
#4886 = CARTESIAN_POINT('',(1.145,0.76,-2.35));
#4887 = VECTOR('',#4888,1.);
#4888 = DIRECTION('',(-0.408248290464,0.408248290464,0.816496580928));
#4889 = ORIENTED_EDGE('',*,*,#4868,.F.);
#4890 = ORIENTED_EDGE('',*,*,#4891,.F.);
#4891 = EDGE_CURVE('',#4892,#4837,#4894,.T.);
#4892 = VERTEX_POINT('',#4893);
#4893 = CARTESIAN_POINT('',(1.145,0.56,-2.35));
#4894 = LINE('',#4895,#4896);
#4895 = CARTESIAN_POINT('',(1.145,0.56,-2.35));
#4896 = VECTOR('',#4897,1.);
#4897 = DIRECTION('',(-0.408248290464,-0.408248290464,0.816496580928));
#4898 = ORIENTED_EDGE('',*,*,#4899,.F.);
#4899 = EDGE_CURVE('',#4883,#4892,#4900,.T.);
#4900 = LINE('',#4901,#4902);
#4901 = CARTESIAN_POINT('',(1.145,0.76,-2.35));
#4902 = VECTOR('',#4903,1.);
#4903 = DIRECTION('',(0.,-1.,0.));
#4904 = PLANE('',#4905);
#4905 = AXIS2_PLACEMENT_3D('',#4906,#4907,#4908);
#4906 = CARTESIAN_POINT('',(1.145,0.46,-2.35));
#4907 = DIRECTION('',(-0.894427191,0.,-0.4472135955));
#4908 = DIRECTION('',(0.,-1.,0.));
#4909 = ADVANCED_FACE('',(#4910),#4928,.F.);
#4910 = FACE_BOUND('',#4911,.F.);
#4911 = EDGE_LOOP('',(#4912,#4913,#4921,#4927));
#4912 = ORIENTED_EDGE('',*,*,#4882,.F.);
#4913 = ORIENTED_EDGE('',*,*,#4914,.F.);
#4914 = EDGE_CURVE('',#4915,#4883,#4917,.T.);
#4915 = VERTEX_POINT('',#4916);
#4916 = CARTESIAN_POINT('',(1.345,0.76,-2.35));
#4917 = LINE('',#4918,#4919);
#4918 = CARTESIAN_POINT('',(1.345,0.76,-2.35));
#4919 = VECTOR('',#4920,1.);
#4920 = DIRECTION('',(-1.,0.,0.));
#4921 = ORIENTED_EDGE('',*,*,#4922,.F.);
#4922 = EDGE_CURVE('',#4775,#4915,#4923,.T.);
#4923 = LINE('',#4924,#4925);
#4924 = CARTESIAN_POINT('',(1.445,0.86,-2.15));
#4925 = VECTOR('',#4926,1.);
#4926 = DIRECTION('',(-0.408248290464,-0.408248290464,-0.816496580928));
#4927 = ORIENTED_EDGE('',*,*,#4791,.F.);
#4928 = PLANE('',#4929);
#4929 = AXIS2_PLACEMENT_3D('',#4930,#4931,#4932);
#4930 = CARTESIAN_POINT('',(1.445,0.86,-2.15));
#4931 = DIRECTION('',(0.,-0.894427191,0.4472135955));
#4932 = DIRECTION('',(-1.,0.,0.));
#4933 = ADVANCED_FACE('',(#4934),#4952,.F.);
#4934 = FACE_BOUND('',#4935,.F.);
#4935 = EDGE_LOOP('',(#4936,#4944,#4945,#4946));
#4936 = ORIENTED_EDGE('',*,*,#4937,.T.);
#4937 = EDGE_CURVE('',#4938,#4915,#4940,.T.);
#4938 = VERTEX_POINT('',#4939);
#4939 = CARTESIAN_POINT('',(1.345,0.56,-2.35));
#4940 = LINE('',#4941,#4942);
#4941 = CARTESIAN_POINT('',(1.345,0.56,-2.35));
#4942 = VECTOR('',#4943,1.);
#4943 = DIRECTION('',(0.,1.,0.));
#4944 = ORIENTED_EDGE('',*,*,#4914,.T.);
#4945 = ORIENTED_EDGE('',*,*,#4899,.T.);
#4946 = ORIENTED_EDGE('',*,*,#4947,.T.);
#4947 = EDGE_CURVE('',#4892,#4938,#4948,.T.);
#4948 = LINE('',#4949,#4950);
#4949 = CARTESIAN_POINT('',(1.145,0.56,-2.35));
#4950 = VECTOR('',#4951,1.);
#4951 = DIRECTION('',(1.,0.,0.));
#4952 = PLANE('',#4953);
#4953 = AXIS2_PLACEMENT_3D('',#4954,#4955,#4956);
#4954 = CARTESIAN_POINT('',(1.445,0.46,-2.35));
#4955 = DIRECTION('',(0.,0.,1.));
#4956 = DIRECTION('',(1.,0.,0.));
#4957 = ADVANCED_FACE('',(#4958),#4969,.F.);
#4958 = FACE_BOUND('',#4959,.F.);
#4959 = EDGE_LOOP('',(#4960,#4961,#4962,#4968));
#4960 = ORIENTED_EDGE('',*,*,#4922,.T.);
#4961 = ORIENTED_EDGE('',*,*,#4937,.F.);
#4962 = ORIENTED_EDGE('',*,*,#4963,.F.);
#4963 = EDGE_CURVE('',#4806,#4938,#4964,.T.);
#4964 = LINE('',#4965,#4966);
#4965 = CARTESIAN_POINT('',(1.445,0.46,-2.15));
#4966 = VECTOR('',#4967,1.);
#4967 = DIRECTION('',(-0.408248290464,0.408248290464,-0.816496580928));
#4968 = ORIENTED_EDGE('',*,*,#4822,.F.);
#4969 = PLANE('',#4970);
#4970 = AXIS2_PLACEMENT_3D('',#4971,#4972,#4973);
#4971 = CARTESIAN_POINT('',(1.445,0.66,-2.15));
#4972 = DIRECTION('',(-0.894427191,0.,0.4472135955));
#4973 = DIRECTION('',(0.,1.,0.));
#4974 = ADVANCED_FACE('',(#4975),#4981,.F.);
#4975 = FACE_BOUND('',#4976,.F.);
#4976 = EDGE_LOOP('',(#4977,#4978,#4979,#4980));
#4977 = ORIENTED_EDGE('',*,*,#4963,.T.);
#4978 = ORIENTED_EDGE('',*,*,#4947,.F.);
#4979 = ORIENTED_EDGE('',*,*,#4891,.T.);
#4980 = ORIENTED_EDGE('',*,*,#4851,.F.);
#4981 = PLANE('',#4982);
#4982 = AXIS2_PLACEMENT_3D('',#4983,#4984,#4985);
#4983 = CARTESIAN_POINT('',(1.445,0.56,-2.35));
#4984 = DIRECTION('',(0.,0.894427191,0.4472135955));
#4985 = DIRECTION('',(-1.,0.,0.));
#4986 = ADVANCED_FACE('',(#4987),#4998,.F.);
#4987 = FACE_BOUND('',#4988,.F.);
#4988 = EDGE_LOOP('',(#4989,#4995,#4996,#4997));
#4989 = ORIENTED_EDGE('',*,*,#4990,.T.);
#4990 = EDGE_CURVE('',#4698,#4808,#4991,.T.);
#4991 = LINE('',#4992,#4993);
#4992 = CARTESIAN_POINT('',(1.345,0.56,4.45));
#4993 = VECTOR('',#4994,1.);
#4994 = DIRECTION('',(0.408248290464,-0.408248290464,-0.816496580928));
#4995 = ORIENTED_EDGE('',*,*,#4844,.F.);
#4996 = ORIENTED_EDGE('',*,*,#4728,.T.);
#4997 = ORIENTED_EDGE('',*,*,#4705,.F.);
#4998 = PLANE('',#4999);
#4999 = AXIS2_PLACEMENT_3D('',#5000,#5001,#5002);
#5000 = CARTESIAN_POINT('',(1.445,0.46,4.25));
#5001 = DIRECTION('',(0.,0.894427191,-0.4472135955));
#5002 = DIRECTION('',(-1.,0.,0.));
#5003 = ADVANCED_FACE('',(#5004),#5010,.F.);
#5004 = FACE_BOUND('',#5005,.F.);
#5005 = EDGE_LOOP('',(#5006,#5007,#5008,#5009));
#5006 = ORIENTED_EDGE('',*,*,#4759,.T.);
#5007 = ORIENTED_EDGE('',*,*,#4815,.F.);
#5008 = ORIENTED_EDGE('',*,*,#4990,.F.);
#5009 = ORIENTED_EDGE('',*,*,#4697,.F.);
#5010 = PLANE('',#5011);
#5011 = AXIS2_PLACEMENT_3D('',#5012,#5013,#5014);
#5012 = CARTESIAN_POINT('',(1.445,0.66,4.25));
#5013 = DIRECTION('',(-0.894427191,0.,-0.4472135955));
#5014 = DIRECTION('',(0.,-1.,0.));
#5015 = MANIFOLD_SOLID_BREP('',#5016);
#5016 = CLOSED_SHELL('',(#5017,#5057,#5088,#5112,#5143,#5174,#5203,#5220
    ,#5251,#5275,#5299,#5316,#5328,#5345));
#5017 = ADVANCED_FACE('',(#5018),#5052,.F.);
#5018 = FACE_BOUND('',#5019,.F.);
#5019 = EDGE_LOOP('',(#5020,#5030,#5038,#5046));
#5020 = ORIENTED_EDGE('',*,*,#5021,.T.);
#5021 = EDGE_CURVE('',#5022,#5024,#5026,.T.);
#5022 = VERTEX_POINT('',#5023);
#5023 = CARTESIAN_POINT('',(2.415,0.56,4.45));
#5024 = VERTEX_POINT('',#5025);
#5025 = CARTESIAN_POINT('',(2.415,0.76,4.45));
#5026 = LINE('',#5027,#5028);
#5027 = CARTESIAN_POINT('',(2.415,0.56,4.45));
#5028 = VECTOR('',#5029,1.);
#5029 = DIRECTION('',(0.,1.,0.));
#5030 = ORIENTED_EDGE('',*,*,#5031,.T.);
#5031 = EDGE_CURVE('',#5024,#5032,#5034,.T.);
#5032 = VERTEX_POINT('',#5033);
#5033 = CARTESIAN_POINT('',(2.615,0.76,4.45));
#5034 = LINE('',#5035,#5036);
#5035 = CARTESIAN_POINT('',(2.415,0.76,4.45));
#5036 = VECTOR('',#5037,1.);
#5037 = DIRECTION('',(1.,0.,0.));
#5038 = ORIENTED_EDGE('',*,*,#5039,.T.);
#5039 = EDGE_CURVE('',#5032,#5040,#5042,.T.);
#5040 = VERTEX_POINT('',#5041);
#5041 = CARTESIAN_POINT('',(2.615,0.56,4.45));
#5042 = LINE('',#5043,#5044);
#5043 = CARTESIAN_POINT('',(2.615,0.76,4.45));
#5044 = VECTOR('',#5045,1.);
#5045 = DIRECTION('',(0.,-1.,0.));
#5046 = ORIENTED_EDGE('',*,*,#5047,.T.);
#5047 = EDGE_CURVE('',#5040,#5022,#5048,.T.);
#5048 = LINE('',#5049,#5050);
#5049 = CARTESIAN_POINT('',(2.615,0.56,4.45));
#5050 = VECTOR('',#5051,1.);
#5051 = DIRECTION('',(-1.,0.,0.));
#5052 = PLANE('',#5053);
#5053 = AXIS2_PLACEMENT_3D('',#5054,#5055,#5056);
#5054 = CARTESIAN_POINT('',(2.715,0.46,4.45));
#5055 = DIRECTION('',(0.,0.,-1.));
#5056 = DIRECTION('',(-1.,0.,0.));
#5057 = ADVANCED_FACE('',(#5058),#5083,.T.);
#5058 = FACE_BOUND('',#5059,.F.);
#5059 = EDGE_LOOP('',(#5060,#5068,#5069,#5077));
#5060 = ORIENTED_EDGE('',*,*,#5061,.T.);
#5061 = EDGE_CURVE('',#5062,#5024,#5064,.T.);
#5062 = VERTEX_POINT('',#5063);
#5063 = CARTESIAN_POINT('',(2.315,0.86,4.25));
#5064 = LINE('',#5065,#5066);
#5065 = CARTESIAN_POINT('',(2.315,0.86,4.25));
#5066 = VECTOR('',#5067,1.);
#5067 = DIRECTION('',(0.408248290464,-0.408248290464,0.816496580928));
#5068 = ORIENTED_EDGE('',*,*,#5021,.F.);
#5069 = ORIENTED_EDGE('',*,*,#5070,.F.);
#5070 = EDGE_CURVE('',#5071,#5022,#5073,.T.);
#5071 = VERTEX_POINT('',#5072);
#5072 = CARTESIAN_POINT('',(2.315,0.46,4.25));
#5073 = LINE('',#5074,#5075);
#5074 = CARTESIAN_POINT('',(2.315,0.46,4.25));
#5075 = VECTOR('',#5076,1.);
#5076 = DIRECTION('',(0.408248290464,0.408248290464,0.816496580928));
#5077 = ORIENTED_EDGE('',*,*,#5078,.F.);
#5078 = EDGE_CURVE('',#5062,#5071,#5079,.T.);
#5079 = LINE('',#5080,#5081);
#5080 = CARTESIAN_POINT('',(2.315,0.86,4.25));
#5081 = VECTOR('',#5082,1.);
#5082 = DIRECTION('',(0.,-1.,0.));
#5083 = PLANE('',#5084);
#5084 = AXIS2_PLACEMENT_3D('',#5085,#5086,#5087);
#5085 = CARTESIAN_POINT('',(2.415,0.46,4.45));
#5086 = DIRECTION('',(-0.894427191,0.,0.4472135955));
#5087 = DIRECTION('',(0.,1.,0.));
#5088 = ADVANCED_FACE('',(#5089),#5107,.F.);
#5089 = FACE_BOUND('',#5090,.F.);
#5090 = EDGE_LOOP('',(#5091,#5092,#5100,#5106));
#5091 = ORIENTED_EDGE('',*,*,#5061,.F.);
#5092 = ORIENTED_EDGE('',*,*,#5093,.F.);
#5093 = EDGE_CURVE('',#5094,#5062,#5096,.T.);
#5094 = VERTEX_POINT('',#5095);
#5095 = CARTESIAN_POINT('',(2.715,0.86,4.25));
#5096 = LINE('',#5097,#5098);
#5097 = CARTESIAN_POINT('',(2.715,0.86,4.25));
#5098 = VECTOR('',#5099,1.);
#5099 = DIRECTION('',(-1.,0.,0.));
#5100 = ORIENTED_EDGE('',*,*,#5101,.F.);
#5101 = EDGE_CURVE('',#5032,#5094,#5102,.T.);
#5102 = LINE('',#5103,#5104);
#5103 = CARTESIAN_POINT('',(2.615,0.76,4.45));
#5104 = VECTOR('',#5105,1.);
#5105 = DIRECTION('',(0.408248290464,0.408248290464,-0.816496580928));
#5106 = ORIENTED_EDGE('',*,*,#5031,.F.);
#5107 = PLANE('',#5108);
#5108 = AXIS2_PLACEMENT_3D('',#5109,#5110,#5111);
#5109 = CARTESIAN_POINT('',(2.715,0.76,4.45));
#5110 = DIRECTION('',(0.,-0.894427191,-0.4472135955));
#5111 = DIRECTION('',(-1.,0.,0.));
#5112 = ADVANCED_FACE('',(#5113),#5138,.F.);
#5113 = FACE_BOUND('',#5114,.F.);
#5114 = EDGE_LOOP('',(#5115,#5123,#5124,#5132));
#5115 = ORIENTED_EDGE('',*,*,#5116,.F.);
#5116 = EDGE_CURVE('',#5094,#5117,#5119,.T.);
#5117 = VERTEX_POINT('',#5118);
#5118 = CARTESIAN_POINT('',(2.715,0.86,-2.15));
#5119 = LINE('',#5120,#5121);
#5120 = CARTESIAN_POINT('',(2.715,0.86,4.25));
#5121 = VECTOR('',#5122,1.);
#5122 = DIRECTION('',(0.,0.,-1.));
#5123 = ORIENTED_EDGE('',*,*,#5093,.T.);
#5124 = ORIENTED_EDGE('',*,*,#5125,.T.);
#5125 = EDGE_CURVE('',#5062,#5126,#5128,.T.);
#5126 = VERTEX_POINT('',#5127);
#5127 = CARTESIAN_POINT('',(2.315,0.86,-2.15));
#5128 = LINE('',#5129,#5130);
#5129 = CARTESIAN_POINT('',(2.315,0.86,4.25));
#5130 = VECTOR('',#5131,1.);
#5131 = DIRECTION('',(0.,0.,-1.));
#5132 = ORIENTED_EDGE('',*,*,#5133,.T.);
#5133 = EDGE_CURVE('',#5126,#5117,#5134,.T.);
#5134 = LINE('',#5135,#5136);
#5135 = CARTESIAN_POINT('',(2.315,0.86,-2.15));
#5136 = VECTOR('',#5137,1.);
#5137 = DIRECTION('',(1.,0.,0.));
#5138 = PLANE('',#5139);
#5139 = AXIS2_PLACEMENT_3D('',#5140,#5141,#5142);
#5140 = CARTESIAN_POINT('',(2.715,0.86,-2.35));
#5141 = DIRECTION('',(0.,-1.,0.));
#5142 = DIRECTION('',(1.,0.,0.));
#5143 = ADVANCED_FACE('',(#5144),#5169,.F.);
#5144 = FACE_BOUND('',#5145,.F.);
#5145 = EDGE_LOOP('',(#5146,#5156,#5162,#5163));
#5146 = ORIENTED_EDGE('',*,*,#5147,.T.);
#5147 = EDGE_CURVE('',#5148,#5150,#5152,.T.);
#5148 = VERTEX_POINT('',#5149);
#5149 = CARTESIAN_POINT('',(2.715,0.46,-2.15));
#5150 = VERTEX_POINT('',#5151);
#5151 = CARTESIAN_POINT('',(2.715,0.46,4.25));
#5152 = LINE('',#5153,#5154);
#5153 = CARTESIAN_POINT('',(2.715,0.46,-2.15));
#5154 = VECTOR('',#5155,1.);
#5155 = DIRECTION('',(0.,0.,1.));
#5156 = ORIENTED_EDGE('',*,*,#5157,.T.);
#5157 = EDGE_CURVE('',#5150,#5094,#5158,.T.);
#5158 = LINE('',#5159,#5160);
#5159 = CARTESIAN_POINT('',(2.715,0.46,4.25));
#5160 = VECTOR('',#5161,1.);
#5161 = DIRECTION('',(0.,1.,0.));
#5162 = ORIENTED_EDGE('',*,*,#5116,.T.);
#5163 = ORIENTED_EDGE('',*,*,#5164,.T.);
#5164 = EDGE_CURVE('',#5117,#5148,#5165,.T.);
#5165 = LINE('',#5166,#5167);
#5166 = CARTESIAN_POINT('',(2.715,0.86,-2.15));
#5167 = VECTOR('',#5168,1.);
#5168 = DIRECTION('',(0.,-1.,0.));
#5169 = PLANE('',#5170);
#5170 = AXIS2_PLACEMENT_3D('',#5171,#5172,#5173);
#5171 = CARTESIAN_POINT('',(2.715,0.66,1.05));
#5172 = DIRECTION('',(-1.,0.,0.));
#5173 = DIRECTION('',(0.,-1.,0.));
#5174 = ADVANCED_FACE('',(#5175),#5198,.F.);
#5175 = FACE_BOUND('',#5176,.F.);
#5176 = EDGE_LOOP('',(#5177,#5185,#5191,#5192));
#5177 = ORIENTED_EDGE('',*,*,#5178,.T.);
#5178 = EDGE_CURVE('',#5179,#5071,#5181,.T.);
#5179 = VERTEX_POINT('',#5180);
#5180 = CARTESIAN_POINT('',(2.315,0.46,-2.15));
#5181 = LINE('',#5182,#5183);
#5182 = CARTESIAN_POINT('',(2.315,0.46,-2.15));
#5183 = VECTOR('',#5184,1.);
#5184 = DIRECTION('',(0.,0.,1.));
#5185 = ORIENTED_EDGE('',*,*,#5186,.T.);
#5186 = EDGE_CURVE('',#5071,#5150,#5187,.T.);
#5187 = LINE('',#5188,#5189);
#5188 = CARTESIAN_POINT('',(2.315,0.46,4.25));
#5189 = VECTOR('',#5190,1.);
#5190 = DIRECTION('',(1.,0.,0.));
#5191 = ORIENTED_EDGE('',*,*,#5147,.F.);
#5192 = ORIENTED_EDGE('',*,*,#5193,.T.);
#5193 = EDGE_CURVE('',#5148,#5179,#5194,.T.);
#5194 = LINE('',#5195,#5196);
#5195 = CARTESIAN_POINT('',(2.715,0.46,-2.15));
#5196 = VECTOR('',#5197,1.);
#5197 = DIRECTION('',(-1.,0.,0.));
#5198 = PLANE('',#5199);
#5199 = AXIS2_PLACEMENT_3D('',#5200,#5201,#5202);
#5200 = CARTESIAN_POINT('',(2.715,0.46,-2.35));
#5201 = DIRECTION('',(0.,1.,0.));
#5202 = DIRECTION('',(-1.,0.,0.));
#5203 = ADVANCED_FACE('',(#5204),#5215,.T.);
#5204 = FACE_BOUND('',#5205,.F.);
#5205 = EDGE_LOOP('',(#5206,#5207,#5208,#5209));
#5206 = ORIENTED_EDGE('',*,*,#5125,.F.);
#5207 = ORIENTED_EDGE('',*,*,#5078,.T.);
#5208 = ORIENTED_EDGE('',*,*,#5178,.F.);
#5209 = ORIENTED_EDGE('',*,*,#5210,.T.);
#5210 = EDGE_CURVE('',#5179,#5126,#5211,.T.);
#5211 = LINE('',#5212,#5213);
#5212 = CARTESIAN_POINT('',(2.315,0.46,-2.15));
#5213 = VECTOR('',#5214,1.);
#5214 = DIRECTION('',(0.,1.,0.));
#5215 = PLANE('',#5216);
#5216 = AXIS2_PLACEMENT_3D('',#5217,#5218,#5219);
#5217 = CARTESIAN_POINT('',(2.315,0.66,1.05));
#5218 = DIRECTION('',(-1.,0.,0.));
#5219 = DIRECTION('',(0.,-1.,0.));
#5220 = ADVANCED_FACE('',(#5221),#5246,.T.);
#5221 = FACE_BOUND('',#5222,.F.);
#5222 = EDGE_LOOP('',(#5223,#5231,#5232,#5240));
#5223 = ORIENTED_EDGE('',*,*,#5224,.T.);
#5224 = EDGE_CURVE('',#5225,#5126,#5227,.T.);
#5225 = VERTEX_POINT('',#5226);
#5226 = CARTESIAN_POINT('',(2.415,0.76,-2.35));
#5227 = LINE('',#5228,#5229);
#5228 = CARTESIAN_POINT('',(2.415,0.76,-2.35));
#5229 = VECTOR('',#5230,1.);
#5230 = DIRECTION('',(-0.408248290464,0.408248290464,0.816496580928));
#5231 = ORIENTED_EDGE('',*,*,#5210,.F.);
#5232 = ORIENTED_EDGE('',*,*,#5233,.F.);
#5233 = EDGE_CURVE('',#5234,#5179,#5236,.T.);
#5234 = VERTEX_POINT('',#5235);
#5235 = CARTESIAN_POINT('',(2.415,0.56,-2.35));
#5236 = LINE('',#5237,#5238);
#5237 = CARTESIAN_POINT('',(2.415,0.56,-2.35));
#5238 = VECTOR('',#5239,1.);
#5239 = DIRECTION('',(-0.408248290464,-0.408248290464,0.816496580928));
#5240 = ORIENTED_EDGE('',*,*,#5241,.F.);
#5241 = EDGE_CURVE('',#5225,#5234,#5242,.T.);
#5242 = LINE('',#5243,#5244);
#5243 = CARTESIAN_POINT('',(2.415,0.76,-2.35));
#5244 = VECTOR('',#5245,1.);
#5245 = DIRECTION('',(0.,-1.,0.));
#5246 = PLANE('',#5247);
#5247 = AXIS2_PLACEMENT_3D('',#5248,#5249,#5250);
#5248 = CARTESIAN_POINT('',(2.415,0.46,-2.35));
#5249 = DIRECTION('',(-0.894427191,0.,-0.4472135955));
#5250 = DIRECTION('',(0.,-1.,0.));
#5251 = ADVANCED_FACE('',(#5252),#5270,.F.);
#5252 = FACE_BOUND('',#5253,.F.);
#5253 = EDGE_LOOP('',(#5254,#5255,#5263,#5269));
#5254 = ORIENTED_EDGE('',*,*,#5224,.F.);
#5255 = ORIENTED_EDGE('',*,*,#5256,.F.);
#5256 = EDGE_CURVE('',#5257,#5225,#5259,.T.);
#5257 = VERTEX_POINT('',#5258);
#5258 = CARTESIAN_POINT('',(2.615,0.76,-2.35));
#5259 = LINE('',#5260,#5261);
#5260 = CARTESIAN_POINT('',(2.615,0.76,-2.35));
#5261 = VECTOR('',#5262,1.);
#5262 = DIRECTION('',(-1.,0.,0.));
#5263 = ORIENTED_EDGE('',*,*,#5264,.F.);
#5264 = EDGE_CURVE('',#5117,#5257,#5265,.T.);
#5265 = LINE('',#5266,#5267);
#5266 = CARTESIAN_POINT('',(2.715,0.86,-2.15));
#5267 = VECTOR('',#5268,1.);
#5268 = DIRECTION('',(-0.408248290464,-0.408248290464,-0.816496580928));
#5269 = ORIENTED_EDGE('',*,*,#5133,.F.);
#5270 = PLANE('',#5271);
#5271 = AXIS2_PLACEMENT_3D('',#5272,#5273,#5274);
#5272 = CARTESIAN_POINT('',(2.715,0.86,-2.15));
#5273 = DIRECTION('',(0.,-0.894427191,0.4472135955));
#5274 = DIRECTION('',(-1.,0.,0.));
#5275 = ADVANCED_FACE('',(#5276),#5294,.F.);
#5276 = FACE_BOUND('',#5277,.F.);
#5277 = EDGE_LOOP('',(#5278,#5286,#5287,#5288));
#5278 = ORIENTED_EDGE('',*,*,#5279,.T.);
#5279 = EDGE_CURVE('',#5280,#5257,#5282,.T.);
#5280 = VERTEX_POINT('',#5281);
#5281 = CARTESIAN_POINT('',(2.615,0.56,-2.35));
#5282 = LINE('',#5283,#5284);
#5283 = CARTESIAN_POINT('',(2.615,0.56,-2.35));
#5284 = VECTOR('',#5285,1.);
#5285 = DIRECTION('',(0.,1.,0.));
#5286 = ORIENTED_EDGE('',*,*,#5256,.T.);
#5287 = ORIENTED_EDGE('',*,*,#5241,.T.);
#5288 = ORIENTED_EDGE('',*,*,#5289,.T.);
#5289 = EDGE_CURVE('',#5234,#5280,#5290,.T.);
#5290 = LINE('',#5291,#5292);
#5291 = CARTESIAN_POINT('',(2.415,0.56,-2.35));
#5292 = VECTOR('',#5293,1.);
#5293 = DIRECTION('',(1.,0.,0.));
#5294 = PLANE('',#5295);
#5295 = AXIS2_PLACEMENT_3D('',#5296,#5297,#5298);
#5296 = CARTESIAN_POINT('',(2.715,0.46,-2.35));
#5297 = DIRECTION('',(0.,0.,1.));
#5298 = DIRECTION('',(1.,0.,0.));
#5299 = ADVANCED_FACE('',(#5300),#5311,.F.);
#5300 = FACE_BOUND('',#5301,.F.);
#5301 = EDGE_LOOP('',(#5302,#5303,#5304,#5310));
#5302 = ORIENTED_EDGE('',*,*,#5264,.T.);
#5303 = ORIENTED_EDGE('',*,*,#5279,.F.);
#5304 = ORIENTED_EDGE('',*,*,#5305,.F.);
#5305 = EDGE_CURVE('',#5148,#5280,#5306,.T.);
#5306 = LINE('',#5307,#5308);
#5307 = CARTESIAN_POINT('',(2.715,0.46,-2.15));
#5308 = VECTOR('',#5309,1.);
#5309 = DIRECTION('',(-0.408248290464,0.408248290464,-0.816496580928));
#5310 = ORIENTED_EDGE('',*,*,#5164,.F.);
#5311 = PLANE('',#5312);
#5312 = AXIS2_PLACEMENT_3D('',#5313,#5314,#5315);
#5313 = CARTESIAN_POINT('',(2.715,0.66,-2.15));
#5314 = DIRECTION('',(-0.894427191,0.,0.4472135955));
#5315 = DIRECTION('',(0.,1.,0.));
#5316 = ADVANCED_FACE('',(#5317),#5323,.F.);
#5317 = FACE_BOUND('',#5318,.F.);
#5318 = EDGE_LOOP('',(#5319,#5320,#5321,#5322));
#5319 = ORIENTED_EDGE('',*,*,#5305,.T.);
#5320 = ORIENTED_EDGE('',*,*,#5289,.F.);
#5321 = ORIENTED_EDGE('',*,*,#5233,.T.);
#5322 = ORIENTED_EDGE('',*,*,#5193,.F.);
#5323 = PLANE('',#5324);
#5324 = AXIS2_PLACEMENT_3D('',#5325,#5326,#5327);
#5325 = CARTESIAN_POINT('',(2.715,0.56,-2.35));
#5326 = DIRECTION('',(0.,0.894427191,0.4472135955));
#5327 = DIRECTION('',(-1.,0.,0.));
#5328 = ADVANCED_FACE('',(#5329),#5340,.F.);
#5329 = FACE_BOUND('',#5330,.F.);
#5330 = EDGE_LOOP('',(#5331,#5337,#5338,#5339));
#5331 = ORIENTED_EDGE('',*,*,#5332,.T.);
#5332 = EDGE_CURVE('',#5040,#5150,#5333,.T.);
#5333 = LINE('',#5334,#5335);
#5334 = CARTESIAN_POINT('',(2.615,0.56,4.45));
#5335 = VECTOR('',#5336,1.);
#5336 = DIRECTION('',(0.408248290464,-0.408248290464,-0.816496580928));
#5337 = ORIENTED_EDGE('',*,*,#5186,.F.);
#5338 = ORIENTED_EDGE('',*,*,#5070,.T.);
#5339 = ORIENTED_EDGE('',*,*,#5047,.F.);
#5340 = PLANE('',#5341);
#5341 = AXIS2_PLACEMENT_3D('',#5342,#5343,#5344);
#5342 = CARTESIAN_POINT('',(2.715,0.46,4.25));
#5343 = DIRECTION('',(0.,0.894427191,-0.4472135955));
#5344 = DIRECTION('',(-1.,0.,0.));
#5345 = ADVANCED_FACE('',(#5346),#5352,.F.);
#5346 = FACE_BOUND('',#5347,.F.);
#5347 = EDGE_LOOP('',(#5348,#5349,#5350,#5351));
#5348 = ORIENTED_EDGE('',*,*,#5101,.T.);
#5349 = ORIENTED_EDGE('',*,*,#5157,.F.);
#5350 = ORIENTED_EDGE('',*,*,#5332,.F.);
#5351 = ORIENTED_EDGE('',*,*,#5039,.F.);
#5352 = PLANE('',#5353);
#5353 = AXIS2_PLACEMENT_3D('',#5354,#5355,#5356);
#5354 = CARTESIAN_POINT('',(2.715,0.66,4.25));
#5355 = DIRECTION('',(-0.894427191,0.,-0.4472135955));
#5356 = DIRECTION('',(0.,-1.,0.));
#5357 = MANIFOLD_SOLID_BREP('',#5358);
#5358 = CLOSED_SHELL('',(#5359,#5399,#5430,#5454,#5485,#5516,#5545,#5562
    ,#5593,#5617,#5641,#5658,#5670,#5687));
#5359 = ADVANCED_FACE('',(#5360),#5394,.F.);
#5360 = FACE_BOUND('',#5361,.F.);
#5361 = EDGE_LOOP('',(#5362,#5372,#5380,#5388));
#5362 = ORIENTED_EDGE('',*,*,#5363,.T.);
#5363 = EDGE_CURVE('',#5364,#5366,#5368,.T.);
#5364 = VERTEX_POINT('',#5365);
#5365 = CARTESIAN_POINT('',(-2.665,-0.71,4.45));
#5366 = VERTEX_POINT('',#5367);
#5367 = CARTESIAN_POINT('',(-2.665,-0.51,4.45));
#5368 = LINE('',#5369,#5370);
#5369 = CARTESIAN_POINT('',(-2.665,-0.71,4.45));
#5370 = VECTOR('',#5371,1.);
#5371 = DIRECTION('',(0.,1.,0.));
#5372 = ORIENTED_EDGE('',*,*,#5373,.T.);
#5373 = EDGE_CURVE('',#5366,#5374,#5376,.T.);
#5374 = VERTEX_POINT('',#5375);
#5375 = CARTESIAN_POINT('',(-2.465,-0.51,4.45));
#5376 = LINE('',#5377,#5378);
#5377 = CARTESIAN_POINT('',(-2.665,-0.51,4.45));
#5378 = VECTOR('',#5379,1.);
#5379 = DIRECTION('',(1.,0.,0.));
#5380 = ORIENTED_EDGE('',*,*,#5381,.T.);
#5381 = EDGE_CURVE('',#5374,#5382,#5384,.T.);
#5382 = VERTEX_POINT('',#5383);
#5383 = CARTESIAN_POINT('',(-2.465,-0.71,4.45));
#5384 = LINE('',#5385,#5386);
#5385 = CARTESIAN_POINT('',(-2.465,-0.51,4.45));
#5386 = VECTOR('',#5387,1.);
#5387 = DIRECTION('',(0.,-1.,0.));
#5388 = ORIENTED_EDGE('',*,*,#5389,.T.);
#5389 = EDGE_CURVE('',#5382,#5364,#5390,.T.);
#5390 = LINE('',#5391,#5392);
#5391 = CARTESIAN_POINT('',(-2.465,-0.71,4.45));
#5392 = VECTOR('',#5393,1.);
#5393 = DIRECTION('',(-1.,0.,0.));
#5394 = PLANE('',#5395);
#5395 = AXIS2_PLACEMENT_3D('',#5396,#5397,#5398);
#5396 = CARTESIAN_POINT('',(-2.365,-0.81,4.45));
#5397 = DIRECTION('',(0.,0.,-1.));
#5398 = DIRECTION('',(-1.,0.,0.));
#5399 = ADVANCED_FACE('',(#5400),#5425,.T.);
#5400 = FACE_BOUND('',#5401,.F.);
#5401 = EDGE_LOOP('',(#5402,#5410,#5411,#5419));
#5402 = ORIENTED_EDGE('',*,*,#5403,.T.);
#5403 = EDGE_CURVE('',#5404,#5366,#5406,.T.);
#5404 = VERTEX_POINT('',#5405);
#5405 = CARTESIAN_POINT('',(-2.765,-0.41,4.25));
#5406 = LINE('',#5407,#5408);
#5407 = CARTESIAN_POINT('',(-2.765,-0.41,4.25));
#5408 = VECTOR('',#5409,1.);
#5409 = DIRECTION('',(0.408248290464,-0.408248290464,0.816496580928));
#5410 = ORIENTED_EDGE('',*,*,#5363,.F.);
#5411 = ORIENTED_EDGE('',*,*,#5412,.F.);
#5412 = EDGE_CURVE('',#5413,#5364,#5415,.T.);
#5413 = VERTEX_POINT('',#5414);
#5414 = CARTESIAN_POINT('',(-2.765,-0.81,4.25));
#5415 = LINE('',#5416,#5417);
#5416 = CARTESIAN_POINT('',(-2.765,-0.81,4.25));
#5417 = VECTOR('',#5418,1.);
#5418 = DIRECTION('',(0.408248290464,0.408248290464,0.816496580928));
#5419 = ORIENTED_EDGE('',*,*,#5420,.F.);
#5420 = EDGE_CURVE('',#5404,#5413,#5421,.T.);
#5421 = LINE('',#5422,#5423);
#5422 = CARTESIAN_POINT('',(-2.765,-0.41,4.25));
#5423 = VECTOR('',#5424,1.);
#5424 = DIRECTION('',(0.,-1.,0.));
#5425 = PLANE('',#5426);
#5426 = AXIS2_PLACEMENT_3D('',#5427,#5428,#5429);
#5427 = CARTESIAN_POINT('',(-2.665,-0.81,4.45));
#5428 = DIRECTION('',(-0.894427191,0.,0.4472135955));
#5429 = DIRECTION('',(0.,1.,0.));
#5430 = ADVANCED_FACE('',(#5431),#5449,.F.);
#5431 = FACE_BOUND('',#5432,.F.);
#5432 = EDGE_LOOP('',(#5433,#5434,#5442,#5448));
#5433 = ORIENTED_EDGE('',*,*,#5403,.F.);
#5434 = ORIENTED_EDGE('',*,*,#5435,.F.);
#5435 = EDGE_CURVE('',#5436,#5404,#5438,.T.);
#5436 = VERTEX_POINT('',#5437);
#5437 = CARTESIAN_POINT('',(-2.365,-0.41,4.25));
#5438 = LINE('',#5439,#5440);
#5439 = CARTESIAN_POINT('',(-2.365,-0.41,4.25));
#5440 = VECTOR('',#5441,1.);
#5441 = DIRECTION('',(-1.,0.,0.));
#5442 = ORIENTED_EDGE('',*,*,#5443,.F.);
#5443 = EDGE_CURVE('',#5374,#5436,#5444,.T.);
#5444 = LINE('',#5445,#5446);
#5445 = CARTESIAN_POINT('',(-2.465,-0.51,4.45));
#5446 = VECTOR('',#5447,1.);
#5447 = DIRECTION('',(0.408248290464,0.408248290464,-0.816496580928));
#5448 = ORIENTED_EDGE('',*,*,#5373,.F.);
#5449 = PLANE('',#5450);
#5450 = AXIS2_PLACEMENT_3D('',#5451,#5452,#5453);
#5451 = CARTESIAN_POINT('',(-2.365,-0.51,4.45));
#5452 = DIRECTION('',(0.,-0.894427191,-0.4472135955));
#5453 = DIRECTION('',(-1.,0.,0.));
#5454 = ADVANCED_FACE('',(#5455),#5480,.F.);
#5455 = FACE_BOUND('',#5456,.F.);
#5456 = EDGE_LOOP('',(#5457,#5465,#5466,#5474));
#5457 = ORIENTED_EDGE('',*,*,#5458,.F.);
#5458 = EDGE_CURVE('',#5436,#5459,#5461,.T.);
#5459 = VERTEX_POINT('',#5460);
#5460 = CARTESIAN_POINT('',(-2.365,-0.41,-2.15));
#5461 = LINE('',#5462,#5463);
#5462 = CARTESIAN_POINT('',(-2.365,-0.41,4.25));
#5463 = VECTOR('',#5464,1.);
#5464 = DIRECTION('',(0.,0.,-1.));
#5465 = ORIENTED_EDGE('',*,*,#5435,.T.);
#5466 = ORIENTED_EDGE('',*,*,#5467,.T.);
#5467 = EDGE_CURVE('',#5404,#5468,#5470,.T.);
#5468 = VERTEX_POINT('',#5469);
#5469 = CARTESIAN_POINT('',(-2.765,-0.41,-2.15));
#5470 = LINE('',#5471,#5472);
#5471 = CARTESIAN_POINT('',(-2.765,-0.41,4.25));
#5472 = VECTOR('',#5473,1.);
#5473 = DIRECTION('',(0.,0.,-1.));
#5474 = ORIENTED_EDGE('',*,*,#5475,.T.);
#5475 = EDGE_CURVE('',#5468,#5459,#5476,.T.);
#5476 = LINE('',#5477,#5478);
#5477 = CARTESIAN_POINT('',(-2.765,-0.41,-2.15));
#5478 = VECTOR('',#5479,1.);
#5479 = DIRECTION('',(1.,0.,0.));
#5480 = PLANE('',#5481);
#5481 = AXIS2_PLACEMENT_3D('',#5482,#5483,#5484);
#5482 = CARTESIAN_POINT('',(-2.365,-0.41,-2.35));
#5483 = DIRECTION('',(0.,-1.,0.));
#5484 = DIRECTION('',(1.,0.,0.));
#5485 = ADVANCED_FACE('',(#5486),#5511,.F.);
#5486 = FACE_BOUND('',#5487,.F.);
#5487 = EDGE_LOOP('',(#5488,#5498,#5504,#5505));
#5488 = ORIENTED_EDGE('',*,*,#5489,.T.);
#5489 = EDGE_CURVE('',#5490,#5492,#5494,.T.);
#5490 = VERTEX_POINT('',#5491);
#5491 = CARTESIAN_POINT('',(-2.365,-0.81,-2.15));
#5492 = VERTEX_POINT('',#5493);
#5493 = CARTESIAN_POINT('',(-2.365,-0.81,4.25));
#5494 = LINE('',#5495,#5496);
#5495 = CARTESIAN_POINT('',(-2.365,-0.81,-2.15));
#5496 = VECTOR('',#5497,1.);
#5497 = DIRECTION('',(0.,0.,1.));
#5498 = ORIENTED_EDGE('',*,*,#5499,.T.);
#5499 = EDGE_CURVE('',#5492,#5436,#5500,.T.);
#5500 = LINE('',#5501,#5502);
#5501 = CARTESIAN_POINT('',(-2.365,-0.81,4.25));
#5502 = VECTOR('',#5503,1.);
#5503 = DIRECTION('',(0.,1.,0.));
#5504 = ORIENTED_EDGE('',*,*,#5458,.T.);
#5505 = ORIENTED_EDGE('',*,*,#5506,.T.);
#5506 = EDGE_CURVE('',#5459,#5490,#5507,.T.);
#5507 = LINE('',#5508,#5509);
#5508 = CARTESIAN_POINT('',(-2.365,-0.41,-2.15));
#5509 = VECTOR('',#5510,1.);
#5510 = DIRECTION('',(0.,-1.,0.));
#5511 = PLANE('',#5512);
#5512 = AXIS2_PLACEMENT_3D('',#5513,#5514,#5515);
#5513 = CARTESIAN_POINT('',(-2.365,-0.61,1.05));
#5514 = DIRECTION('',(-1.,0.,0.));
#5515 = DIRECTION('',(0.,-1.,0.));
#5516 = ADVANCED_FACE('',(#5517),#5540,.F.);
#5517 = FACE_BOUND('',#5518,.F.);
#5518 = EDGE_LOOP('',(#5519,#5527,#5533,#5534));
#5519 = ORIENTED_EDGE('',*,*,#5520,.T.);
#5520 = EDGE_CURVE('',#5521,#5413,#5523,.T.);
#5521 = VERTEX_POINT('',#5522);
#5522 = CARTESIAN_POINT('',(-2.765,-0.81,-2.15));
#5523 = LINE('',#5524,#5525);
#5524 = CARTESIAN_POINT('',(-2.765,-0.81,-2.15));
#5525 = VECTOR('',#5526,1.);
#5526 = DIRECTION('',(0.,0.,1.));
#5527 = ORIENTED_EDGE('',*,*,#5528,.T.);
#5528 = EDGE_CURVE('',#5413,#5492,#5529,.T.);
#5529 = LINE('',#5530,#5531);
#5530 = CARTESIAN_POINT('',(-2.765,-0.81,4.25));
#5531 = VECTOR('',#5532,1.);
#5532 = DIRECTION('',(1.,0.,0.));
#5533 = ORIENTED_EDGE('',*,*,#5489,.F.);
#5534 = ORIENTED_EDGE('',*,*,#5535,.T.);
#5535 = EDGE_CURVE('',#5490,#5521,#5536,.T.);
#5536 = LINE('',#5537,#5538);
#5537 = CARTESIAN_POINT('',(-2.365,-0.81,-2.15));
#5538 = VECTOR('',#5539,1.);
#5539 = DIRECTION('',(-1.,0.,0.));
#5540 = PLANE('',#5541);
#5541 = AXIS2_PLACEMENT_3D('',#5542,#5543,#5544);
#5542 = CARTESIAN_POINT('',(-2.365,-0.81,-2.35));
#5543 = DIRECTION('',(0.,1.,0.));
#5544 = DIRECTION('',(-1.,0.,0.));
#5545 = ADVANCED_FACE('',(#5546),#5557,.T.);
#5546 = FACE_BOUND('',#5547,.F.);
#5547 = EDGE_LOOP('',(#5548,#5549,#5550,#5551));
#5548 = ORIENTED_EDGE('',*,*,#5467,.F.);
#5549 = ORIENTED_EDGE('',*,*,#5420,.T.);
#5550 = ORIENTED_EDGE('',*,*,#5520,.F.);
#5551 = ORIENTED_EDGE('',*,*,#5552,.T.);
#5552 = EDGE_CURVE('',#5521,#5468,#5553,.T.);
#5553 = LINE('',#5554,#5555);
#5554 = CARTESIAN_POINT('',(-2.765,-0.81,-2.15));
#5555 = VECTOR('',#5556,1.);
#5556 = DIRECTION('',(0.,1.,0.));
#5557 = PLANE('',#5558);
#5558 = AXIS2_PLACEMENT_3D('',#5559,#5560,#5561);
#5559 = CARTESIAN_POINT('',(-2.765,-0.61,1.05));
#5560 = DIRECTION('',(-1.,0.,0.));
#5561 = DIRECTION('',(0.,-1.,0.));
#5562 = ADVANCED_FACE('',(#5563),#5588,.T.);
#5563 = FACE_BOUND('',#5564,.F.);
#5564 = EDGE_LOOP('',(#5565,#5573,#5574,#5582));
#5565 = ORIENTED_EDGE('',*,*,#5566,.T.);
#5566 = EDGE_CURVE('',#5567,#5468,#5569,.T.);
#5567 = VERTEX_POINT('',#5568);
#5568 = CARTESIAN_POINT('',(-2.665,-0.51,-2.35));
#5569 = LINE('',#5570,#5571);
#5570 = CARTESIAN_POINT('',(-2.665,-0.51,-2.35));
#5571 = VECTOR('',#5572,1.);
#5572 = DIRECTION('',(-0.408248290464,0.408248290464,0.816496580928));
#5573 = ORIENTED_EDGE('',*,*,#5552,.F.);
#5574 = ORIENTED_EDGE('',*,*,#5575,.F.);
#5575 = EDGE_CURVE('',#5576,#5521,#5578,.T.);
#5576 = VERTEX_POINT('',#5577);
#5577 = CARTESIAN_POINT('',(-2.665,-0.71,-2.35));
#5578 = LINE('',#5579,#5580);
#5579 = CARTESIAN_POINT('',(-2.665,-0.71,-2.35));
#5580 = VECTOR('',#5581,1.);
#5581 = DIRECTION('',(-0.408248290464,-0.408248290464,0.816496580928));
#5582 = ORIENTED_EDGE('',*,*,#5583,.F.);
#5583 = EDGE_CURVE('',#5567,#5576,#5584,.T.);
#5584 = LINE('',#5585,#5586);
#5585 = CARTESIAN_POINT('',(-2.665,-0.51,-2.35));
#5586 = VECTOR('',#5587,1.);
#5587 = DIRECTION('',(0.,-1.,0.));
#5588 = PLANE('',#5589);
#5589 = AXIS2_PLACEMENT_3D('',#5590,#5591,#5592);
#5590 = CARTESIAN_POINT('',(-2.665,-0.81,-2.35));
#5591 = DIRECTION('',(-0.894427191,0.,-0.4472135955));
#5592 = DIRECTION('',(0.,-1.,0.));
#5593 = ADVANCED_FACE('',(#5594),#5612,.F.);
#5594 = FACE_BOUND('',#5595,.F.);
#5595 = EDGE_LOOP('',(#5596,#5597,#5605,#5611));
#5596 = ORIENTED_EDGE('',*,*,#5566,.F.);
#5597 = ORIENTED_EDGE('',*,*,#5598,.F.);
#5598 = EDGE_CURVE('',#5599,#5567,#5601,.T.);
#5599 = VERTEX_POINT('',#5600);
#5600 = CARTESIAN_POINT('',(-2.465,-0.51,-2.35));
#5601 = LINE('',#5602,#5603);
#5602 = CARTESIAN_POINT('',(-2.465,-0.51,-2.35));
#5603 = VECTOR('',#5604,1.);
#5604 = DIRECTION('',(-1.,0.,0.));
#5605 = ORIENTED_EDGE('',*,*,#5606,.F.);
#5606 = EDGE_CURVE('',#5459,#5599,#5607,.T.);
#5607 = LINE('',#5608,#5609);
#5608 = CARTESIAN_POINT('',(-2.365,-0.41,-2.15));
#5609 = VECTOR('',#5610,1.);
#5610 = DIRECTION('',(-0.408248290464,-0.408248290464,-0.816496580928));
#5611 = ORIENTED_EDGE('',*,*,#5475,.F.);
#5612 = PLANE('',#5613);
#5613 = AXIS2_PLACEMENT_3D('',#5614,#5615,#5616);
#5614 = CARTESIAN_POINT('',(-2.365,-0.41,-2.15));
#5615 = DIRECTION('',(0.,-0.894427191,0.4472135955));
#5616 = DIRECTION('',(-1.,0.,0.));
#5617 = ADVANCED_FACE('',(#5618),#5636,.F.);
#5618 = FACE_BOUND('',#5619,.F.);
#5619 = EDGE_LOOP('',(#5620,#5628,#5629,#5630));
#5620 = ORIENTED_EDGE('',*,*,#5621,.T.);
#5621 = EDGE_CURVE('',#5622,#5599,#5624,.T.);
#5622 = VERTEX_POINT('',#5623);
#5623 = CARTESIAN_POINT('',(-2.465,-0.71,-2.35));
#5624 = LINE('',#5625,#5626);
#5625 = CARTESIAN_POINT('',(-2.465,-0.71,-2.35));
#5626 = VECTOR('',#5627,1.);
#5627 = DIRECTION('',(0.,1.,0.));
#5628 = ORIENTED_EDGE('',*,*,#5598,.T.);
#5629 = ORIENTED_EDGE('',*,*,#5583,.T.);
#5630 = ORIENTED_EDGE('',*,*,#5631,.T.);
#5631 = EDGE_CURVE('',#5576,#5622,#5632,.T.);
#5632 = LINE('',#5633,#5634);
#5633 = CARTESIAN_POINT('',(-2.665,-0.71,-2.35));
#5634 = VECTOR('',#5635,1.);
#5635 = DIRECTION('',(1.,0.,0.));
#5636 = PLANE('',#5637);
#5637 = AXIS2_PLACEMENT_3D('',#5638,#5639,#5640);
#5638 = CARTESIAN_POINT('',(-2.365,-0.81,-2.35));
#5639 = DIRECTION('',(0.,0.,1.));
#5640 = DIRECTION('',(1.,0.,0.));
#5641 = ADVANCED_FACE('',(#5642),#5653,.F.);
#5642 = FACE_BOUND('',#5643,.F.);
#5643 = EDGE_LOOP('',(#5644,#5645,#5646,#5652));
#5644 = ORIENTED_EDGE('',*,*,#5606,.T.);
#5645 = ORIENTED_EDGE('',*,*,#5621,.F.);
#5646 = ORIENTED_EDGE('',*,*,#5647,.F.);
#5647 = EDGE_CURVE('',#5490,#5622,#5648,.T.);
#5648 = LINE('',#5649,#5650);
#5649 = CARTESIAN_POINT('',(-2.365,-0.81,-2.15));
#5650 = VECTOR('',#5651,1.);
#5651 = DIRECTION('',(-0.408248290464,0.408248290464,-0.816496580928));
#5652 = ORIENTED_EDGE('',*,*,#5506,.F.);
#5653 = PLANE('',#5654);
#5654 = AXIS2_PLACEMENT_3D('',#5655,#5656,#5657);
#5655 = CARTESIAN_POINT('',(-2.365,-0.61,-2.15));
#5656 = DIRECTION('',(-0.894427191,0.,0.4472135955));
#5657 = DIRECTION('',(0.,1.,0.));
#5658 = ADVANCED_FACE('',(#5659),#5665,.F.);
#5659 = FACE_BOUND('',#5660,.F.);
#5660 = EDGE_LOOP('',(#5661,#5662,#5663,#5664));
#5661 = ORIENTED_EDGE('',*,*,#5647,.T.);
#5662 = ORIENTED_EDGE('',*,*,#5631,.F.);
#5663 = ORIENTED_EDGE('',*,*,#5575,.T.);
#5664 = ORIENTED_EDGE('',*,*,#5535,.F.);
#5665 = PLANE('',#5666);
#5666 = AXIS2_PLACEMENT_3D('',#5667,#5668,#5669);
#5667 = CARTESIAN_POINT('',(-2.365,-0.71,-2.35));
#5668 = DIRECTION('',(0.,0.894427191,0.4472135955));
#5669 = DIRECTION('',(-1.,0.,0.));
#5670 = ADVANCED_FACE('',(#5671),#5682,.F.);
#5671 = FACE_BOUND('',#5672,.F.);
#5672 = EDGE_LOOP('',(#5673,#5679,#5680,#5681));
#5673 = ORIENTED_EDGE('',*,*,#5674,.T.);
#5674 = EDGE_CURVE('',#5382,#5492,#5675,.T.);
#5675 = LINE('',#5676,#5677);
#5676 = CARTESIAN_POINT('',(-2.465,-0.71,4.45));
#5677 = VECTOR('',#5678,1.);
#5678 = DIRECTION('',(0.408248290464,-0.408248290464,-0.816496580928));
#5679 = ORIENTED_EDGE('',*,*,#5528,.F.);
#5680 = ORIENTED_EDGE('',*,*,#5412,.T.);
#5681 = ORIENTED_EDGE('',*,*,#5389,.F.);
#5682 = PLANE('',#5683);
#5683 = AXIS2_PLACEMENT_3D('',#5684,#5685,#5686);
#5684 = CARTESIAN_POINT('',(-2.365,-0.81,4.25));
#5685 = DIRECTION('',(0.,0.894427191,-0.4472135955));
#5686 = DIRECTION('',(-1.,0.,0.));
#5687 = ADVANCED_FACE('',(#5688),#5694,.F.);
#5688 = FACE_BOUND('',#5689,.F.);
#5689 = EDGE_LOOP('',(#5690,#5691,#5692,#5693));
#5690 = ORIENTED_EDGE('',*,*,#5443,.T.);
#5691 = ORIENTED_EDGE('',*,*,#5499,.F.);
#5692 = ORIENTED_EDGE('',*,*,#5674,.F.);
#5693 = ORIENTED_EDGE('',*,*,#5381,.F.);
#5694 = PLANE('',#5695);
#5695 = AXIS2_PLACEMENT_3D('',#5696,#5697,#5698);
#5696 = CARTESIAN_POINT('',(-2.365,-0.61,4.25));
#5697 = DIRECTION('',(-0.894427191,0.,-0.4472135955));
#5698 = DIRECTION('',(0.,-1.,0.));
#5699 = MANIFOLD_SOLID_BREP('',#5700);
#5700 = CLOSED_SHELL('',(#5701,#5741,#5772,#5796,#5827,#5858,#5887,#5904
    ,#5935,#5959,#5983,#6000,#6012,#6029));
#5701 = ADVANCED_FACE('',(#5702),#5736,.F.);
#5702 = FACE_BOUND('',#5703,.F.);
#5703 = EDGE_LOOP('',(#5704,#5714,#5722,#5730));
#5704 = ORIENTED_EDGE('',*,*,#5705,.T.);
#5705 = EDGE_CURVE('',#5706,#5708,#5710,.T.);
#5706 = VERTEX_POINT('',#5707);
#5707 = CARTESIAN_POINT('',(-1.395,-0.71,4.45));
#5708 = VERTEX_POINT('',#5709);
#5709 = CARTESIAN_POINT('',(-1.395,-0.51,4.45));
#5710 = LINE('',#5711,#5712);
#5711 = CARTESIAN_POINT('',(-1.395,-0.71,4.45));
#5712 = VECTOR('',#5713,1.);
#5713 = DIRECTION('',(0.,1.,0.));
#5714 = ORIENTED_EDGE('',*,*,#5715,.T.);
#5715 = EDGE_CURVE('',#5708,#5716,#5718,.T.);
#5716 = VERTEX_POINT('',#5717);
#5717 = CARTESIAN_POINT('',(-1.195,-0.51,4.45));
#5718 = LINE('',#5719,#5720);
#5719 = CARTESIAN_POINT('',(-1.395,-0.51,4.45));
#5720 = VECTOR('',#5721,1.);
#5721 = DIRECTION('',(1.,0.,0.));
#5722 = ORIENTED_EDGE('',*,*,#5723,.T.);
#5723 = EDGE_CURVE('',#5716,#5724,#5726,.T.);
#5724 = VERTEX_POINT('',#5725);
#5725 = CARTESIAN_POINT('',(-1.195,-0.71,4.45));
#5726 = LINE('',#5727,#5728);
#5727 = CARTESIAN_POINT('',(-1.195,-0.51,4.45));
#5728 = VECTOR('',#5729,1.);
#5729 = DIRECTION('',(0.,-1.,0.));
#5730 = ORIENTED_EDGE('',*,*,#5731,.T.);
#5731 = EDGE_CURVE('',#5724,#5706,#5732,.T.);
#5732 = LINE('',#5733,#5734);
#5733 = CARTESIAN_POINT('',(-1.195,-0.71,4.45));
#5734 = VECTOR('',#5735,1.);
#5735 = DIRECTION('',(-1.,0.,0.));
#5736 = PLANE('',#5737);
#5737 = AXIS2_PLACEMENT_3D('',#5738,#5739,#5740);
#5738 = CARTESIAN_POINT('',(-1.095,-0.81,4.45));
#5739 = DIRECTION('',(0.,0.,-1.));
#5740 = DIRECTION('',(-1.,0.,0.));
#5741 = ADVANCED_FACE('',(#5742),#5767,.T.);
#5742 = FACE_BOUND('',#5743,.F.);
#5743 = EDGE_LOOP('',(#5744,#5752,#5753,#5761));
#5744 = ORIENTED_EDGE('',*,*,#5745,.T.);
#5745 = EDGE_CURVE('',#5746,#5708,#5748,.T.);
#5746 = VERTEX_POINT('',#5747);
#5747 = CARTESIAN_POINT('',(-1.495,-0.41,4.25));
#5748 = LINE('',#5749,#5750);
#5749 = CARTESIAN_POINT('',(-1.495,-0.41,4.25));
#5750 = VECTOR('',#5751,1.);
#5751 = DIRECTION('',(0.408248290464,-0.408248290464,0.816496580928));
#5752 = ORIENTED_EDGE('',*,*,#5705,.F.);
#5753 = ORIENTED_EDGE('',*,*,#5754,.F.);
#5754 = EDGE_CURVE('',#5755,#5706,#5757,.T.);
#5755 = VERTEX_POINT('',#5756);
#5756 = CARTESIAN_POINT('',(-1.495,-0.81,4.25));
#5757 = LINE('',#5758,#5759);
#5758 = CARTESIAN_POINT('',(-1.495,-0.81,4.25));
#5759 = VECTOR('',#5760,1.);
#5760 = DIRECTION('',(0.408248290464,0.408248290464,0.816496580928));
#5761 = ORIENTED_EDGE('',*,*,#5762,.F.);
#5762 = EDGE_CURVE('',#5746,#5755,#5763,.T.);
#5763 = LINE('',#5764,#5765);
#5764 = CARTESIAN_POINT('',(-1.495,-0.41,4.25));
#5765 = VECTOR('',#5766,1.);
#5766 = DIRECTION('',(0.,-1.,0.));
#5767 = PLANE('',#5768);
#5768 = AXIS2_PLACEMENT_3D('',#5769,#5770,#5771);
#5769 = CARTESIAN_POINT('',(-1.395,-0.81,4.45));
#5770 = DIRECTION('',(-0.894427191,0.,0.4472135955));
#5771 = DIRECTION('',(0.,1.,0.));
#5772 = ADVANCED_FACE('',(#5773),#5791,.F.);
#5773 = FACE_BOUND('',#5774,.F.);
#5774 = EDGE_LOOP('',(#5775,#5776,#5784,#5790));
#5775 = ORIENTED_EDGE('',*,*,#5745,.F.);
#5776 = ORIENTED_EDGE('',*,*,#5777,.F.);
#5777 = EDGE_CURVE('',#5778,#5746,#5780,.T.);
#5778 = VERTEX_POINT('',#5779);
#5779 = CARTESIAN_POINT('',(-1.095,-0.41,4.25));
#5780 = LINE('',#5781,#5782);
#5781 = CARTESIAN_POINT('',(-1.095,-0.41,4.25));
#5782 = VECTOR('',#5783,1.);
#5783 = DIRECTION('',(-1.,0.,0.));
#5784 = ORIENTED_EDGE('',*,*,#5785,.F.);
#5785 = EDGE_CURVE('',#5716,#5778,#5786,.T.);
#5786 = LINE('',#5787,#5788);
#5787 = CARTESIAN_POINT('',(-1.195,-0.51,4.45));
#5788 = VECTOR('',#5789,1.);
#5789 = DIRECTION('',(0.408248290464,0.408248290464,-0.816496580928));
#5790 = ORIENTED_EDGE('',*,*,#5715,.F.);
#5791 = PLANE('',#5792);
#5792 = AXIS2_PLACEMENT_3D('',#5793,#5794,#5795);
#5793 = CARTESIAN_POINT('',(-1.095,-0.51,4.45));
#5794 = DIRECTION('',(0.,-0.894427191,-0.4472135955));
#5795 = DIRECTION('',(-1.,0.,0.));
#5796 = ADVANCED_FACE('',(#5797),#5822,.F.);
#5797 = FACE_BOUND('',#5798,.F.);
#5798 = EDGE_LOOP('',(#5799,#5807,#5808,#5816));
#5799 = ORIENTED_EDGE('',*,*,#5800,.F.);
#5800 = EDGE_CURVE('',#5778,#5801,#5803,.T.);
#5801 = VERTEX_POINT('',#5802);
#5802 = CARTESIAN_POINT('',(-1.095,-0.41,-2.15));
#5803 = LINE('',#5804,#5805);
#5804 = CARTESIAN_POINT('',(-1.095,-0.41,4.25));
#5805 = VECTOR('',#5806,1.);
#5806 = DIRECTION('',(0.,0.,-1.));
#5807 = ORIENTED_EDGE('',*,*,#5777,.T.);
#5808 = ORIENTED_EDGE('',*,*,#5809,.T.);
#5809 = EDGE_CURVE('',#5746,#5810,#5812,.T.);
#5810 = VERTEX_POINT('',#5811);
#5811 = CARTESIAN_POINT('',(-1.495,-0.41,-2.15));
#5812 = LINE('',#5813,#5814);
#5813 = CARTESIAN_POINT('',(-1.495,-0.41,4.25));
#5814 = VECTOR('',#5815,1.);
#5815 = DIRECTION('',(0.,0.,-1.));
#5816 = ORIENTED_EDGE('',*,*,#5817,.T.);
#5817 = EDGE_CURVE('',#5810,#5801,#5818,.T.);
#5818 = LINE('',#5819,#5820);
#5819 = CARTESIAN_POINT('',(-1.495,-0.41,-2.15));
#5820 = VECTOR('',#5821,1.);
#5821 = DIRECTION('',(1.,0.,0.));
#5822 = PLANE('',#5823);
#5823 = AXIS2_PLACEMENT_3D('',#5824,#5825,#5826);
#5824 = CARTESIAN_POINT('',(-1.095,-0.41,-2.35));
#5825 = DIRECTION('',(0.,-1.,0.));
#5826 = DIRECTION('',(1.,0.,0.));
#5827 = ADVANCED_FACE('',(#5828),#5853,.F.);
#5828 = FACE_BOUND('',#5829,.F.);
#5829 = EDGE_LOOP('',(#5830,#5840,#5846,#5847));
#5830 = ORIENTED_EDGE('',*,*,#5831,.T.);
#5831 = EDGE_CURVE('',#5832,#5834,#5836,.T.);
#5832 = VERTEX_POINT('',#5833);
#5833 = CARTESIAN_POINT('',(-1.095,-0.81,-2.15));
#5834 = VERTEX_POINT('',#5835);
#5835 = CARTESIAN_POINT('',(-1.095,-0.81,4.25));
#5836 = LINE('',#5837,#5838);
#5837 = CARTESIAN_POINT('',(-1.095,-0.81,-2.15));
#5838 = VECTOR('',#5839,1.);
#5839 = DIRECTION('',(0.,0.,1.));
#5840 = ORIENTED_EDGE('',*,*,#5841,.T.);
#5841 = EDGE_CURVE('',#5834,#5778,#5842,.T.);
#5842 = LINE('',#5843,#5844);
#5843 = CARTESIAN_POINT('',(-1.095,-0.81,4.25));
#5844 = VECTOR('',#5845,1.);
#5845 = DIRECTION('',(0.,1.,0.));
#5846 = ORIENTED_EDGE('',*,*,#5800,.T.);
#5847 = ORIENTED_EDGE('',*,*,#5848,.T.);
#5848 = EDGE_CURVE('',#5801,#5832,#5849,.T.);
#5849 = LINE('',#5850,#5851);
#5850 = CARTESIAN_POINT('',(-1.095,-0.41,-2.15));
#5851 = VECTOR('',#5852,1.);
#5852 = DIRECTION('',(0.,-1.,0.));
#5853 = PLANE('',#5854);
#5854 = AXIS2_PLACEMENT_3D('',#5855,#5856,#5857);
#5855 = CARTESIAN_POINT('',(-1.095,-0.61,1.05));
#5856 = DIRECTION('',(-1.,0.,0.));
#5857 = DIRECTION('',(0.,-1.,0.));
#5858 = ADVANCED_FACE('',(#5859),#5882,.F.);
#5859 = FACE_BOUND('',#5860,.F.);
#5860 = EDGE_LOOP('',(#5861,#5869,#5875,#5876));
#5861 = ORIENTED_EDGE('',*,*,#5862,.T.);
#5862 = EDGE_CURVE('',#5863,#5755,#5865,.T.);
#5863 = VERTEX_POINT('',#5864);
#5864 = CARTESIAN_POINT('',(-1.495,-0.81,-2.15));
#5865 = LINE('',#5866,#5867);
#5866 = CARTESIAN_POINT('',(-1.495,-0.81,-2.15));
#5867 = VECTOR('',#5868,1.);
#5868 = DIRECTION('',(0.,0.,1.));
#5869 = ORIENTED_EDGE('',*,*,#5870,.T.);
#5870 = EDGE_CURVE('',#5755,#5834,#5871,.T.);
#5871 = LINE('',#5872,#5873);
#5872 = CARTESIAN_POINT('',(-1.495,-0.81,4.25));
#5873 = VECTOR('',#5874,1.);
#5874 = DIRECTION('',(1.,0.,0.));
#5875 = ORIENTED_EDGE('',*,*,#5831,.F.);
#5876 = ORIENTED_EDGE('',*,*,#5877,.T.);
#5877 = EDGE_CURVE('',#5832,#5863,#5878,.T.);
#5878 = LINE('',#5879,#5880);
#5879 = CARTESIAN_POINT('',(-1.095,-0.81,-2.15));
#5880 = VECTOR('',#5881,1.);
#5881 = DIRECTION('',(-1.,0.,0.));
#5882 = PLANE('',#5883);
#5883 = AXIS2_PLACEMENT_3D('',#5884,#5885,#5886);
#5884 = CARTESIAN_POINT('',(-1.095,-0.81,-2.35));
#5885 = DIRECTION('',(0.,1.,0.));
#5886 = DIRECTION('',(-1.,0.,0.));
#5887 = ADVANCED_FACE('',(#5888),#5899,.T.);
#5888 = FACE_BOUND('',#5889,.F.);
#5889 = EDGE_LOOP('',(#5890,#5891,#5892,#5893));
#5890 = ORIENTED_EDGE('',*,*,#5809,.F.);
#5891 = ORIENTED_EDGE('',*,*,#5762,.T.);
#5892 = ORIENTED_EDGE('',*,*,#5862,.F.);
#5893 = ORIENTED_EDGE('',*,*,#5894,.T.);
#5894 = EDGE_CURVE('',#5863,#5810,#5895,.T.);
#5895 = LINE('',#5896,#5897);
#5896 = CARTESIAN_POINT('',(-1.495,-0.81,-2.15));
#5897 = VECTOR('',#5898,1.);
#5898 = DIRECTION('',(0.,1.,0.));
#5899 = PLANE('',#5900);
#5900 = AXIS2_PLACEMENT_3D('',#5901,#5902,#5903);
#5901 = CARTESIAN_POINT('',(-1.495,-0.61,1.05));
#5902 = DIRECTION('',(-1.,0.,0.));
#5903 = DIRECTION('',(0.,-1.,0.));
#5904 = ADVANCED_FACE('',(#5905),#5930,.T.);
#5905 = FACE_BOUND('',#5906,.F.);
#5906 = EDGE_LOOP('',(#5907,#5915,#5916,#5924));
#5907 = ORIENTED_EDGE('',*,*,#5908,.T.);
#5908 = EDGE_CURVE('',#5909,#5810,#5911,.T.);
#5909 = VERTEX_POINT('',#5910);
#5910 = CARTESIAN_POINT('',(-1.395,-0.51,-2.35));
#5911 = LINE('',#5912,#5913);
#5912 = CARTESIAN_POINT('',(-1.395,-0.51,-2.35));
#5913 = VECTOR('',#5914,1.);
#5914 = DIRECTION('',(-0.408248290464,0.408248290464,0.816496580928));
#5915 = ORIENTED_EDGE('',*,*,#5894,.F.);
#5916 = ORIENTED_EDGE('',*,*,#5917,.F.);
#5917 = EDGE_CURVE('',#5918,#5863,#5920,.T.);
#5918 = VERTEX_POINT('',#5919);
#5919 = CARTESIAN_POINT('',(-1.395,-0.71,-2.35));
#5920 = LINE('',#5921,#5922);
#5921 = CARTESIAN_POINT('',(-1.395,-0.71,-2.35));
#5922 = VECTOR('',#5923,1.);
#5923 = DIRECTION('',(-0.408248290464,-0.408248290464,0.816496580928));
#5924 = ORIENTED_EDGE('',*,*,#5925,.F.);
#5925 = EDGE_CURVE('',#5909,#5918,#5926,.T.);
#5926 = LINE('',#5927,#5928);
#5927 = CARTESIAN_POINT('',(-1.395,-0.51,-2.35));
#5928 = VECTOR('',#5929,1.);
#5929 = DIRECTION('',(0.,-1.,0.));
#5930 = PLANE('',#5931);
#5931 = AXIS2_PLACEMENT_3D('',#5932,#5933,#5934);
#5932 = CARTESIAN_POINT('',(-1.395,-0.81,-2.35));
#5933 = DIRECTION('',(-0.894427191,0.,-0.4472135955));
#5934 = DIRECTION('',(0.,-1.,0.));
#5935 = ADVANCED_FACE('',(#5936),#5954,.F.);
#5936 = FACE_BOUND('',#5937,.F.);
#5937 = EDGE_LOOP('',(#5938,#5939,#5947,#5953));
#5938 = ORIENTED_EDGE('',*,*,#5908,.F.);
#5939 = ORIENTED_EDGE('',*,*,#5940,.F.);
#5940 = EDGE_CURVE('',#5941,#5909,#5943,.T.);
#5941 = VERTEX_POINT('',#5942);
#5942 = CARTESIAN_POINT('',(-1.195,-0.51,-2.35));
#5943 = LINE('',#5944,#5945);
#5944 = CARTESIAN_POINT('',(-1.195,-0.51,-2.35));
#5945 = VECTOR('',#5946,1.);
#5946 = DIRECTION('',(-1.,0.,0.));
#5947 = ORIENTED_EDGE('',*,*,#5948,.F.);
#5948 = EDGE_CURVE('',#5801,#5941,#5949,.T.);
#5949 = LINE('',#5950,#5951);
#5950 = CARTESIAN_POINT('',(-1.095,-0.41,-2.15));
#5951 = VECTOR('',#5952,1.);
#5952 = DIRECTION('',(-0.408248290464,-0.408248290464,-0.816496580928));
#5953 = ORIENTED_EDGE('',*,*,#5817,.F.);
#5954 = PLANE('',#5955);
#5955 = AXIS2_PLACEMENT_3D('',#5956,#5957,#5958);
#5956 = CARTESIAN_POINT('',(-1.095,-0.41,-2.15));
#5957 = DIRECTION('',(0.,-0.894427191,0.4472135955));
#5958 = DIRECTION('',(-1.,0.,0.));
#5959 = ADVANCED_FACE('',(#5960),#5978,.F.);
#5960 = FACE_BOUND('',#5961,.F.);
#5961 = EDGE_LOOP('',(#5962,#5970,#5971,#5972));
#5962 = ORIENTED_EDGE('',*,*,#5963,.T.);
#5963 = EDGE_CURVE('',#5964,#5941,#5966,.T.);
#5964 = VERTEX_POINT('',#5965);
#5965 = CARTESIAN_POINT('',(-1.195,-0.71,-2.35));
#5966 = LINE('',#5967,#5968);
#5967 = CARTESIAN_POINT('',(-1.195,-0.71,-2.35));
#5968 = VECTOR('',#5969,1.);
#5969 = DIRECTION('',(0.,1.,0.));
#5970 = ORIENTED_EDGE('',*,*,#5940,.T.);
#5971 = ORIENTED_EDGE('',*,*,#5925,.T.);
#5972 = ORIENTED_EDGE('',*,*,#5973,.T.);
#5973 = EDGE_CURVE('',#5918,#5964,#5974,.T.);
#5974 = LINE('',#5975,#5976);
#5975 = CARTESIAN_POINT('',(-1.395,-0.71,-2.35));
#5976 = VECTOR('',#5977,1.);
#5977 = DIRECTION('',(1.,0.,0.));
#5978 = PLANE('',#5979);
#5979 = AXIS2_PLACEMENT_3D('',#5980,#5981,#5982);
#5980 = CARTESIAN_POINT('',(-1.095,-0.81,-2.35));
#5981 = DIRECTION('',(0.,0.,1.));
#5982 = DIRECTION('',(1.,0.,0.));
#5983 = ADVANCED_FACE('',(#5984),#5995,.F.);
#5984 = FACE_BOUND('',#5985,.F.);
#5985 = EDGE_LOOP('',(#5986,#5987,#5988,#5994));
#5986 = ORIENTED_EDGE('',*,*,#5948,.T.);
#5987 = ORIENTED_EDGE('',*,*,#5963,.F.);
#5988 = ORIENTED_EDGE('',*,*,#5989,.F.);
#5989 = EDGE_CURVE('',#5832,#5964,#5990,.T.);
#5990 = LINE('',#5991,#5992);
#5991 = CARTESIAN_POINT('',(-1.095,-0.81,-2.15));
#5992 = VECTOR('',#5993,1.);
#5993 = DIRECTION('',(-0.408248290464,0.408248290464,-0.816496580928));
#5994 = ORIENTED_EDGE('',*,*,#5848,.F.);
#5995 = PLANE('',#5996);
#5996 = AXIS2_PLACEMENT_3D('',#5997,#5998,#5999);
#5997 = CARTESIAN_POINT('',(-1.095,-0.61,-2.15));
#5998 = DIRECTION('',(-0.894427191,0.,0.4472135955));
#5999 = DIRECTION('',(0.,1.,0.));
#6000 = ADVANCED_FACE('',(#6001),#6007,.F.);
#6001 = FACE_BOUND('',#6002,.F.);
#6002 = EDGE_LOOP('',(#6003,#6004,#6005,#6006));
#6003 = ORIENTED_EDGE('',*,*,#5989,.T.);
#6004 = ORIENTED_EDGE('',*,*,#5973,.F.);
#6005 = ORIENTED_EDGE('',*,*,#5917,.T.);
#6006 = ORIENTED_EDGE('',*,*,#5877,.F.);
#6007 = PLANE('',#6008);
#6008 = AXIS2_PLACEMENT_3D('',#6009,#6010,#6011);
#6009 = CARTESIAN_POINT('',(-1.095,-0.71,-2.35));
#6010 = DIRECTION('',(0.,0.894427191,0.4472135955));
#6011 = DIRECTION('',(-1.,0.,0.));
#6012 = ADVANCED_FACE('',(#6013),#6024,.F.);
#6013 = FACE_BOUND('',#6014,.F.);
#6014 = EDGE_LOOP('',(#6015,#6021,#6022,#6023));
#6015 = ORIENTED_EDGE('',*,*,#6016,.T.);
#6016 = EDGE_CURVE('',#5724,#5834,#6017,.T.);
#6017 = LINE('',#6018,#6019);
#6018 = CARTESIAN_POINT('',(-1.195,-0.71,4.45));
#6019 = VECTOR('',#6020,1.);
#6020 = DIRECTION('',(0.408248290464,-0.408248290464,-0.816496580928));
#6021 = ORIENTED_EDGE('',*,*,#5870,.F.);
#6022 = ORIENTED_EDGE('',*,*,#5754,.T.);
#6023 = ORIENTED_EDGE('',*,*,#5731,.F.);
#6024 = PLANE('',#6025);
#6025 = AXIS2_PLACEMENT_3D('',#6026,#6027,#6028);
#6026 = CARTESIAN_POINT('',(-1.095,-0.81,4.25));
#6027 = DIRECTION('',(0.,0.894427191,-0.4472135955));
#6028 = DIRECTION('',(-1.,0.,0.));
#6029 = ADVANCED_FACE('',(#6030),#6036,.F.);
#6030 = FACE_BOUND('',#6031,.F.);
#6031 = EDGE_LOOP('',(#6032,#6033,#6034,#6035));
#6032 = ORIENTED_EDGE('',*,*,#5785,.T.);
#6033 = ORIENTED_EDGE('',*,*,#5841,.F.);
#6034 = ORIENTED_EDGE('',*,*,#6016,.F.);
#6035 = ORIENTED_EDGE('',*,*,#5723,.F.);
#6036 = PLANE('',#6037);
#6037 = AXIS2_PLACEMENT_3D('',#6038,#6039,#6040);
#6038 = CARTESIAN_POINT('',(-1.095,-0.61,4.25));
#6039 = DIRECTION('',(-0.894427191,0.,-0.4472135955));
#6040 = DIRECTION('',(0.,-1.,0.));
#6041 = MANIFOLD_SOLID_BREP('',#6042);
#6042 = CLOSED_SHELL('',(#6043,#6083,#6114,#6138,#6169,#6200,#6229,#6246
    ,#6277,#6301,#6325,#6342,#6354,#6371));
#6043 = ADVANCED_FACE('',(#6044),#6078,.F.);
#6044 = FACE_BOUND('',#6045,.F.);
#6045 = EDGE_LOOP('',(#6046,#6056,#6064,#6072));
#6046 = ORIENTED_EDGE('',*,*,#6047,.T.);
#6047 = EDGE_CURVE('',#6048,#6050,#6052,.T.);
#6048 = VERTEX_POINT('',#6049);
#6049 = CARTESIAN_POINT('',(-0.125,-0.71,4.45));
#6050 = VERTEX_POINT('',#6051);
#6051 = CARTESIAN_POINT('',(-0.125,-0.51,4.45));
#6052 = LINE('',#6053,#6054);
#6053 = CARTESIAN_POINT('',(-0.125,-0.71,4.45));
#6054 = VECTOR('',#6055,1.);
#6055 = DIRECTION('',(0.,1.,0.));
#6056 = ORIENTED_EDGE('',*,*,#6057,.T.);
#6057 = EDGE_CURVE('',#6050,#6058,#6060,.T.);
#6058 = VERTEX_POINT('',#6059);
#6059 = CARTESIAN_POINT('',(7.5E-02,-0.51,4.45));
#6060 = LINE('',#6061,#6062);
#6061 = CARTESIAN_POINT('',(-0.125,-0.51,4.45));
#6062 = VECTOR('',#6063,1.);
#6063 = DIRECTION('',(1.,0.,0.));
#6064 = ORIENTED_EDGE('',*,*,#6065,.T.);
#6065 = EDGE_CURVE('',#6058,#6066,#6068,.T.);
#6066 = VERTEX_POINT('',#6067);
#6067 = CARTESIAN_POINT('',(7.5E-02,-0.71,4.45));
#6068 = LINE('',#6069,#6070);
#6069 = CARTESIAN_POINT('',(7.5E-02,-0.51,4.45));
#6070 = VECTOR('',#6071,1.);
#6071 = DIRECTION('',(0.,-1.,0.));
#6072 = ORIENTED_EDGE('',*,*,#6073,.T.);
#6073 = EDGE_CURVE('',#6066,#6048,#6074,.T.);
#6074 = LINE('',#6075,#6076);
#6075 = CARTESIAN_POINT('',(7.5E-02,-0.71,4.45));
#6076 = VECTOR('',#6077,1.);
#6077 = DIRECTION('',(-1.,0.,0.));
#6078 = PLANE('',#6079);
#6079 = AXIS2_PLACEMENT_3D('',#6080,#6081,#6082);
#6080 = CARTESIAN_POINT('',(0.175,-0.81,4.45));
#6081 = DIRECTION('',(0.,0.,-1.));
#6082 = DIRECTION('',(-1.,0.,0.));
#6083 = ADVANCED_FACE('',(#6084),#6109,.T.);
#6084 = FACE_BOUND('',#6085,.F.);
#6085 = EDGE_LOOP('',(#6086,#6094,#6095,#6103));
#6086 = ORIENTED_EDGE('',*,*,#6087,.T.);
#6087 = EDGE_CURVE('',#6088,#6050,#6090,.T.);
#6088 = VERTEX_POINT('',#6089);
#6089 = CARTESIAN_POINT('',(-0.225,-0.41,4.25));
#6090 = LINE('',#6091,#6092);
#6091 = CARTESIAN_POINT('',(-0.225,-0.41,4.25));
#6092 = VECTOR('',#6093,1.);
#6093 = DIRECTION('',(0.408248290464,-0.408248290464,0.816496580928));
#6094 = ORIENTED_EDGE('',*,*,#6047,.F.);
#6095 = ORIENTED_EDGE('',*,*,#6096,.F.);
#6096 = EDGE_CURVE('',#6097,#6048,#6099,.T.);
#6097 = VERTEX_POINT('',#6098);
#6098 = CARTESIAN_POINT('',(-0.225,-0.81,4.25));
#6099 = LINE('',#6100,#6101);
#6100 = CARTESIAN_POINT('',(-0.225,-0.81,4.25));
#6101 = VECTOR('',#6102,1.);
#6102 = DIRECTION('',(0.408248290464,0.408248290464,0.816496580928));
#6103 = ORIENTED_EDGE('',*,*,#6104,.F.);
#6104 = EDGE_CURVE('',#6088,#6097,#6105,.T.);
#6105 = LINE('',#6106,#6107);
#6106 = CARTESIAN_POINT('',(-0.225,-0.41,4.25));
#6107 = VECTOR('',#6108,1.);
#6108 = DIRECTION('',(0.,-1.,0.));
#6109 = PLANE('',#6110);
#6110 = AXIS2_PLACEMENT_3D('',#6111,#6112,#6113);
#6111 = CARTESIAN_POINT('',(-0.125,-0.81,4.45));
#6112 = DIRECTION('',(-0.894427191,0.,0.4472135955));
#6113 = DIRECTION('',(0.,1.,0.));
#6114 = ADVANCED_FACE('',(#6115),#6133,.F.);
#6115 = FACE_BOUND('',#6116,.F.);
#6116 = EDGE_LOOP('',(#6117,#6118,#6126,#6132));
#6117 = ORIENTED_EDGE('',*,*,#6087,.F.);
#6118 = ORIENTED_EDGE('',*,*,#6119,.F.);
#6119 = EDGE_CURVE('',#6120,#6088,#6122,.T.);
#6120 = VERTEX_POINT('',#6121);
#6121 = CARTESIAN_POINT('',(0.175,-0.41,4.25));
#6122 = LINE('',#6123,#6124);
#6123 = CARTESIAN_POINT('',(0.175,-0.41,4.25));
#6124 = VECTOR('',#6125,1.);
#6125 = DIRECTION('',(-1.,0.,0.));
#6126 = ORIENTED_EDGE('',*,*,#6127,.F.);
#6127 = EDGE_CURVE('',#6058,#6120,#6128,.T.);
#6128 = LINE('',#6129,#6130);
#6129 = CARTESIAN_POINT('',(7.5E-02,-0.51,4.45));
#6130 = VECTOR('',#6131,1.);
#6131 = DIRECTION('',(0.408248290464,0.408248290464,-0.816496580928));
#6132 = ORIENTED_EDGE('',*,*,#6057,.F.);
#6133 = PLANE('',#6134);
#6134 = AXIS2_PLACEMENT_3D('',#6135,#6136,#6137);
#6135 = CARTESIAN_POINT('',(0.175,-0.51,4.45));
#6136 = DIRECTION('',(0.,-0.894427191,-0.4472135955));
#6137 = DIRECTION('',(-1.,0.,0.));
#6138 = ADVANCED_FACE('',(#6139),#6164,.F.);
#6139 = FACE_BOUND('',#6140,.F.);
#6140 = EDGE_LOOP('',(#6141,#6149,#6150,#6158));
#6141 = ORIENTED_EDGE('',*,*,#6142,.F.);
#6142 = EDGE_CURVE('',#6120,#6143,#6145,.T.);
#6143 = VERTEX_POINT('',#6144);
#6144 = CARTESIAN_POINT('',(0.175,-0.41,-2.15));
#6145 = LINE('',#6146,#6147);
#6146 = CARTESIAN_POINT('',(0.175,-0.41,4.25));
#6147 = VECTOR('',#6148,1.);
#6148 = DIRECTION('',(0.,0.,-1.));
#6149 = ORIENTED_EDGE('',*,*,#6119,.T.);
#6150 = ORIENTED_EDGE('',*,*,#6151,.T.);
#6151 = EDGE_CURVE('',#6088,#6152,#6154,.T.);
#6152 = VERTEX_POINT('',#6153);
#6153 = CARTESIAN_POINT('',(-0.225,-0.41,-2.15));
#6154 = LINE('',#6155,#6156);
#6155 = CARTESIAN_POINT('',(-0.225,-0.41,4.25));
#6156 = VECTOR('',#6157,1.);
#6157 = DIRECTION('',(0.,0.,-1.));
#6158 = ORIENTED_EDGE('',*,*,#6159,.T.);
#6159 = EDGE_CURVE('',#6152,#6143,#6160,.T.);
#6160 = LINE('',#6161,#6162);
#6161 = CARTESIAN_POINT('',(-0.225,-0.41,-2.15));
#6162 = VECTOR('',#6163,1.);
#6163 = DIRECTION('',(1.,0.,0.));
#6164 = PLANE('',#6165);
#6165 = AXIS2_PLACEMENT_3D('',#6166,#6167,#6168);
#6166 = CARTESIAN_POINT('',(0.175,-0.41,-2.35));
#6167 = DIRECTION('',(0.,-1.,0.));
#6168 = DIRECTION('',(1.,0.,0.));
#6169 = ADVANCED_FACE('',(#6170),#6195,.F.);
#6170 = FACE_BOUND('',#6171,.F.);
#6171 = EDGE_LOOP('',(#6172,#6182,#6188,#6189));
#6172 = ORIENTED_EDGE('',*,*,#6173,.T.);
#6173 = EDGE_CURVE('',#6174,#6176,#6178,.T.);
#6174 = VERTEX_POINT('',#6175);
#6175 = CARTESIAN_POINT('',(0.175,-0.81,-2.15));
#6176 = VERTEX_POINT('',#6177);
#6177 = CARTESIAN_POINT('',(0.175,-0.81,4.25));
#6178 = LINE('',#6179,#6180);
#6179 = CARTESIAN_POINT('',(0.175,-0.81,-2.15));
#6180 = VECTOR('',#6181,1.);
#6181 = DIRECTION('',(0.,0.,1.));
#6182 = ORIENTED_EDGE('',*,*,#6183,.T.);
#6183 = EDGE_CURVE('',#6176,#6120,#6184,.T.);
#6184 = LINE('',#6185,#6186);
#6185 = CARTESIAN_POINT('',(0.175,-0.81,4.25));
#6186 = VECTOR('',#6187,1.);
#6187 = DIRECTION('',(0.,1.,0.));
#6188 = ORIENTED_EDGE('',*,*,#6142,.T.);
#6189 = ORIENTED_EDGE('',*,*,#6190,.T.);
#6190 = EDGE_CURVE('',#6143,#6174,#6191,.T.);
#6191 = LINE('',#6192,#6193);
#6192 = CARTESIAN_POINT('',(0.175,-0.41,-2.15));
#6193 = VECTOR('',#6194,1.);
#6194 = DIRECTION('',(0.,-1.,0.));
#6195 = PLANE('',#6196);
#6196 = AXIS2_PLACEMENT_3D('',#6197,#6198,#6199);
#6197 = CARTESIAN_POINT('',(0.175,-0.61,1.05));
#6198 = DIRECTION('',(-1.,0.,0.));
#6199 = DIRECTION('',(0.,-1.,0.));
#6200 = ADVANCED_FACE('',(#6201),#6224,.F.);
#6201 = FACE_BOUND('',#6202,.F.);
#6202 = EDGE_LOOP('',(#6203,#6211,#6217,#6218));
#6203 = ORIENTED_EDGE('',*,*,#6204,.T.);
#6204 = EDGE_CURVE('',#6205,#6097,#6207,.T.);
#6205 = VERTEX_POINT('',#6206);
#6206 = CARTESIAN_POINT('',(-0.225,-0.81,-2.15));
#6207 = LINE('',#6208,#6209);
#6208 = CARTESIAN_POINT('',(-0.225,-0.81,-2.15));
#6209 = VECTOR('',#6210,1.);
#6210 = DIRECTION('',(0.,0.,1.));
#6211 = ORIENTED_EDGE('',*,*,#6212,.T.);
#6212 = EDGE_CURVE('',#6097,#6176,#6213,.T.);
#6213 = LINE('',#6214,#6215);
#6214 = CARTESIAN_POINT('',(-0.225,-0.81,4.25));
#6215 = VECTOR('',#6216,1.);
#6216 = DIRECTION('',(1.,0.,0.));
#6217 = ORIENTED_EDGE('',*,*,#6173,.F.);
#6218 = ORIENTED_EDGE('',*,*,#6219,.T.);
#6219 = EDGE_CURVE('',#6174,#6205,#6220,.T.);
#6220 = LINE('',#6221,#6222);
#6221 = CARTESIAN_POINT('',(0.175,-0.81,-2.15));
#6222 = VECTOR('',#6223,1.);
#6223 = DIRECTION('',(-1.,0.,0.));
#6224 = PLANE('',#6225);
#6225 = AXIS2_PLACEMENT_3D('',#6226,#6227,#6228);
#6226 = CARTESIAN_POINT('',(0.175,-0.81,-2.35));
#6227 = DIRECTION('',(0.,1.,0.));
#6228 = DIRECTION('',(-1.,0.,0.));
#6229 = ADVANCED_FACE('',(#6230),#6241,.T.);
#6230 = FACE_BOUND('',#6231,.F.);
#6231 = EDGE_LOOP('',(#6232,#6233,#6234,#6235));
#6232 = ORIENTED_EDGE('',*,*,#6151,.F.);
#6233 = ORIENTED_EDGE('',*,*,#6104,.T.);
#6234 = ORIENTED_EDGE('',*,*,#6204,.F.);
#6235 = ORIENTED_EDGE('',*,*,#6236,.T.);
#6236 = EDGE_CURVE('',#6205,#6152,#6237,.T.);
#6237 = LINE('',#6238,#6239);
#6238 = CARTESIAN_POINT('',(-0.225,-0.81,-2.15));
#6239 = VECTOR('',#6240,1.);
#6240 = DIRECTION('',(0.,1.,0.));
#6241 = PLANE('',#6242);
#6242 = AXIS2_PLACEMENT_3D('',#6243,#6244,#6245);
#6243 = CARTESIAN_POINT('',(-0.225,-0.61,1.05));
#6244 = DIRECTION('',(-1.,0.,0.));
#6245 = DIRECTION('',(0.,-1.,0.));
#6246 = ADVANCED_FACE('',(#6247),#6272,.T.);
#6247 = FACE_BOUND('',#6248,.F.);
#6248 = EDGE_LOOP('',(#6249,#6257,#6258,#6266));
#6249 = ORIENTED_EDGE('',*,*,#6250,.T.);
#6250 = EDGE_CURVE('',#6251,#6152,#6253,.T.);
#6251 = VERTEX_POINT('',#6252);
#6252 = CARTESIAN_POINT('',(-0.125,-0.51,-2.35));
#6253 = LINE('',#6254,#6255);
#6254 = CARTESIAN_POINT('',(-0.125,-0.51,-2.35));
#6255 = VECTOR('',#6256,1.);
#6256 = DIRECTION('',(-0.408248290464,0.408248290464,0.816496580928));
#6257 = ORIENTED_EDGE('',*,*,#6236,.F.);
#6258 = ORIENTED_EDGE('',*,*,#6259,.F.);
#6259 = EDGE_CURVE('',#6260,#6205,#6262,.T.);
#6260 = VERTEX_POINT('',#6261);
#6261 = CARTESIAN_POINT('',(-0.125,-0.71,-2.35));
#6262 = LINE('',#6263,#6264);
#6263 = CARTESIAN_POINT('',(-0.125,-0.71,-2.35));
#6264 = VECTOR('',#6265,1.);
#6265 = DIRECTION('',(-0.408248290464,-0.408248290464,0.816496580928));
#6266 = ORIENTED_EDGE('',*,*,#6267,.F.);
#6267 = EDGE_CURVE('',#6251,#6260,#6268,.T.);
#6268 = LINE('',#6269,#6270);
#6269 = CARTESIAN_POINT('',(-0.125,-0.51,-2.35));
#6270 = VECTOR('',#6271,1.);
#6271 = DIRECTION('',(0.,-1.,0.));
#6272 = PLANE('',#6273);
#6273 = AXIS2_PLACEMENT_3D('',#6274,#6275,#6276);
#6274 = CARTESIAN_POINT('',(-0.125,-0.81,-2.35));
#6275 = DIRECTION('',(-0.894427191,0.,-0.4472135955));
#6276 = DIRECTION('',(0.,-1.,0.));
#6277 = ADVANCED_FACE('',(#6278),#6296,.F.);
#6278 = FACE_BOUND('',#6279,.F.);
#6279 = EDGE_LOOP('',(#6280,#6281,#6289,#6295));
#6280 = ORIENTED_EDGE('',*,*,#6250,.F.);
#6281 = ORIENTED_EDGE('',*,*,#6282,.F.);
#6282 = EDGE_CURVE('',#6283,#6251,#6285,.T.);
#6283 = VERTEX_POINT('',#6284);
#6284 = CARTESIAN_POINT('',(7.5E-02,-0.51,-2.35));
#6285 = LINE('',#6286,#6287);
#6286 = CARTESIAN_POINT('',(7.5E-02,-0.51,-2.35));
#6287 = VECTOR('',#6288,1.);
#6288 = DIRECTION('',(-1.,0.,0.));
#6289 = ORIENTED_EDGE('',*,*,#6290,.F.);
#6290 = EDGE_CURVE('',#6143,#6283,#6291,.T.);
#6291 = LINE('',#6292,#6293);
#6292 = CARTESIAN_POINT('',(0.175,-0.41,-2.15));
#6293 = VECTOR('',#6294,1.);
#6294 = DIRECTION('',(-0.408248290464,-0.408248290464,-0.816496580928));
#6295 = ORIENTED_EDGE('',*,*,#6159,.F.);
#6296 = PLANE('',#6297);
#6297 = AXIS2_PLACEMENT_3D('',#6298,#6299,#6300);
#6298 = CARTESIAN_POINT('',(0.175,-0.41,-2.15));
#6299 = DIRECTION('',(0.,-0.894427191,0.4472135955));
#6300 = DIRECTION('',(-1.,0.,0.));
#6301 = ADVANCED_FACE('',(#6302),#6320,.F.);
#6302 = FACE_BOUND('',#6303,.F.);
#6303 = EDGE_LOOP('',(#6304,#6312,#6313,#6314));
#6304 = ORIENTED_EDGE('',*,*,#6305,.T.);
#6305 = EDGE_CURVE('',#6306,#6283,#6308,.T.);
#6306 = VERTEX_POINT('',#6307);
#6307 = CARTESIAN_POINT('',(7.5E-02,-0.71,-2.35));
#6308 = LINE('',#6309,#6310);
#6309 = CARTESIAN_POINT('',(7.5E-02,-0.71,-2.35));
#6310 = VECTOR('',#6311,1.);
#6311 = DIRECTION('',(0.,1.,0.));
#6312 = ORIENTED_EDGE('',*,*,#6282,.T.);
#6313 = ORIENTED_EDGE('',*,*,#6267,.T.);
#6314 = ORIENTED_EDGE('',*,*,#6315,.T.);
#6315 = EDGE_CURVE('',#6260,#6306,#6316,.T.);
#6316 = LINE('',#6317,#6318);
#6317 = CARTESIAN_POINT('',(-0.125,-0.71,-2.35));
#6318 = VECTOR('',#6319,1.);
#6319 = DIRECTION('',(1.,0.,0.));
#6320 = PLANE('',#6321);
#6321 = AXIS2_PLACEMENT_3D('',#6322,#6323,#6324);
#6322 = CARTESIAN_POINT('',(0.175,-0.81,-2.35));
#6323 = DIRECTION('',(0.,0.,1.));
#6324 = DIRECTION('',(1.,0.,0.));
#6325 = ADVANCED_FACE('',(#6326),#6337,.F.);
#6326 = FACE_BOUND('',#6327,.F.);
#6327 = EDGE_LOOP('',(#6328,#6329,#6330,#6336));
#6328 = ORIENTED_EDGE('',*,*,#6290,.T.);
#6329 = ORIENTED_EDGE('',*,*,#6305,.F.);
#6330 = ORIENTED_EDGE('',*,*,#6331,.F.);
#6331 = EDGE_CURVE('',#6174,#6306,#6332,.T.);
#6332 = LINE('',#6333,#6334);
#6333 = CARTESIAN_POINT('',(0.175,-0.81,-2.15));
#6334 = VECTOR('',#6335,1.);
#6335 = DIRECTION('',(-0.408248290464,0.408248290464,-0.816496580928));
#6336 = ORIENTED_EDGE('',*,*,#6190,.F.);
#6337 = PLANE('',#6338);
#6338 = AXIS2_PLACEMENT_3D('',#6339,#6340,#6341);
#6339 = CARTESIAN_POINT('',(0.175,-0.61,-2.15));
#6340 = DIRECTION('',(-0.894427191,0.,0.4472135955));
#6341 = DIRECTION('',(0.,1.,0.));
#6342 = ADVANCED_FACE('',(#6343),#6349,.F.);
#6343 = FACE_BOUND('',#6344,.F.);
#6344 = EDGE_LOOP('',(#6345,#6346,#6347,#6348));
#6345 = ORIENTED_EDGE('',*,*,#6331,.T.);
#6346 = ORIENTED_EDGE('',*,*,#6315,.F.);
#6347 = ORIENTED_EDGE('',*,*,#6259,.T.);
#6348 = ORIENTED_EDGE('',*,*,#6219,.F.);
#6349 = PLANE('',#6350);
#6350 = AXIS2_PLACEMENT_3D('',#6351,#6352,#6353);
#6351 = CARTESIAN_POINT('',(0.175,-0.71,-2.35));
#6352 = DIRECTION('',(0.,0.894427191,0.4472135955));
#6353 = DIRECTION('',(-1.,0.,0.));
#6354 = ADVANCED_FACE('',(#6355),#6366,.F.);
#6355 = FACE_BOUND('',#6356,.F.);
#6356 = EDGE_LOOP('',(#6357,#6363,#6364,#6365));
#6357 = ORIENTED_EDGE('',*,*,#6358,.T.);
#6358 = EDGE_CURVE('',#6066,#6176,#6359,.T.);
#6359 = LINE('',#6360,#6361);
#6360 = CARTESIAN_POINT('',(7.5E-02,-0.71,4.45));
#6361 = VECTOR('',#6362,1.);
#6362 = DIRECTION('',(0.408248290464,-0.408248290464,-0.816496580928));
#6363 = ORIENTED_EDGE('',*,*,#6212,.F.);
#6364 = ORIENTED_EDGE('',*,*,#6096,.T.);
#6365 = ORIENTED_EDGE('',*,*,#6073,.F.);
#6366 = PLANE('',#6367);
#6367 = AXIS2_PLACEMENT_3D('',#6368,#6369,#6370);
#6368 = CARTESIAN_POINT('',(0.175,-0.81,4.25));
#6369 = DIRECTION('',(0.,0.894427191,-0.4472135955));
#6370 = DIRECTION('',(-1.,0.,0.));
#6371 = ADVANCED_FACE('',(#6372),#6378,.F.);
#6372 = FACE_BOUND('',#6373,.F.);
#6373 = EDGE_LOOP('',(#6374,#6375,#6376,#6377));
#6374 = ORIENTED_EDGE('',*,*,#6127,.T.);
#6375 = ORIENTED_EDGE('',*,*,#6183,.F.);
#6376 = ORIENTED_EDGE('',*,*,#6358,.F.);
#6377 = ORIENTED_EDGE('',*,*,#6065,.F.);
#6378 = PLANE('',#6379);
#6379 = AXIS2_PLACEMENT_3D('',#6380,#6381,#6382);
#6380 = CARTESIAN_POINT('',(0.175,-0.61,4.25));
#6381 = DIRECTION('',(-0.894427191,0.,-0.4472135955));
#6382 = DIRECTION('',(0.,-1.,0.));
#6383 = MANIFOLD_SOLID_BREP('',#6384);
#6384 = CLOSED_SHELL('',(#6385,#6425,#6456,#6480,#6511,#6542,#6571,#6588
    ,#6619,#6643,#6667,#6684,#6696,#6713));
#6385 = ADVANCED_FACE('',(#6386),#6420,.F.);
#6386 = FACE_BOUND('',#6387,.F.);
#6387 = EDGE_LOOP('',(#6388,#6398,#6406,#6414));
#6388 = ORIENTED_EDGE('',*,*,#6389,.T.);
#6389 = EDGE_CURVE('',#6390,#6392,#6394,.T.);
#6390 = VERTEX_POINT('',#6391);
#6391 = CARTESIAN_POINT('',(1.145,-0.71,4.45));
#6392 = VERTEX_POINT('',#6393);
#6393 = CARTESIAN_POINT('',(1.145,-0.51,4.45));
#6394 = LINE('',#6395,#6396);
#6395 = CARTESIAN_POINT('',(1.145,-0.71,4.45));
#6396 = VECTOR('',#6397,1.);
#6397 = DIRECTION('',(0.,1.,0.));
#6398 = ORIENTED_EDGE('',*,*,#6399,.T.);
#6399 = EDGE_CURVE('',#6392,#6400,#6402,.T.);
#6400 = VERTEX_POINT('',#6401);
#6401 = CARTESIAN_POINT('',(1.345,-0.51,4.45));
#6402 = LINE('',#6403,#6404);
#6403 = CARTESIAN_POINT('',(1.145,-0.51,4.45));
#6404 = VECTOR('',#6405,1.);
#6405 = DIRECTION('',(1.,0.,0.));
#6406 = ORIENTED_EDGE('',*,*,#6407,.T.);
#6407 = EDGE_CURVE('',#6400,#6408,#6410,.T.);
#6408 = VERTEX_POINT('',#6409);
#6409 = CARTESIAN_POINT('',(1.345,-0.71,4.45));
#6410 = LINE('',#6411,#6412);
#6411 = CARTESIAN_POINT('',(1.345,-0.51,4.45));
#6412 = VECTOR('',#6413,1.);
#6413 = DIRECTION('',(0.,-1.,0.));
#6414 = ORIENTED_EDGE('',*,*,#6415,.T.);
#6415 = EDGE_CURVE('',#6408,#6390,#6416,.T.);
#6416 = LINE('',#6417,#6418);
#6417 = CARTESIAN_POINT('',(1.345,-0.71,4.45));
#6418 = VECTOR('',#6419,1.);
#6419 = DIRECTION('',(-1.,0.,0.));
#6420 = PLANE('',#6421);
#6421 = AXIS2_PLACEMENT_3D('',#6422,#6423,#6424);
#6422 = CARTESIAN_POINT('',(1.445,-0.81,4.45));
#6423 = DIRECTION('',(0.,0.,-1.));
#6424 = DIRECTION('',(-1.,0.,0.));
#6425 = ADVANCED_FACE('',(#6426),#6451,.T.);
#6426 = FACE_BOUND('',#6427,.F.);
#6427 = EDGE_LOOP('',(#6428,#6436,#6437,#6445));
#6428 = ORIENTED_EDGE('',*,*,#6429,.T.);
#6429 = EDGE_CURVE('',#6430,#6392,#6432,.T.);
#6430 = VERTEX_POINT('',#6431);
#6431 = CARTESIAN_POINT('',(1.045,-0.41,4.25));
#6432 = LINE('',#6433,#6434);
#6433 = CARTESIAN_POINT('',(1.045,-0.41,4.25));
#6434 = VECTOR('',#6435,1.);
#6435 = DIRECTION('',(0.408248290464,-0.408248290464,0.816496580928));
#6436 = ORIENTED_EDGE('',*,*,#6389,.F.);
#6437 = ORIENTED_EDGE('',*,*,#6438,.F.);
#6438 = EDGE_CURVE('',#6439,#6390,#6441,.T.);
#6439 = VERTEX_POINT('',#6440);
#6440 = CARTESIAN_POINT('',(1.045,-0.81,4.25));
#6441 = LINE('',#6442,#6443);
#6442 = CARTESIAN_POINT('',(1.045,-0.81,4.25));
#6443 = VECTOR('',#6444,1.);
#6444 = DIRECTION('',(0.408248290464,0.408248290464,0.816496580928));
#6445 = ORIENTED_EDGE('',*,*,#6446,.F.);
#6446 = EDGE_CURVE('',#6430,#6439,#6447,.T.);
#6447 = LINE('',#6448,#6449);
#6448 = CARTESIAN_POINT('',(1.045,-0.41,4.25));
#6449 = VECTOR('',#6450,1.);
#6450 = DIRECTION('',(0.,-1.,0.));
#6451 = PLANE('',#6452);
#6452 = AXIS2_PLACEMENT_3D('',#6453,#6454,#6455);
#6453 = CARTESIAN_POINT('',(1.145,-0.81,4.45));
#6454 = DIRECTION('',(-0.894427191,0.,0.4472135955));
#6455 = DIRECTION('',(0.,1.,0.));
#6456 = ADVANCED_FACE('',(#6457),#6475,.F.);
#6457 = FACE_BOUND('',#6458,.F.);
#6458 = EDGE_LOOP('',(#6459,#6460,#6468,#6474));
#6459 = ORIENTED_EDGE('',*,*,#6429,.F.);
#6460 = ORIENTED_EDGE('',*,*,#6461,.F.);
#6461 = EDGE_CURVE('',#6462,#6430,#6464,.T.);
#6462 = VERTEX_POINT('',#6463);
#6463 = CARTESIAN_POINT('',(1.445,-0.41,4.25));
#6464 = LINE('',#6465,#6466);
#6465 = CARTESIAN_POINT('',(1.445,-0.41,4.25));
#6466 = VECTOR('',#6467,1.);
#6467 = DIRECTION('',(-1.,0.,0.));
#6468 = ORIENTED_EDGE('',*,*,#6469,.F.);
#6469 = EDGE_CURVE('',#6400,#6462,#6470,.T.);
#6470 = LINE('',#6471,#6472);
#6471 = CARTESIAN_POINT('',(1.345,-0.51,4.45));
#6472 = VECTOR('',#6473,1.);
#6473 = DIRECTION('',(0.408248290464,0.408248290464,-0.816496580928));
#6474 = ORIENTED_EDGE('',*,*,#6399,.F.);
#6475 = PLANE('',#6476);
#6476 = AXIS2_PLACEMENT_3D('',#6477,#6478,#6479);
#6477 = CARTESIAN_POINT('',(1.445,-0.51,4.45));
#6478 = DIRECTION('',(0.,-0.894427191,-0.4472135955));
#6479 = DIRECTION('',(-1.,0.,0.));
#6480 = ADVANCED_FACE('',(#6481),#6506,.F.);
#6481 = FACE_BOUND('',#6482,.F.);
#6482 = EDGE_LOOP('',(#6483,#6491,#6492,#6500));
#6483 = ORIENTED_EDGE('',*,*,#6484,.F.);
#6484 = EDGE_CURVE('',#6462,#6485,#6487,.T.);
#6485 = VERTEX_POINT('',#6486);
#6486 = CARTESIAN_POINT('',(1.445,-0.41,-2.15));
#6487 = LINE('',#6488,#6489);
#6488 = CARTESIAN_POINT('',(1.445,-0.41,4.25));
#6489 = VECTOR('',#6490,1.);
#6490 = DIRECTION('',(0.,0.,-1.));
#6491 = ORIENTED_EDGE('',*,*,#6461,.T.);
#6492 = ORIENTED_EDGE('',*,*,#6493,.T.);
#6493 = EDGE_CURVE('',#6430,#6494,#6496,.T.);
#6494 = VERTEX_POINT('',#6495);
#6495 = CARTESIAN_POINT('',(1.045,-0.41,-2.15));
#6496 = LINE('',#6497,#6498);
#6497 = CARTESIAN_POINT('',(1.045,-0.41,4.25));
#6498 = VECTOR('',#6499,1.);
#6499 = DIRECTION('',(0.,0.,-1.));
#6500 = ORIENTED_EDGE('',*,*,#6501,.T.);
#6501 = EDGE_CURVE('',#6494,#6485,#6502,.T.);
#6502 = LINE('',#6503,#6504);
#6503 = CARTESIAN_POINT('',(1.045,-0.41,-2.15));
#6504 = VECTOR('',#6505,1.);
#6505 = DIRECTION('',(1.,0.,0.));
#6506 = PLANE('',#6507);
#6507 = AXIS2_PLACEMENT_3D('',#6508,#6509,#6510);
#6508 = CARTESIAN_POINT('',(1.445,-0.41,-2.35));
#6509 = DIRECTION('',(0.,-1.,0.));
#6510 = DIRECTION('',(1.,0.,0.));
#6511 = ADVANCED_FACE('',(#6512),#6537,.F.);
#6512 = FACE_BOUND('',#6513,.F.);
#6513 = EDGE_LOOP('',(#6514,#6524,#6530,#6531));
#6514 = ORIENTED_EDGE('',*,*,#6515,.T.);
#6515 = EDGE_CURVE('',#6516,#6518,#6520,.T.);
#6516 = VERTEX_POINT('',#6517);
#6517 = CARTESIAN_POINT('',(1.445,-0.81,-2.15));
#6518 = VERTEX_POINT('',#6519);
#6519 = CARTESIAN_POINT('',(1.445,-0.81,4.25));
#6520 = LINE('',#6521,#6522);
#6521 = CARTESIAN_POINT('',(1.445,-0.81,-2.15));
#6522 = VECTOR('',#6523,1.);
#6523 = DIRECTION('',(0.,0.,1.));
#6524 = ORIENTED_EDGE('',*,*,#6525,.T.);
#6525 = EDGE_CURVE('',#6518,#6462,#6526,.T.);
#6526 = LINE('',#6527,#6528);
#6527 = CARTESIAN_POINT('',(1.445,-0.81,4.25));
#6528 = VECTOR('',#6529,1.);
#6529 = DIRECTION('',(0.,1.,0.));
#6530 = ORIENTED_EDGE('',*,*,#6484,.T.);
#6531 = ORIENTED_EDGE('',*,*,#6532,.T.);
#6532 = EDGE_CURVE('',#6485,#6516,#6533,.T.);
#6533 = LINE('',#6534,#6535);
#6534 = CARTESIAN_POINT('',(1.445,-0.41,-2.15));
#6535 = VECTOR('',#6536,1.);
#6536 = DIRECTION('',(0.,-1.,0.));
#6537 = PLANE('',#6538);
#6538 = AXIS2_PLACEMENT_3D('',#6539,#6540,#6541);
#6539 = CARTESIAN_POINT('',(1.445,-0.61,1.05));
#6540 = DIRECTION('',(-1.,0.,0.));
#6541 = DIRECTION('',(0.,-1.,0.));
#6542 = ADVANCED_FACE('',(#6543),#6566,.F.);
#6543 = FACE_BOUND('',#6544,.F.);
#6544 = EDGE_LOOP('',(#6545,#6553,#6559,#6560));
#6545 = ORIENTED_EDGE('',*,*,#6546,.T.);
#6546 = EDGE_CURVE('',#6547,#6439,#6549,.T.);
#6547 = VERTEX_POINT('',#6548);
#6548 = CARTESIAN_POINT('',(1.045,-0.81,-2.15));
#6549 = LINE('',#6550,#6551);
#6550 = CARTESIAN_POINT('',(1.045,-0.81,-2.15));
#6551 = VECTOR('',#6552,1.);
#6552 = DIRECTION('',(0.,0.,1.));
#6553 = ORIENTED_EDGE('',*,*,#6554,.T.);
#6554 = EDGE_CURVE('',#6439,#6518,#6555,.T.);
#6555 = LINE('',#6556,#6557);
#6556 = CARTESIAN_POINT('',(1.045,-0.81,4.25));
#6557 = VECTOR('',#6558,1.);
#6558 = DIRECTION('',(1.,0.,0.));
#6559 = ORIENTED_EDGE('',*,*,#6515,.F.);
#6560 = ORIENTED_EDGE('',*,*,#6561,.T.);
#6561 = EDGE_CURVE('',#6516,#6547,#6562,.T.);
#6562 = LINE('',#6563,#6564);
#6563 = CARTESIAN_POINT('',(1.445,-0.81,-2.15));
#6564 = VECTOR('',#6565,1.);
#6565 = DIRECTION('',(-1.,0.,0.));
#6566 = PLANE('',#6567);
#6567 = AXIS2_PLACEMENT_3D('',#6568,#6569,#6570);
#6568 = CARTESIAN_POINT('',(1.445,-0.81,-2.35));
#6569 = DIRECTION('',(0.,1.,0.));
#6570 = DIRECTION('',(-1.,0.,0.));
#6571 = ADVANCED_FACE('',(#6572),#6583,.T.);
#6572 = FACE_BOUND('',#6573,.F.);
#6573 = EDGE_LOOP('',(#6574,#6575,#6576,#6577));
#6574 = ORIENTED_EDGE('',*,*,#6493,.F.);
#6575 = ORIENTED_EDGE('',*,*,#6446,.T.);
#6576 = ORIENTED_EDGE('',*,*,#6546,.F.);
#6577 = ORIENTED_EDGE('',*,*,#6578,.T.);
#6578 = EDGE_CURVE('',#6547,#6494,#6579,.T.);
#6579 = LINE('',#6580,#6581);
#6580 = CARTESIAN_POINT('',(1.045,-0.81,-2.15));
#6581 = VECTOR('',#6582,1.);
#6582 = DIRECTION('',(0.,1.,0.));
#6583 = PLANE('',#6584);
#6584 = AXIS2_PLACEMENT_3D('',#6585,#6586,#6587);
#6585 = CARTESIAN_POINT('',(1.045,-0.61,1.05));
#6586 = DIRECTION('',(-1.,0.,0.));
#6587 = DIRECTION('',(0.,-1.,0.));
#6588 = ADVANCED_FACE('',(#6589),#6614,.T.);
#6589 = FACE_BOUND('',#6590,.F.);
#6590 = EDGE_LOOP('',(#6591,#6599,#6600,#6608));
#6591 = ORIENTED_EDGE('',*,*,#6592,.T.);
#6592 = EDGE_CURVE('',#6593,#6494,#6595,.T.);
#6593 = VERTEX_POINT('',#6594);
#6594 = CARTESIAN_POINT('',(1.145,-0.51,-2.35));
#6595 = LINE('',#6596,#6597);
#6596 = CARTESIAN_POINT('',(1.145,-0.51,-2.35));
#6597 = VECTOR('',#6598,1.);
#6598 = DIRECTION('',(-0.408248290464,0.408248290464,0.816496580928));
#6599 = ORIENTED_EDGE('',*,*,#6578,.F.);
#6600 = ORIENTED_EDGE('',*,*,#6601,.F.);
#6601 = EDGE_CURVE('',#6602,#6547,#6604,.T.);
#6602 = VERTEX_POINT('',#6603);
#6603 = CARTESIAN_POINT('',(1.145,-0.71,-2.35));
#6604 = LINE('',#6605,#6606);
#6605 = CARTESIAN_POINT('',(1.145,-0.71,-2.35));
#6606 = VECTOR('',#6607,1.);
#6607 = DIRECTION('',(-0.408248290464,-0.408248290464,0.816496580928));
#6608 = ORIENTED_EDGE('',*,*,#6609,.F.);
#6609 = EDGE_CURVE('',#6593,#6602,#6610,.T.);
#6610 = LINE('',#6611,#6612);
#6611 = CARTESIAN_POINT('',(1.145,-0.51,-2.35));
#6612 = VECTOR('',#6613,1.);
#6613 = DIRECTION('',(0.,-1.,0.));
#6614 = PLANE('',#6615);
#6615 = AXIS2_PLACEMENT_3D('',#6616,#6617,#6618);
#6616 = CARTESIAN_POINT('',(1.145,-0.81,-2.35));
#6617 = DIRECTION('',(-0.894427191,0.,-0.4472135955));
#6618 = DIRECTION('',(0.,-1.,0.));
#6619 = ADVANCED_FACE('',(#6620),#6638,.F.);
#6620 = FACE_BOUND('',#6621,.F.);
#6621 = EDGE_LOOP('',(#6622,#6623,#6631,#6637));
#6622 = ORIENTED_EDGE('',*,*,#6592,.F.);
#6623 = ORIENTED_EDGE('',*,*,#6624,.F.);
#6624 = EDGE_CURVE('',#6625,#6593,#6627,.T.);
#6625 = VERTEX_POINT('',#6626);
#6626 = CARTESIAN_POINT('',(1.345,-0.51,-2.35));
#6627 = LINE('',#6628,#6629);
#6628 = CARTESIAN_POINT('',(1.345,-0.51,-2.35));
#6629 = VECTOR('',#6630,1.);
#6630 = DIRECTION('',(-1.,0.,0.));
#6631 = ORIENTED_EDGE('',*,*,#6632,.F.);
#6632 = EDGE_CURVE('',#6485,#6625,#6633,.T.);
#6633 = LINE('',#6634,#6635);
#6634 = CARTESIAN_POINT('',(1.445,-0.41,-2.15));
#6635 = VECTOR('',#6636,1.);
#6636 = DIRECTION('',(-0.408248290464,-0.408248290464,-0.816496580928));
#6637 = ORIENTED_EDGE('',*,*,#6501,.F.);
#6638 = PLANE('',#6639);
#6639 = AXIS2_PLACEMENT_3D('',#6640,#6641,#6642);
#6640 = CARTESIAN_POINT('',(1.445,-0.41,-2.15));
#6641 = DIRECTION('',(0.,-0.894427191,0.4472135955));
#6642 = DIRECTION('',(-1.,0.,0.));
#6643 = ADVANCED_FACE('',(#6644),#6662,.F.);
#6644 = FACE_BOUND('',#6645,.F.);
#6645 = EDGE_LOOP('',(#6646,#6654,#6655,#6656));
#6646 = ORIENTED_EDGE('',*,*,#6647,.T.);
#6647 = EDGE_CURVE('',#6648,#6625,#6650,.T.);
#6648 = VERTEX_POINT('',#6649);
#6649 = CARTESIAN_POINT('',(1.345,-0.71,-2.35));
#6650 = LINE('',#6651,#6652);
#6651 = CARTESIAN_POINT('',(1.345,-0.71,-2.35));
#6652 = VECTOR('',#6653,1.);
#6653 = DIRECTION('',(0.,1.,0.));
#6654 = ORIENTED_EDGE('',*,*,#6624,.T.);
#6655 = ORIENTED_EDGE('',*,*,#6609,.T.);
#6656 = ORIENTED_EDGE('',*,*,#6657,.T.);
#6657 = EDGE_CURVE('',#6602,#6648,#6658,.T.);
#6658 = LINE('',#6659,#6660);
#6659 = CARTESIAN_POINT('',(1.145,-0.71,-2.35));
#6660 = VECTOR('',#6661,1.);
#6661 = DIRECTION('',(1.,0.,0.));
#6662 = PLANE('',#6663);
#6663 = AXIS2_PLACEMENT_3D('',#6664,#6665,#6666);
#6664 = CARTESIAN_POINT('',(1.445,-0.81,-2.35));
#6665 = DIRECTION('',(0.,0.,1.));
#6666 = DIRECTION('',(1.,0.,0.));
#6667 = ADVANCED_FACE('',(#6668),#6679,.F.);
#6668 = FACE_BOUND('',#6669,.F.);
#6669 = EDGE_LOOP('',(#6670,#6671,#6672,#6678));
#6670 = ORIENTED_EDGE('',*,*,#6632,.T.);
#6671 = ORIENTED_EDGE('',*,*,#6647,.F.);
#6672 = ORIENTED_EDGE('',*,*,#6673,.F.);
#6673 = EDGE_CURVE('',#6516,#6648,#6674,.T.);
#6674 = LINE('',#6675,#6676);
#6675 = CARTESIAN_POINT('',(1.445,-0.81,-2.15));
#6676 = VECTOR('',#6677,1.);
#6677 = DIRECTION('',(-0.408248290464,0.408248290464,-0.816496580928));
#6678 = ORIENTED_EDGE('',*,*,#6532,.F.);
#6679 = PLANE('',#6680);
#6680 = AXIS2_PLACEMENT_3D('',#6681,#6682,#6683);
#6681 = CARTESIAN_POINT('',(1.445,-0.61,-2.15));
#6682 = DIRECTION('',(-0.894427191,0.,0.4472135955));
#6683 = DIRECTION('',(0.,1.,0.));
#6684 = ADVANCED_FACE('',(#6685),#6691,.F.);
#6685 = FACE_BOUND('',#6686,.F.);
#6686 = EDGE_LOOP('',(#6687,#6688,#6689,#6690));
#6687 = ORIENTED_EDGE('',*,*,#6673,.T.);
#6688 = ORIENTED_EDGE('',*,*,#6657,.F.);
#6689 = ORIENTED_EDGE('',*,*,#6601,.T.);
#6690 = ORIENTED_EDGE('',*,*,#6561,.F.);
#6691 = PLANE('',#6692);
#6692 = AXIS2_PLACEMENT_3D('',#6693,#6694,#6695);
#6693 = CARTESIAN_POINT('',(1.445,-0.71,-2.35));
#6694 = DIRECTION('',(0.,0.894427191,0.4472135955));
#6695 = DIRECTION('',(-1.,0.,0.));
#6696 = ADVANCED_FACE('',(#6697),#6708,.F.);
#6697 = FACE_BOUND('',#6698,.F.);
#6698 = EDGE_LOOP('',(#6699,#6705,#6706,#6707));
#6699 = ORIENTED_EDGE('',*,*,#6700,.T.);
#6700 = EDGE_CURVE('',#6408,#6518,#6701,.T.);
#6701 = LINE('',#6702,#6703);
#6702 = CARTESIAN_POINT('',(1.345,-0.71,4.45));
#6703 = VECTOR('',#6704,1.);
#6704 = DIRECTION('',(0.408248290464,-0.408248290464,-0.816496580928));
#6705 = ORIENTED_EDGE('',*,*,#6554,.F.);
#6706 = ORIENTED_EDGE('',*,*,#6438,.T.);
#6707 = ORIENTED_EDGE('',*,*,#6415,.F.);
#6708 = PLANE('',#6709);
#6709 = AXIS2_PLACEMENT_3D('',#6710,#6711,#6712);
#6710 = CARTESIAN_POINT('',(1.445,-0.81,4.25));
#6711 = DIRECTION('',(0.,0.894427191,-0.4472135955));
#6712 = DIRECTION('',(-1.,0.,0.));
#6713 = ADVANCED_FACE('',(#6714),#6720,.F.);
#6714 = FACE_BOUND('',#6715,.F.);
#6715 = EDGE_LOOP('',(#6716,#6717,#6718,#6719));
#6716 = ORIENTED_EDGE('',*,*,#6469,.T.);
#6717 = ORIENTED_EDGE('',*,*,#6525,.F.);
#6718 = ORIENTED_EDGE('',*,*,#6700,.F.);
#6719 = ORIENTED_EDGE('',*,*,#6407,.F.);
#6720 = PLANE('',#6721);
#6721 = AXIS2_PLACEMENT_3D('',#6722,#6723,#6724);
#6722 = CARTESIAN_POINT('',(1.445,-0.61,4.25));
#6723 = DIRECTION('',(-0.894427191,0.,-0.4472135955));
#6724 = DIRECTION('',(0.,-1.,0.));
#6725 = MANIFOLD_SOLID_BREP('',#6726);
#6726 = CLOSED_SHELL('',(#6727,#6767,#6798,#6822,#6853,#6884,#6913,#6930
    ,#6961,#6985,#7009,#7026,#7038,#7055));
#6727 = ADVANCED_FACE('',(#6728),#6762,.F.);
#6728 = FACE_BOUND('',#6729,.F.);
#6729 = EDGE_LOOP('',(#6730,#6740,#6748,#6756));
#6730 = ORIENTED_EDGE('',*,*,#6731,.T.);
#6731 = EDGE_CURVE('',#6732,#6734,#6736,.T.);
#6732 = VERTEX_POINT('',#6733);
#6733 = CARTESIAN_POINT('',(2.415,-0.71,4.45));
#6734 = VERTEX_POINT('',#6735);
#6735 = CARTESIAN_POINT('',(2.415,-0.51,4.45));
#6736 = LINE('',#6737,#6738);
#6737 = CARTESIAN_POINT('',(2.415,-0.71,4.45));
#6738 = VECTOR('',#6739,1.);
#6739 = DIRECTION('',(0.,1.,0.));
#6740 = ORIENTED_EDGE('',*,*,#6741,.T.);
#6741 = EDGE_CURVE('',#6734,#6742,#6744,.T.);
#6742 = VERTEX_POINT('',#6743);
#6743 = CARTESIAN_POINT('',(2.615,-0.51,4.45));
#6744 = LINE('',#6745,#6746);
#6745 = CARTESIAN_POINT('',(2.415,-0.51,4.45));
#6746 = VECTOR('',#6747,1.);
#6747 = DIRECTION('',(1.,0.,0.));
#6748 = ORIENTED_EDGE('',*,*,#6749,.T.);
#6749 = EDGE_CURVE('',#6742,#6750,#6752,.T.);
#6750 = VERTEX_POINT('',#6751);
#6751 = CARTESIAN_POINT('',(2.615,-0.71,4.45));
#6752 = LINE('',#6753,#6754);
#6753 = CARTESIAN_POINT('',(2.615,-0.51,4.45));
#6754 = VECTOR('',#6755,1.);
#6755 = DIRECTION('',(0.,-1.,0.));
#6756 = ORIENTED_EDGE('',*,*,#6757,.T.);
#6757 = EDGE_CURVE('',#6750,#6732,#6758,.T.);
#6758 = LINE('',#6759,#6760);
#6759 = CARTESIAN_POINT('',(2.615,-0.71,4.45));
#6760 = VECTOR('',#6761,1.);
#6761 = DIRECTION('',(-1.,0.,0.));
#6762 = PLANE('',#6763);
#6763 = AXIS2_PLACEMENT_3D('',#6764,#6765,#6766);
#6764 = CARTESIAN_POINT('',(2.715,-0.81,4.45));
#6765 = DIRECTION('',(0.,0.,-1.));
#6766 = DIRECTION('',(-1.,0.,0.));
#6767 = ADVANCED_FACE('',(#6768),#6793,.T.);
#6768 = FACE_BOUND('',#6769,.F.);
#6769 = EDGE_LOOP('',(#6770,#6778,#6779,#6787));
#6770 = ORIENTED_EDGE('',*,*,#6771,.T.);
#6771 = EDGE_CURVE('',#6772,#6734,#6774,.T.);
#6772 = VERTEX_POINT('',#6773);
#6773 = CARTESIAN_POINT('',(2.315,-0.41,4.25));
#6774 = LINE('',#6775,#6776);
#6775 = CARTESIAN_POINT('',(2.315,-0.41,4.25));
#6776 = VECTOR('',#6777,1.);
#6777 = DIRECTION('',(0.408248290464,-0.408248290464,0.816496580928));
#6778 = ORIENTED_EDGE('',*,*,#6731,.F.);
#6779 = ORIENTED_EDGE('',*,*,#6780,.F.);
#6780 = EDGE_CURVE('',#6781,#6732,#6783,.T.);
#6781 = VERTEX_POINT('',#6782);
#6782 = CARTESIAN_POINT('',(2.315,-0.81,4.25));
#6783 = LINE('',#6784,#6785);
#6784 = CARTESIAN_POINT('',(2.315,-0.81,4.25));
#6785 = VECTOR('',#6786,1.);
#6786 = DIRECTION('',(0.408248290464,0.408248290464,0.816496580928));
#6787 = ORIENTED_EDGE('',*,*,#6788,.F.);
#6788 = EDGE_CURVE('',#6772,#6781,#6789,.T.);
#6789 = LINE('',#6790,#6791);
#6790 = CARTESIAN_POINT('',(2.315,-0.41,4.25));
#6791 = VECTOR('',#6792,1.);
#6792 = DIRECTION('',(0.,-1.,0.));
#6793 = PLANE('',#6794);
#6794 = AXIS2_PLACEMENT_3D('',#6795,#6796,#6797);
#6795 = CARTESIAN_POINT('',(2.415,-0.81,4.45));
#6796 = DIRECTION('',(-0.894427191,0.,0.4472135955));
#6797 = DIRECTION('',(0.,1.,0.));
#6798 = ADVANCED_FACE('',(#6799),#6817,.F.);
#6799 = FACE_BOUND('',#6800,.F.);
#6800 = EDGE_LOOP('',(#6801,#6802,#6810,#6816));
#6801 = ORIENTED_EDGE('',*,*,#6771,.F.);
#6802 = ORIENTED_EDGE('',*,*,#6803,.F.);
#6803 = EDGE_CURVE('',#6804,#6772,#6806,.T.);
#6804 = VERTEX_POINT('',#6805);
#6805 = CARTESIAN_POINT('',(2.715,-0.41,4.25));
#6806 = LINE('',#6807,#6808);
#6807 = CARTESIAN_POINT('',(2.715,-0.41,4.25));
#6808 = VECTOR('',#6809,1.);
#6809 = DIRECTION('',(-1.,0.,0.));
#6810 = ORIENTED_EDGE('',*,*,#6811,.F.);
#6811 = EDGE_CURVE('',#6742,#6804,#6812,.T.);
#6812 = LINE('',#6813,#6814);
#6813 = CARTESIAN_POINT('',(2.615,-0.51,4.45));
#6814 = VECTOR('',#6815,1.);
#6815 = DIRECTION('',(0.408248290464,0.408248290464,-0.816496580928));
#6816 = ORIENTED_EDGE('',*,*,#6741,.F.);
#6817 = PLANE('',#6818);
#6818 = AXIS2_PLACEMENT_3D('',#6819,#6820,#6821);
#6819 = CARTESIAN_POINT('',(2.715,-0.51,4.45));
#6820 = DIRECTION('',(0.,-0.894427191,-0.4472135955));
#6821 = DIRECTION('',(-1.,0.,0.));
#6822 = ADVANCED_FACE('',(#6823),#6848,.F.);
#6823 = FACE_BOUND('',#6824,.F.);
#6824 = EDGE_LOOP('',(#6825,#6833,#6834,#6842));
#6825 = ORIENTED_EDGE('',*,*,#6826,.F.);
#6826 = EDGE_CURVE('',#6804,#6827,#6829,.T.);
#6827 = VERTEX_POINT('',#6828);
#6828 = CARTESIAN_POINT('',(2.715,-0.41,-2.15));
#6829 = LINE('',#6830,#6831);
#6830 = CARTESIAN_POINT('',(2.715,-0.41,4.25));
#6831 = VECTOR('',#6832,1.);
#6832 = DIRECTION('',(0.,0.,-1.));
#6833 = ORIENTED_EDGE('',*,*,#6803,.T.);
#6834 = ORIENTED_EDGE('',*,*,#6835,.T.);
#6835 = EDGE_CURVE('',#6772,#6836,#6838,.T.);
#6836 = VERTEX_POINT('',#6837);
#6837 = CARTESIAN_POINT('',(2.315,-0.41,-2.15));
#6838 = LINE('',#6839,#6840);
#6839 = CARTESIAN_POINT('',(2.315,-0.41,4.25));
#6840 = VECTOR('',#6841,1.);
#6841 = DIRECTION('',(0.,0.,-1.));
#6842 = ORIENTED_EDGE('',*,*,#6843,.T.);
#6843 = EDGE_CURVE('',#6836,#6827,#6844,.T.);
#6844 = LINE('',#6845,#6846);
#6845 = CARTESIAN_POINT('',(2.315,-0.41,-2.15));
#6846 = VECTOR('',#6847,1.);
#6847 = DIRECTION('',(1.,0.,0.));
#6848 = PLANE('',#6849);
#6849 = AXIS2_PLACEMENT_3D('',#6850,#6851,#6852);
#6850 = CARTESIAN_POINT('',(2.715,-0.41,-2.35));
#6851 = DIRECTION('',(0.,-1.,0.));
#6852 = DIRECTION('',(1.,0.,0.));
#6853 = ADVANCED_FACE('',(#6854),#6879,.F.);
#6854 = FACE_BOUND('',#6855,.F.);
#6855 = EDGE_LOOP('',(#6856,#6866,#6872,#6873));
#6856 = ORIENTED_EDGE('',*,*,#6857,.T.);
#6857 = EDGE_CURVE('',#6858,#6860,#6862,.T.);
#6858 = VERTEX_POINT('',#6859);
#6859 = CARTESIAN_POINT('',(2.715,-0.81,-2.15));
#6860 = VERTEX_POINT('',#6861);
#6861 = CARTESIAN_POINT('',(2.715,-0.81,4.25));
#6862 = LINE('',#6863,#6864);
#6863 = CARTESIAN_POINT('',(2.715,-0.81,-2.15));
#6864 = VECTOR('',#6865,1.);
#6865 = DIRECTION('',(0.,0.,1.));
#6866 = ORIENTED_EDGE('',*,*,#6867,.T.);
#6867 = EDGE_CURVE('',#6860,#6804,#6868,.T.);
#6868 = LINE('',#6869,#6870);
#6869 = CARTESIAN_POINT('',(2.715,-0.81,4.25));
#6870 = VECTOR('',#6871,1.);
#6871 = DIRECTION('',(0.,1.,0.));
#6872 = ORIENTED_EDGE('',*,*,#6826,.T.);
#6873 = ORIENTED_EDGE('',*,*,#6874,.T.);
#6874 = EDGE_CURVE('',#6827,#6858,#6875,.T.);
#6875 = LINE('',#6876,#6877);
#6876 = CARTESIAN_POINT('',(2.715,-0.41,-2.15));
#6877 = VECTOR('',#6878,1.);
#6878 = DIRECTION('',(0.,-1.,0.));
#6879 = PLANE('',#6880);
#6880 = AXIS2_PLACEMENT_3D('',#6881,#6882,#6883);
#6881 = CARTESIAN_POINT('',(2.715,-0.61,1.05));
#6882 = DIRECTION('',(-1.,0.,0.));
#6883 = DIRECTION('',(0.,-1.,0.));
#6884 = ADVANCED_FACE('',(#6885),#6908,.F.);
#6885 = FACE_BOUND('',#6886,.F.);
#6886 = EDGE_LOOP('',(#6887,#6895,#6901,#6902));
#6887 = ORIENTED_EDGE('',*,*,#6888,.T.);
#6888 = EDGE_CURVE('',#6889,#6781,#6891,.T.);
#6889 = VERTEX_POINT('',#6890);
#6890 = CARTESIAN_POINT('',(2.315,-0.81,-2.15));
#6891 = LINE('',#6892,#6893);
#6892 = CARTESIAN_POINT('',(2.315,-0.81,-2.15));
#6893 = VECTOR('',#6894,1.);
#6894 = DIRECTION('',(0.,0.,1.));
#6895 = ORIENTED_EDGE('',*,*,#6896,.T.);
#6896 = EDGE_CURVE('',#6781,#6860,#6897,.T.);
#6897 = LINE('',#6898,#6899);
#6898 = CARTESIAN_POINT('',(2.315,-0.81,4.25));
#6899 = VECTOR('',#6900,1.);
#6900 = DIRECTION('',(1.,0.,0.));
#6901 = ORIENTED_EDGE('',*,*,#6857,.F.);
#6902 = ORIENTED_EDGE('',*,*,#6903,.T.);
#6903 = EDGE_CURVE('',#6858,#6889,#6904,.T.);
#6904 = LINE('',#6905,#6906);
#6905 = CARTESIAN_POINT('',(2.715,-0.81,-2.15));
#6906 = VECTOR('',#6907,1.);
#6907 = DIRECTION('',(-1.,0.,0.));
#6908 = PLANE('',#6909);
#6909 = AXIS2_PLACEMENT_3D('',#6910,#6911,#6912);
#6910 = CARTESIAN_POINT('',(2.715,-0.81,-2.35));
#6911 = DIRECTION('',(0.,1.,0.));
#6912 = DIRECTION('',(-1.,0.,0.));
#6913 = ADVANCED_FACE('',(#6914),#6925,.T.);
#6914 = FACE_BOUND('',#6915,.F.);
#6915 = EDGE_LOOP('',(#6916,#6917,#6918,#6919));
#6916 = ORIENTED_EDGE('',*,*,#6835,.F.);
#6917 = ORIENTED_EDGE('',*,*,#6788,.T.);
#6918 = ORIENTED_EDGE('',*,*,#6888,.F.);
#6919 = ORIENTED_EDGE('',*,*,#6920,.T.);
#6920 = EDGE_CURVE('',#6889,#6836,#6921,.T.);
#6921 = LINE('',#6922,#6923);
#6922 = CARTESIAN_POINT('',(2.315,-0.81,-2.15));
#6923 = VECTOR('',#6924,1.);
#6924 = DIRECTION('',(0.,1.,0.));
#6925 = PLANE('',#6926);
#6926 = AXIS2_PLACEMENT_3D('',#6927,#6928,#6929);
#6927 = CARTESIAN_POINT('',(2.315,-0.61,1.05));
#6928 = DIRECTION('',(-1.,0.,0.));
#6929 = DIRECTION('',(0.,-1.,0.));
#6930 = ADVANCED_FACE('',(#6931),#6956,.T.);
#6931 = FACE_BOUND('',#6932,.F.);
#6932 = EDGE_LOOP('',(#6933,#6941,#6942,#6950));
#6933 = ORIENTED_EDGE('',*,*,#6934,.T.);
#6934 = EDGE_CURVE('',#6935,#6836,#6937,.T.);
#6935 = VERTEX_POINT('',#6936);
#6936 = CARTESIAN_POINT('',(2.415,-0.51,-2.35));
#6937 = LINE('',#6938,#6939);
#6938 = CARTESIAN_POINT('',(2.415,-0.51,-2.35));
#6939 = VECTOR('',#6940,1.);
#6940 = DIRECTION('',(-0.408248290464,0.408248290464,0.816496580928));
#6941 = ORIENTED_EDGE('',*,*,#6920,.F.);
#6942 = ORIENTED_EDGE('',*,*,#6943,.F.);
#6943 = EDGE_CURVE('',#6944,#6889,#6946,.T.);
#6944 = VERTEX_POINT('',#6945);
#6945 = CARTESIAN_POINT('',(2.415,-0.71,-2.35));
#6946 = LINE('',#6947,#6948);
#6947 = CARTESIAN_POINT('',(2.415,-0.71,-2.35));
#6948 = VECTOR('',#6949,1.);
#6949 = DIRECTION('',(-0.408248290464,-0.408248290464,0.816496580928));
#6950 = ORIENTED_EDGE('',*,*,#6951,.F.);
#6951 = EDGE_CURVE('',#6935,#6944,#6952,.T.);
#6952 = LINE('',#6953,#6954);
#6953 = CARTESIAN_POINT('',(2.415,-0.51,-2.35));
#6954 = VECTOR('',#6955,1.);
#6955 = DIRECTION('',(0.,-1.,0.));
#6956 = PLANE('',#6957);
#6957 = AXIS2_PLACEMENT_3D('',#6958,#6959,#6960);
#6958 = CARTESIAN_POINT('',(2.415,-0.81,-2.35));
#6959 = DIRECTION('',(-0.894427191,0.,-0.4472135955));
#6960 = DIRECTION('',(0.,-1.,0.));
#6961 = ADVANCED_FACE('',(#6962),#6980,.F.);
#6962 = FACE_BOUND('',#6963,.F.);
#6963 = EDGE_LOOP('',(#6964,#6965,#6973,#6979));
#6964 = ORIENTED_EDGE('',*,*,#6934,.F.);
#6965 = ORIENTED_EDGE('',*,*,#6966,.F.);
#6966 = EDGE_CURVE('',#6967,#6935,#6969,.T.);
#6967 = VERTEX_POINT('',#6968);
#6968 = CARTESIAN_POINT('',(2.615,-0.51,-2.35));
#6969 = LINE('',#6970,#6971);
#6970 = CARTESIAN_POINT('',(2.615,-0.51,-2.35));
#6971 = VECTOR('',#6972,1.);
#6972 = DIRECTION('',(-1.,0.,0.));
#6973 = ORIENTED_EDGE('',*,*,#6974,.F.);
#6974 = EDGE_CURVE('',#6827,#6967,#6975,.T.);
#6975 = LINE('',#6976,#6977);
#6976 = CARTESIAN_POINT('',(2.715,-0.41,-2.15));
#6977 = VECTOR('',#6978,1.);
#6978 = DIRECTION('',(-0.408248290464,-0.408248290464,-0.816496580928));
#6979 = ORIENTED_EDGE('',*,*,#6843,.F.);
#6980 = PLANE('',#6981);
#6981 = AXIS2_PLACEMENT_3D('',#6982,#6983,#6984);
#6982 = CARTESIAN_POINT('',(2.715,-0.41,-2.15));
#6983 = DIRECTION('',(0.,-0.894427191,0.4472135955));
#6984 = DIRECTION('',(-1.,0.,0.));
#6985 = ADVANCED_FACE('',(#6986),#7004,.F.);
#6986 = FACE_BOUND('',#6987,.F.);
#6987 = EDGE_LOOP('',(#6988,#6996,#6997,#6998));
#6988 = ORIENTED_EDGE('',*,*,#6989,.T.);
#6989 = EDGE_CURVE('',#6990,#6967,#6992,.T.);
#6990 = VERTEX_POINT('',#6991);
#6991 = CARTESIAN_POINT('',(2.615,-0.71,-2.35));
#6992 = LINE('',#6993,#6994);
#6993 = CARTESIAN_POINT('',(2.615,-0.71,-2.35));
#6994 = VECTOR('',#6995,1.);
#6995 = DIRECTION('',(0.,1.,0.));
#6996 = ORIENTED_EDGE('',*,*,#6966,.T.);
#6997 = ORIENTED_EDGE('',*,*,#6951,.T.);
#6998 = ORIENTED_EDGE('',*,*,#6999,.T.);
#6999 = EDGE_CURVE('',#6944,#6990,#7000,.T.);
#7000 = LINE('',#7001,#7002);
#7001 = CARTESIAN_POINT('',(2.415,-0.71,-2.35));
#7002 = VECTOR('',#7003,1.);
#7003 = DIRECTION('',(1.,0.,0.));
#7004 = PLANE('',#7005);
#7005 = AXIS2_PLACEMENT_3D('',#7006,#7007,#7008);
#7006 = CARTESIAN_POINT('',(2.715,-0.81,-2.35));
#7007 = DIRECTION('',(0.,0.,1.));
#7008 = DIRECTION('',(1.,0.,0.));
#7009 = ADVANCED_FACE('',(#7010),#7021,.F.);
#7010 = FACE_BOUND('',#7011,.F.);
#7011 = EDGE_LOOP('',(#7012,#7013,#7014,#7020));
#7012 = ORIENTED_EDGE('',*,*,#6974,.T.);
#7013 = ORIENTED_EDGE('',*,*,#6989,.F.);
#7014 = ORIENTED_EDGE('',*,*,#7015,.F.);
#7015 = EDGE_CURVE('',#6858,#6990,#7016,.T.);
#7016 = LINE('',#7017,#7018);
#7017 = CARTESIAN_POINT('',(2.715,-0.81,-2.15));
#7018 = VECTOR('',#7019,1.);
#7019 = DIRECTION('',(-0.408248290464,0.408248290464,-0.816496580928));
#7020 = ORIENTED_EDGE('',*,*,#6874,.F.);
#7021 = PLANE('',#7022);
#7022 = AXIS2_PLACEMENT_3D('',#7023,#7024,#7025);
#7023 = CARTESIAN_POINT('',(2.715,-0.61,-2.15));
#7024 = DIRECTION('',(-0.894427191,0.,0.4472135955));
#7025 = DIRECTION('',(0.,1.,0.));
#7026 = ADVANCED_FACE('',(#7027),#7033,.F.);
#7027 = FACE_BOUND('',#7028,.F.);
#7028 = EDGE_LOOP('',(#7029,#7030,#7031,#7032));
#7029 = ORIENTED_EDGE('',*,*,#7015,.T.);
#7030 = ORIENTED_EDGE('',*,*,#6999,.F.);
#7031 = ORIENTED_EDGE('',*,*,#6943,.T.);
#7032 = ORIENTED_EDGE('',*,*,#6903,.F.);
#7033 = PLANE('',#7034);
#7034 = AXIS2_PLACEMENT_3D('',#7035,#7036,#7037);
#7035 = CARTESIAN_POINT('',(2.715,-0.71,-2.35));
#7036 = DIRECTION('',(0.,0.894427191,0.4472135955));
#7037 = DIRECTION('',(-1.,0.,0.));
#7038 = ADVANCED_FACE('',(#7039),#7050,.F.);
#7039 = FACE_BOUND('',#7040,.F.);
#7040 = EDGE_LOOP('',(#7041,#7047,#7048,#7049));
#7041 = ORIENTED_EDGE('',*,*,#7042,.T.);
#7042 = EDGE_CURVE('',#6750,#6860,#7043,.T.);
#7043 = LINE('',#7044,#7045);
#7044 = CARTESIAN_POINT('',(2.615,-0.71,4.45));
#7045 = VECTOR('',#7046,1.);
#7046 = DIRECTION('',(0.408248290464,-0.408248290464,-0.816496580928));
#7047 = ORIENTED_EDGE('',*,*,#6896,.F.);
#7048 = ORIENTED_EDGE('',*,*,#6780,.T.);
#7049 = ORIENTED_EDGE('',*,*,#6757,.F.);
#7050 = PLANE('',#7051);
#7051 = AXIS2_PLACEMENT_3D('',#7052,#7053,#7054);
#7052 = CARTESIAN_POINT('',(2.715,-0.81,4.25));
#7053 = DIRECTION('',(0.,0.894427191,-0.4472135955));
#7054 = DIRECTION('',(-1.,0.,0.));
#7055 = ADVANCED_FACE('',(#7056),#7062,.F.);
#7056 = FACE_BOUND('',#7057,.F.);
#7057 = EDGE_LOOP('',(#7058,#7059,#7060,#7061));
#7058 = ORIENTED_EDGE('',*,*,#6811,.T.);
#7059 = ORIENTED_EDGE('',*,*,#6867,.F.);
#7060 = ORIENTED_EDGE('',*,*,#7042,.F.);
#7061 = ORIENTED_EDGE('',*,*,#6749,.F.);
#7062 = PLANE('',#7063);
#7063 = AXIS2_PLACEMENT_3D('',#7064,#7065,#7066);
#7064 = CARTESIAN_POINT('',(2.715,-0.61,4.25));
#7065 = DIRECTION('',(-0.894427191,0.,-0.4472135955));
#7066 = DIRECTION('',(0.,-1.,0.));
#7067 = ( GEOMETRIC_REPRESENTATION_CONTEXT(3) 
GLOBAL_UNCERTAINTY_ASSIGNED_CONTEXT((#7071)) 
GLOBAL_UNIT_ASSIGNED_CONTEXT((#7068,#7069,#7070)) REPRESENTATION_CONTEXT
('Context #1','3D Context with UNIT and UNCERTAINTY') );
#7068 = ( LENGTH_UNIT() NAMED_UNIT(*) SI_UNIT(.MILLI.,.METRE.) );
#7069 = ( NAMED_UNIT(*) PLANE_ANGLE_UNIT() SI_UNIT($,.RADIAN.) );
#7070 = ( NAMED_UNIT(*) SI_UNIT($,.STERADIAN.) SOLID_ANGLE_UNIT() );
#7071 = UNCERTAINTY_MEASURE_WITH_UNIT(LENGTH_MEASURE(1.E-07),#7068,
  'distance_accuracy_value','confusion accuracy');
#7072 = PRODUCT_RELATED_PRODUCT_CATEGORY('part',$,(#7));
#7073 = MECHANICAL_DESIGN_GEOMETRIC_PRESENTATION_REPRESENTATION('',(
    #7074,#7085,#7094,#7103,#7112,#7121,#7130,#7139,#7148,#7157,#7166),
  #7067);
#7074 = STYLED_ITEM('color',(#7075),#15);
#7075 = PRESENTATION_STYLE_ASSIGNMENT((#7076,#7082));
#7076 = SURFACE_STYLE_USAGE(.BOTH.,#7077);
#7077 = SURFACE_SIDE_STYLE('',(#7078));
#7078 = SURFACE_STYLE_FILL_AREA(#7079);
#7079 = FILL_AREA_STYLE('',(#7080));
#7080 = FILL_AREA_STYLE_COLOUR('',#7081);
#7081 = COLOUR_RGB('',0.447059003357,0.474510015008,0.501960993452);
#7082 = CURVE_STYLE('',#7083,POSITIVE_LENGTH_MEASURE(0.1),#7084);
#7083 = DRAUGHTING_PRE_DEFINED_CURVE_FONT('continuous');
#7084 = COLOUR_RGB('',9.803921802644E-02,9.803921802644E-02,
  9.803921802644E-02);
#7085 = STYLED_ITEM('color',(#7086),#3647);
#7086 = PRESENTATION_STYLE_ASSIGNMENT((#7087,#7092));
#7087 = SURFACE_STYLE_USAGE(.BOTH.,#7088);
#7088 = SURFACE_SIDE_STYLE('',(#7089));
#7089 = SURFACE_STYLE_FILL_AREA(#7090);
#7090 = FILL_AREA_STYLE('',(#7091));
#7091 = FILL_AREA_STYLE_COLOUR('',#7081);
#7092 = CURVE_STYLE('',#7093,POSITIVE_LENGTH_MEASURE(0.1),#7084);
#7093 = DRAUGHTING_PRE_DEFINED_CURVE_FONT('continuous');
#7094 = STYLED_ITEM('color',(#7095),#3989);
#7095 = PRESENTATION_STYLE_ASSIGNMENT((#7096,#7101));
#7096 = SURFACE_STYLE_USAGE(.BOTH.,#7097);
#7097 = SURFACE_SIDE_STYLE('',(#7098));
#7098 = SURFACE_STYLE_FILL_AREA(#7099);
#7099 = FILL_AREA_STYLE('',(#7100));
#7100 = FILL_AREA_STYLE_COLOUR('',#7081);
#7101 = CURVE_STYLE('',#7102,POSITIVE_LENGTH_MEASURE(0.1),#7084);
#7102 = DRAUGHTING_PRE_DEFINED_CURVE_FONT('continuous');
#7103 = STYLED_ITEM('color',(#7104),#4331);
#7104 = PRESENTATION_STYLE_ASSIGNMENT((#7105,#7110));
#7105 = SURFACE_STYLE_USAGE(.BOTH.,#7106);
#7106 = SURFACE_SIDE_STYLE('',(#7107));
#7107 = SURFACE_STYLE_FILL_AREA(#7108);
#7108 = FILL_AREA_STYLE('',(#7109));
#7109 = FILL_AREA_STYLE_COLOUR('',#7081);
#7110 = CURVE_STYLE('',#7111,POSITIVE_LENGTH_MEASURE(0.1),#7084);
#7111 = DRAUGHTING_PRE_DEFINED_CURVE_FONT('continuous');
#7112 = STYLED_ITEM('color',(#7113),#4673);
#7113 = PRESENTATION_STYLE_ASSIGNMENT((#7114,#7119));
#7114 = SURFACE_STYLE_USAGE(.BOTH.,#7115);
#7115 = SURFACE_SIDE_STYLE('',(#7116));
#7116 = SURFACE_STYLE_FILL_AREA(#7117);
#7117 = FILL_AREA_STYLE('',(#7118));
#7118 = FILL_AREA_STYLE_COLOUR('',#7081);
#7119 = CURVE_STYLE('',#7120,POSITIVE_LENGTH_MEASURE(0.1),#7084);
#7120 = DRAUGHTING_PRE_DEFINED_CURVE_FONT('continuous');
#7121 = STYLED_ITEM('color',(#7122),#5015);
#7122 = PRESENTATION_STYLE_ASSIGNMENT((#7123,#7128));
#7123 = SURFACE_STYLE_USAGE(.BOTH.,#7124);
#7124 = SURFACE_SIDE_STYLE('',(#7125));
#7125 = SURFACE_STYLE_FILL_AREA(#7126);
#7126 = FILL_AREA_STYLE('',(#7127));
#7127 = FILL_AREA_STYLE_COLOUR('',#7081);
#7128 = CURVE_STYLE('',#7129,POSITIVE_LENGTH_MEASURE(0.1),#7084);
#7129 = DRAUGHTING_PRE_DEFINED_CURVE_FONT('continuous');
#7130 = STYLED_ITEM('color',(#7131),#5357);
#7131 = PRESENTATION_STYLE_ASSIGNMENT((#7132,#7137));
#7132 = SURFACE_STYLE_USAGE(.BOTH.,#7133);
#7133 = SURFACE_SIDE_STYLE('',(#7134));
#7134 = SURFACE_STYLE_FILL_AREA(#7135);
#7135 = FILL_AREA_STYLE('',(#7136));
#7136 = FILL_AREA_STYLE_COLOUR('',#7081);
#7137 = CURVE_STYLE('',#7138,POSITIVE_LENGTH_MEASURE(0.1),#7084);
#7138 = DRAUGHTING_PRE_DEFINED_CURVE_FONT('continuous');
#7139 = STYLED_ITEM('color',(#7140),#5699);
#7140 = PRESENTATION_STYLE_ASSIGNMENT((#7141,#7146));
#7141 = SURFACE_STYLE_USAGE(.BOTH.,#7142);
#7142 = SURFACE_SIDE_STYLE('',(#7143));
#7143 = SURFACE_STYLE_FILL_AREA(#7144);
#7144 = FILL_AREA_STYLE('',(#7145));
#7145 = FILL_AREA_STYLE_COLOUR('',#7081);
#7146 = CURVE_STYLE('',#7147,POSITIVE_LENGTH_MEASURE(0.1),#7084);
#7147 = DRAUGHTING_PRE_DEFINED_CURVE_FONT('continuous');
#7148 = STYLED_ITEM('color',(#7149),#6041);
#7149 = PRESENTATION_STYLE_ASSIGNMENT((#7150,#7155));
#7150 = SURFACE_STYLE_USAGE(.BOTH.,#7151);
#7151 = SURFACE_SIDE_STYLE('',(#7152));
#7152 = SURFACE_STYLE_FILL_AREA(#7153);
#7153 = FILL_AREA_STYLE('',(#7154));
#7154 = FILL_AREA_STYLE_COLOUR('',#7081);
#7155 = CURVE_STYLE('',#7156,POSITIVE_LENGTH_MEASURE(0.1),#7084);
#7156 = DRAUGHTING_PRE_DEFINED_CURVE_FONT('continuous');
#7157 = STYLED_ITEM('color',(#7158),#6383);
#7158 = PRESENTATION_STYLE_ASSIGNMENT((#7159,#7164));
#7159 = SURFACE_STYLE_USAGE(.BOTH.,#7160);
#7160 = SURFACE_SIDE_STYLE('',(#7161));
#7161 = SURFACE_STYLE_FILL_AREA(#7162);
#7162 = FILL_AREA_STYLE('',(#7163));
#7163 = FILL_AREA_STYLE_COLOUR('',#7081);
#7164 = CURVE_STYLE('',#7165,POSITIVE_LENGTH_MEASURE(0.1),#7084);
#7165 = DRAUGHTING_PRE_DEFINED_CURVE_FONT('continuous');
#7166 = STYLED_ITEM('color',(#7167),#6725);
#7167 = PRESENTATION_STYLE_ASSIGNMENT((#7168,#7173));
#7168 = SURFACE_STYLE_USAGE(.BOTH.,#7169);
#7169 = SURFACE_SIDE_STYLE('',(#7170));
#7170 = SURFACE_STYLE_FILL_AREA(#7171);
#7171 = FILL_AREA_STYLE('',(#7172));
#7172 = FILL_AREA_STYLE_COLOUR('',#7081);
#7173 = CURVE_STYLE('',#7174,POSITIVE_LENGTH_MEASURE(0.1),#7084);
#7174 = DRAUGHTING_PRE_DEFINED_CURVE_FONT('continuous');
ENDSEC;
END-ISO-10303-21;
