#VRML V2.0 utf8
#kicad StepUp wrl exported

Shape {
    appearance Appearance {material DEF PIN-01 Material {
        ambientIntensity 0.271
        diffuseColor 0.824 0.820 0.781
        specularColor 0.328 0.258 0.172
        emissiveColor 0.0 0.0 0.0
        shininess 0.70
        transparency 0.0
        }
    }
}
Shape {
    appearance Appearance {material DEF MET-01 Material {
        ambientIntensity 0.249999
        diffuseColor 0.298 0.298 0.298
        specularColor 0.398 0.398 0.398
        emissiveColor 0.0 0.0 0.0
        shininess 0.056122
        transparency 0.0
        }
    }
}
Shape {
    appearance Appearance {material DEF PIN-02 Material {
        ambientIntensity 0.379
        diffuseColor 0.859 0.738 0.496
        specularColor 0.137 0.145 0.184
        emissiveColor 0.0 0.0 0.0
        shininess 0.40
        transparency 0.0
        }
    }
}
Shape {
    appearance Appearance {material DEF IC-BODY-EPOXY-04 Material {
        ambientIntensity 0.293
        diffuseColor 0.148 0.145 0.145
        specularColor 0.180 0.168 0.160
        emissiveColor 0.0 0.0 0.0
        shininess 0.35
        transparency 0.0
        }
    }
}
Shape {
    appearance Appearance {material DEF RES-SMD-01 Material {
        diffuseColor 0.082 0.086 0.094
        emissiveColor 0.000 0.000 0.000
        specularColor 0.066 0.063 0.063
        ambientIntensity 0.638
        transparency 0.0
        shininess 0.3
        }
    }
}
Shape {
    appearance Appearance {material DEF IC-BODY-EPOXY-01 Material {
        ambientIntensity 0.117
        diffuseColor 0.250 0.262 0.281
        specularColor 0.316 0.281 0.176
        emissiveColor 0.0 0.0 0.0
        shininess 0.25
        transparency 0.0
        }
    }
}
Shape {
    appearance Appearance {material DEF CAP-CERAMIC-05 Material {
        ambientIntensity 0.179
        diffuseColor 0.273 0.273 0.273
        specularColor 0.203 0.188 0.176
        emissiveColor 0.0 0.0 0.0
        shininess 0.15
        transparency 0.0
        }
    }
}
Shape {
    appearance Appearance {material DEF CAP-CERAMIC-06 Material {
        ambientIntensity 0.453
        diffuseColor 0.379 0.270 0.215
        specularColor 0.223 0.223 0.223
        emissiveColor 0.0 0.0 0.0
        shininess 0.15
        transparency 0.0
        }
    }
}
Shape {
    appearance Appearance {material DEF RES-THT-01 Material {
        ambientIntensity 0.149
        diffuseColor 0.883 0.711 0.492
        specularColor 0.043 0.121 0.281
        emissiveColor 0.0 0.0 0.0
        shininess 0.40
        transparency 0.0
        }
    }
}
Shape {
    appearance Appearance {material DEF PLASTIC-BLUE-01 Material {
        ambientIntensity 0.565
        diffuseColor 0.137 0.402 0.727
        specularColor 0.359 0.379 0.270
        emissiveColor 0.0 0.0 0.0
        shininess 0.25
        transparency 0.0
        }
    }
}
Shape {
    appearance Appearance {material DEF PLASTIC-GREEN-01 Material {
        ambientIntensity 0.315
        diffuseColor 0.340 0.680 0.445
        specularColor 0.176 0.105 0.195
        emissiveColor 0.0 0.0 0.0
        shininess 0.25
        transparency 0.0
        }
    }
}
Shape {
    appearance Appearance {material DEF PLASTIC-ORANGE-01 Material {
        ambientIntensity 0.284
        diffuseColor 0.809 0.426 0.148
        specularColor 0.039 0.102 0.145
        emissiveColor 0.0 0.0 0.0
        shininess 0.25
        transparency 0.0
        }
    }
}
Shape {
    appearance Appearance {material DEF RED-BODY Material {
        ambientIntensity 0.683
        diffuseColor 0.700 0.100 0.050
        emissiveColor 0.000 0.000 0.000
        specularColor 0.300 0.400 0.150
        shininess 0.25
        transparency 0.0
        }
    }
}
Shape {
    appearance Appearance {material DEF CAP-CERAMIC-02 Material {
        ambientIntensity 0.683
        diffuseColor 0.578 0.336 0.352
        specularColor 0.105 0.273 0.270
        emissiveColor 0.0 0.0 0.0
        shininess 0.25
        transparency 0.0
        }
    }
}
Shape {
    appearance Appearance {material DEF PLASTIC-YELLOW-01 Material {
        ambientIntensity 0.522
        diffuseColor 0.832 0.680 0.066
        specularColor 0.160 0.203 0.320
        emissiveColor 0.0 0.0 0.0
        shininess 0.25
        transparency 0.0
        }
    }
}
Shape {
    appearance Appearance {material DEF PLASTIC-WHITE-01 Material {
        ambientIntensity 0.494
        diffuseColor 0.895 0.891 0.813
        specularColor 0.047 0.055 0.109
        emissiveColor 0.0 0.0 0.0
        shininess 0.25
        transparency 0.0
        }
    }
}
Shape {
    appearance Appearance {material DEF IC-LABEL-01 Material {
        ambientIntensity 0.082
        diffuseColor 0.691 0.664 0.598
        specularColor 0.000 0.000 0.000
        emissiveColor 0.0 0.0 0.0
        shininess 0.01
        transparency 0.0
        }
    }
}
Shape {
    appearance Appearance {material DEF LED-RED Material {
        ambientIntensity 0.789
        diffuseColor 0.700 0.100 0.050
        emissiveColor 0.000 0.000 0.000
        specularColor 0.300 0.400 0.150
        shininess 0.125
        transparency 0.15
        }
    }
}
Shape {
    appearance Appearance {material DEF LED-GREEN Material {
        ambientIntensity 0.789
        diffuseColor 0.400 0.700 0.150
        emissiveColor 0.000 0.000 0.000
        specularColor 0.600 0.300 0.100
        shininess 0.05
        transparency 0.15
        }
    }
}
Shape {
    appearance Appearance {material DEF LED-BLUE Material {
        ambientIntensity 0.789
        diffuseColor 0.100 0.250 0.700
        emissiveColor 0.000 0.000 0.000
        specularColor 0.500 0.600 0.300
        shininess 0.125
        transparency 0.15
        }
    }
}
Shape {
    appearance Appearance {material DEF LED-YELLOW Material {
        ambientIntensity 0.522
        diffuseColor 0.98 0.840 0.066
        specularColor 0.160 0.203 0.320
        emissiveColor 0.0 0.0 0.0
        shininess 0.125
        transparency 0.15
        }
    }
}
Shape {
    appearance Appearance {material DEF LED-WHITE Material {
        ambientIntensity 0.494
        diffuseColor 0.895 0.891 0.813
        specularColor 0.047 0.055 0.109
        emissiveColor 0.0 0.0 0.0
        shininess 0.125
        transparency 0.15
        }
    }
}
Shape {
    appearance Appearance {material DEF LED-GREY Material {
        ambientIntensity 0.494
        diffuseColor 0.27 0.25 0.27
        specularColor 0.5 0.5 0.6
        emissiveColor 0.0 0.0 0.0
        shininess 0.35
        transparency 0.15
        }
    }
}
Shape {
    appearance Appearance {material DEF LED-BLACK Material {
        ambientIntensity 0.494
        diffuseColor 0.1 0.05 0.1
        specularColor 0.6 0.5 0.6
        emissiveColor 0.0 0.0 0.0
        shininess 0.5
        transparency 0.15
        }
    }
}
Shape {
    appearance Appearance {material DEF GLASS-19 Material {
        ambientIntensity 0.2018212
        diffuseColor 0.400769 0.441922 0.459091
        specularColor 0.573887 0.649271 0.810811
        emissiveColor 0.000000 0.000000 0.000000
        shininess 0.127273
        transparency 0.37
        }
    }
}
Shape {
    appearance Appearance {material DEF GLASS-29 Material {
        ambientIntensity 0.379
        diffuseColor 0.859 0.738 0.496
        specularColor 0.137 0.145 0.184
        emissiveColor 0.0 0.0 0.0
        shininess 0.40
        transparency 0.39
        }
    }
}
Shape {
    appearance Appearance {material DEF GLASS-13 Material {
        ambientIntensity 0.250000
        diffuseColor 0.000000 0.631244 0.748016
        specularColor 0.915152 0.915152 0.915152
        emissiveColor 0.000000 0.000000 0.000000
        shininess 0.642424
        transparency 0.39
        }
    }
}
Shape {
    appearance Appearance {material DEF GLASS-GREEN Material {
        ambientIntensity 0.250000
        diffuseColor 0.000000 0.75 0.44
        specularColor 0.915152 0.915152 0.915152
        emissiveColor 0.000000 0.000000 0.000000
        shininess 0.642424
        transparency 0.39
        }
    }
}
Shape {
    appearance Appearance {material DEF GLASS-ORANGE Material {
        ambientIntensity 0.250000
        diffuseColor 0.75 0.44 0.000000
        specularColor 0.915152 0.915152 0.915152
        emissiveColor 0.000000 0.000000 0.000000
        shininess 0.642424
        transparency 0.39
        }
    }
}
Shape {
    appearance Appearance {material DEF BOARD-GREEN-02 Material {
        ambientIntensity 1
        diffuseColor 0.07 0.3 0.12
        specularColor 0.07 0.3 0.12
        emissiveColor 0.0 0.0 0.0
        shininess 0.40
        transparency 0.0
        }
    }
}
Shape {
    appearance Appearance {material DEF BOARD-BLUE-01 Material {
        ambientIntensity 1
        diffuseColor 0.07 0.12 0.3
        specularColor 0.07 0.12 0.3
        emissiveColor 0.0 0.0 0.0
        shininess 0.40
        transparency 0.0
        }
    }
}
Shape {
    appearance Appearance {material DEF BOARD-BLACK-03 Material {
        ambientIntensity 1
        diffuseColor 0.16 0.16 0.16
        specularColor 0.16 0.16 0.16
        emissiveColor 0.0 0.0 0.0
        shininess 0.40
        transparency 0.0
        }
    }
}
Shape {
    appearance Appearance {material DEF MET-ALUMINUM Material {
        ambientIntensity 0.256000
        diffuseColor 0.372322 0.371574 0.373173
        specularColor 0.556122 0.554201 0.556122
        emissiveColor 0.0 0.0 0.0
        shininess 0.127551
        transparency 0.0
        }
    }
}
Shape {
    appearance Appearance {material DEF MET-BRONZE Material {
        ambientIntensity 0.022727
        diffuseColor 0.714 0.4284 0.18144
        specularColor 0.393548 0.271906 0.166721
        emissiveColor 0.000000 0.000000 0.000000
        shininess 0.2
        transparency 0.0
        }
    }
}
Shape {
    appearance Appearance {material DEF MET-SILVER Material {
        ambientIntensity 0.022727
        diffuseColor 0.50754 0.50754 0.50754
        specularColor 0.508273 0.508273 0.508273
        emissiveColor 0.000000 0.000000 0.000000
        shininess 0.4
        transparency 0.0
        }
    }
}
Shape {
    appearance Appearance {material DEF MET-COPPER Material {
        ambientIntensity 0.022727
        diffuseColor 0.7038 0.27048 0.0828
        specularColor 0.780612 0.37 0.000000
        emissiveColor 0.000000 0.000000 0.000000
        shininess 0.2
        transparency 0.0
        }
    }
}
Shape { geometry IndexedFaceSet 
{ creaseAngle 1.00 coordIndex [0,1,2,-1,2,1,3,-1]
coord Coordinate { point [-2.50984 -0.974407 1.94882,-2.50984 0.994093 1.94882,-2.50984 -0.974407 0.019685,-2.50984 0.994093 0.019685]
}}
appearance Appearance{material Material{diffuseColor 0.447059 0.47451 0.501961
transparency 0}}}
Shape { geometry IndexedFaceSet 
{ creaseAngle 1.00 coordIndex [0,1,2,-1,0,3,1,-1,4,5,0,-1,4,0,2,-1,6,3,7,-1,6,1,3,-1,8,9,10,-1,11,7,8,-1,11,8,10,-1,11,6,7,-1]
coord Coordinate { point [-2.31299 -0.777557 1.94882,-2.50984 0.994093 1.94882,-2.50984 -0.974407 1.94882,-2.31299 0.797242 1.94882,-0.482283 -0.974408 1.94882,-0.482283 -0.777558 1.94882,2.49015 0.994092 1.94882,2.2933 0.797242 1.94882,2.2933 -0.777558 1.94882,0.462597 -0.777558 1.94882,0.462597 -0.974408 1.94882,2.49015 -0.974408 1.94882]
}}
appearance Appearance{material Material{diffuseColor 0.447059 0.47451 0.501961
transparency 0}}}
Shape { geometry IndexedFaceSet 
{ creaseAngle 1.00 coordIndex [0,1,2,-1,0,2,3,-1]
coord Coordinate { point [2.2933 -0.777558 1.94882,2.2933 0.797242 1.94882,2.17519 0.679132 1.83071,2.17519 -0.659448 1.83071]
}}
appearance Appearance{material Material{diffuseColor 0.447059 0.47451 0.501961
transparency 0}}}
Shape { geometry IndexedFaceSet 
{ creaseAngle 1.00 coordIndex [0,1,2,-1,3,1,0,-1]
coord Coordinate { point [2.17519 -0.659448 0.728345,2.17519 0.679132 1.83071,2.17519 0.679132 0.728345,2.17519 -0.659448 1.83071]
}}
appearance Appearance{material Material{diffuseColor 0.447059 0.47451 0.501961
transparency 0}}}
Shape { geometry IndexedFaceSet 
{ creaseAngle 1.00 coordIndex [0,1,2,-1,3,2,1,-1,4,5,1,-1,4,1,0,-1,6,3,1,-1,7,8,3,-1,7,3,6,-1,9,0,8,-1,9,4,0,-1,10,6,1,-1,11,5,4,-1,12,5,11,-1,13,9,8,-1,13,8,7,-1,14,15,10,-1,14,10,1,-1,16,12,9,-1,16,9,13,-1,17,15,14,-1,18,7,15,-1,18,13,7,-1,19,17,20,-1,19,18,15,-1,19,15,17,-1,21,19,20,-1,22,23,18,-1,22,18,19,-1,24,20,25,-1,24,25,26,-1,27,28,29,-1,30,21,20,-1,30,20,24,-1,31,30,24,-1,31,24,28,-1,32,21,30,-1,32,33,21,-1,34,28,27,-1,35,31,28,-1,35,28,34,-1,36,34,37,-1,36,35,34,-1,38,31,35,-1,38,39,31,-1,40,37,41,-1,40,41,27,-1,40,29,26,-1,40,25,14,-1,40,14,1,-1,40,26,25,-1,40,27,29,-1,42,37,40,-1,42,36,37,-1,42,38,43,-1,42,43,36,-1,42,5,12,-1,42,12,16,-1,42,16,23,-1,42,23,22,-1,42,22,33,-1,42,33,32,-1,42,32,39,-1,42,39,38,-1]
coord Coordinate { point [-1.08858 -0.161417 0.728345,-2.19488 -0.659447 0.728345,-1.08858 -0.318897 0.728345,-0.931101 -0.318897 0.728345,-1.08858 0.181102 0.728345,-2.19488 0.679133 0.728345,-0.588582 -0.318897 0.728345,-0.588582 -0.161417 0.728345,-0.931101 -0.161417 0.728345,-0.931101 0.181102 0.728345,-0.431102 -0.318897 0.728345,-1.08858 0.338582 0.728345,-0.931101 0.338582 0.728345,-0.588582 0.181102 0.728345,-0.0885825 -0.318897 0.728345,-0.431102 -0.161417 0.728345,-0.588582 0.338582 0.728345,-0.0885825 -0.161417 0.728345,-0.431102 0.181102 0.728345,-0.0885825 0.181102 0.728345,0.0688975 -0.161417 0.728345,0.0688975 0.181102 0.728345,-0.0885825 0.338582 0.728345,-0.431102 0.338582 0.728345,0.411416 -0.161417 0.728345,0.0688975 -0.318897 0.728345,0.411416 -0.318897 0.728345,0.911415 -0.318897 0.728345,0.568896 -0.161417 0.728345,0.568896 -0.318897 0.728345,0.411416 0.181102 0.728345,0.568896 0.181102 0.728345,0.411416 0.338582 0.728345,0.0688975 0.338582 0.728345,0.911415 -0.161417 0.728345,0.911415 0.181102 0.728345,1.0689 0.181102 0.728345,1.0689 -0.161417 0.728345,0.911415 0.338582 0.728345,0.568896 0.338582 0.728345,2.17519 -0.659448 0.728345,1.0689 -0.318897 0.728345,2.17519 0.679132 0.728345,1.0689 0.338582 0.728345]
}}
appearance Appearance{material Material{diffuseColor 0.447059 0.47451 0.501961
transparency 0}}}
Shape { geometry IndexedFaceSet 
{ creaseAngle 1.00 coordIndex [0,1,2,-1,2,1,3,-1]
coord Coordinate { point [-2.19488 0.679133 1.83071,-2.19488 -0.659447 1.83071,-2.19488 0.679133 0.728345,-2.19488 -0.659447 0.728345]
}}
appearance Appearance{material Material{diffuseColor 0.447059 0.47451 0.501961
transparency 0}}}
Shape { geometry IndexedFaceSet 
{ creaseAngle 1.00 coordIndex [0,1,2,-1,3,1,0,-1]
coord Coordinate { point [-2.31299 -0.777557 1.94882,-2.19488 0.679133 1.83071,-2.31299 0.797242 1.94882,-2.19488 -0.659447 1.83071]
}}
appearance Appearance{material Material{diffuseColor 0.447059 0.47451 0.501961
transparency 0}}}
Shape { geometry IndexedFaceSet 
{ creaseAngle 1.00 coordIndex [0,1,2,-1,0,2,3,-1]
coord Coordinate { point [-2.19488 0.679133 1.83071,2.17519 0.679132 1.83071,2.2933 0.797242 1.94882,-2.31299 0.797242 1.94882]
}}
appearance Appearance{material Material{diffuseColor 0.447059 0.47451 0.501961
transparency 0}}}
Shape { geometry IndexedFaceSet 
{ creaseAngle 1.00 coordIndex [0,1,2,-1,0,3,1,-1]
coord Coordinate { point [2.17519 0.679132 1.83071,-2.19488 0.679133 0.728345,2.17519 0.679132 0.728345,-2.19488 0.679133 1.83071]
}}
appearance Appearance{material Material{diffuseColor 0.447059 0.47451 0.501961
transparency 0}}}
Shape { geometry IndexedFaceSet 
{ creaseAngle 1.00 coordIndex [0,1,2,-1,3,1,0,-1]
coord Coordinate { point [-2.19488 -0.659447 1.83071,-0.482283 -0.777558 1.94882,-0.482283 -0.659448 1.83071,-2.31299 -0.777557 1.94882]
}}
appearance Appearance{material Material{diffuseColor 0.447059 0.47451 0.501961
transparency 0}}}
Shape { geometry IndexedFaceSet 
{ creaseAngle 1.00 coordIndex [0,1,2,-1,3,4,1,-1,1,4,2,-1]
coord Coordinate { point [-0.482283 -0.659448 0.885825,-0.482283 -0.659448 1.83071,-0.482283 -0.974408 0.885825,-0.482283 -0.777558 1.94882,-0.482283 -0.974408 1.94882]
}}
appearance Appearance{material Material{diffuseColor 0.447059 0.47451 0.501961
transparency 0}}}
Shape { geometry IndexedFaceSet 
{ creaseAngle 1.00 coordIndex [0,1,2,-1,0,3,1,-1]
coord Coordinate { point [0.462597 -0.659448 0.885825,-0.482283 -0.974408 0.885825,0.462597 -0.974408 0.885825,-0.482283 -0.659448 0.885825]
}}
appearance Appearance{material Material{diffuseColor 0.447059 0.47451 0.501961
transparency 0}}}
Shape { geometry IndexedFaceSet 
{ creaseAngle 1.00 coordIndex [0,1,2,-1,0,3,1,-1,1,4,2,-1,4,5,2,-1,6,7,4,-1,4,7,5,-1]
coord Coordinate { point [-2.19488 -0.659447 1.83071,-0.482283 -0.659448 0.885825,-2.19488 -0.659447 0.728345,-0.482283 -0.659448 1.83071,0.462597 -0.659448 0.885825,2.17519 -0.659448 0.728345,0.462597 -0.659448 1.83071,2.17519 -0.659448 1.83071]
}}
appearance Appearance{material Material{diffuseColor 0.447059 0.47451 0.501961
transparency 0}}}
Shape { geometry IndexedFaceSet 
{ creaseAngle 1.00 coordIndex [0,1,2,-1,0,2,3,-1]
coord Coordinate { point [0.462597 -0.777558 1.94882,2.2933 -0.777558 1.94882,2.17519 -0.659448 1.83071,0.462597 -0.659448 1.83071]
}}
appearance Appearance{material Material{diffuseColor 0.447059 0.47451 0.501961
transparency 0}}}
Shape { geometry IndexedFaceSet 
{ creaseAngle 1.00 coordIndex [0,1,2,-1,3,1,4,-1,4,1,0,-1]
coord Coordinate { point [0.462597 -0.974408 0.885825,0.462597 -0.659448 1.83071,0.462597 -0.659448 0.885825,0.462597 -0.777558 1.94882,0.462597 -0.974408 1.94882]
}}
appearance Appearance{material Material{diffuseColor 0.447059 0.47451 0.501961
transparency 0}}}
Shape { geometry IndexedFaceSet 
{ creaseAngle 1.00 coordIndex [0,1,2,-1,3,0,2,-1,4,1,5,-1,4,2,1,-1,6,0,3,-1,7,5,0,-1,7,4,5,-1,7,0,6,-1,8,6,3,-1,9,7,6,-1,10,7,9,-1,11,9,12,-1,11,10,9,-1,13,7,10,-1,14,15,7,-1,14,7,13,-1,16,13,17,-1,16,14,13,-1,18,15,14,-1,19,15,18,-1,20,18,21,-1,20,19,18,-1,22,15,19,-1,23,24,15,-1,25,15,22,-1,26,22,27,-1,26,25,22,-1,28,23,15,-1,28,15,25,-1,29,28,30,-1,29,23,28,-1]
coord Coordinate { point [-1.07283 -0.974407 1.51857,-1.23031 -0.974407 1.79134,-2.50984 -0.974407 1.94882,-2.50984 -0.974407 0.019685,-0.482283 -0.974408 1.94882,-0.915353 -0.974408 1.79134,-1.19488 -0.974407 0.216535,-0.482283 -0.974408 0.885825,-1.19488 -0.974407 0.019685,-0.824802 -0.974407 0.216535,-0.694881 -0.974407 0.216535,-0.694881 -0.974407 0.019685,-0.824802 -0.974407 0.019685,-0.324803 -0.974407 0.216535,-0.194882 -0.974407 0.216535,0.462597 -0.974408 0.885825,-0.194882 -0.974407 0.019685,-0.324803 -0.974407 0.019685,0.175196 -0.974407 0.216535,0.305117 -0.974407 0.216535,0.305117 -0.974407 0.019685,0.175196 -0.974407 0.019685,0.675195 -0.974408 0.216535,2.49015 -0.974408 1.94882,0.462597 -0.974408 1.94882,0.805116 -0.974408 0.216535,0.805116 -0.974408 0.019685,0.675195 -0.974408 0.019685,1.17519 -0.974408 0.216535,2.49015 -0.974408 0.019685,1.17519 -0.974408 0.019685]
}}
appearance Appearance{material Material{diffuseColor 0.447059 0.47451 0.501961
transparency 0}}}
Shape { geometry IndexedFaceSet 
{ creaseAngle 1.00 coordIndex [0,1,2,-1,0,2,3,-1]
coord Coordinate { point [2.49015 0.994092 1.94882,2.49015 -0.974408 1.94882,2.49015 -0.974408 0.019685,2.49015 0.994092 0.019685]
}}
appearance Appearance{material Material{diffuseColor 0.447059 0.47451 0.501961
transparency 0}}}
Shape { geometry IndexedFaceSet 
{ creaseAngle 1.00 coordIndex [0,1,2,-1,3,4,0,-1,3,0,2,-1,5,6,7,-1,5,7,4,-1,5,4,3,-1,8,5,3,-1,9,10,11,-1,9,11,8,-1,9,8,3,-1,12,13,14,-1,12,9,3,-1,15,13,12,-1,16,17,18,-1,16,18,19,-1,20,21,22,-1,23,22,16,-1,23,19,15,-1,23,16,19,-1,23,12,3,-1,23,15,12,-1,23,20,22,-1]
coord Coordinate { point [-1.19488 0.994092 0.216535,-1.19488 0.994092 0.019685,-2.50984 0.994093 0.019685,-2.50984 0.994093 1.94882,-0.824802 0.994092 0.216535,-0.694881 0.994092 0.216535,-0.694881 0.994092 0.019685,-0.824802 0.994092 0.019685,-0.324803 0.994092 0.216535,-0.194882 0.994092 0.216535,-0.194882 0.994092 0.019685,-0.324803 0.994092 0.019685,0.175196 0.994092 0.216535,0.305117 0.994092 0.019685,0.175196 0.994092 0.019685,0.305117 0.994092 0.216535,0.805116 0.994092 0.216535,0.805116 0.994092 0.019685,0.675195 0.994092 0.019685,0.675195 0.994092 0.216535,2.49015 0.994092 0.019685,1.17519 0.994092 0.019685,1.17519 0.994092 0.216535,2.49015 0.994092 1.94882]
}}
appearance Appearance{material Material{diffuseColor 0.447059 0.47451 0.501961
transparency 0}}}
Shape { geometry IndexedFaceSet 
{ creaseAngle 1.00 coordIndex [0,1,2,-1,2,1,3,-1]
coord Coordinate { point [-0.824802 -0.974407 0.019685,-0.824802 -0.974407 0.216535,-0.824802 0.994092 0.019685,-0.824802 0.994092 0.216535]
}}
appearance Appearance{material Material{diffuseColor 0.447059 0.47451 0.501961
transparency 0}}}
Shape { geometry IndexedFaceSet 
{ creaseAngle 1.00 coordIndex [0,1,2,-1,3,1,0,-1,4,5,6,-1,7,5,4,-1,8,9,10,-1,9,11,10,-1,0,9,3,-1,3,9,4,-1,4,9,7,-1,7,9,8,-1,11,2,10,-1,10,2,5,-1,5,2,6,-1,6,2,1,-1]
coord Coordinate { point [-0.824802 0.994092 0.216535,-1.10827 0.358267 0.216535,-1.19488 0.994092 0.216535,-0.911416 0.358267 0.216535,-0.911416 0.161417 0.216535,-1.10827 -0.141732 0.216535,-1.10827 0.161417 0.216535,-0.911416 -0.141732 0.216535,-0.911416 -0.338582 0.216535,-0.824802 -0.974407 0.216535,-1.10827 -0.338582 0.216535,-1.19488 -0.974407 0.216535]
}}
appearance Appearance{material Material{diffuseColor 0.447059 0.47451 0.501961
transparency 0}}}
Shape { geometry IndexedFaceSet 
{ creaseAngle 1.00 coordIndex [0,1,2,-1,2,1,3,-1]
coord Coordinate { point [-1.19488 -0.974407 0.216535,-1.19488 -0.974407 0.019685,-1.19488 0.994092 0.216535,-1.19488 0.994092 0.019685]
}}
appearance Appearance{material Material{diffuseColor 0.447059 0.47451 0.501961
transparency 0}}}
Shape { geometry IndexedFaceSet 
{ creaseAngle 1.00 coordIndex [0,1,2,-1,0,2,3,-1]
coord Coordinate { point [-1.19488 0.994092 0.019685,-1.19488 -0.974407 0.019685,-2.50984 -0.974407 0.019685,-2.50984 0.994093 0.019685]
}}
appearance Appearance{material Material{diffuseColor 0.447059 0.47451 0.501961
transparency 0}}}
Shape { geometry IndexedFaceSet 
{ creaseAngle 1.00 coordIndex [0,1,2,-1,0,2,3,-1]
coord Coordinate { point [-1.08858 -0.318897 0.23622,-1.10827 -0.338582 0.216535,-1.10827 -0.141732 0.216535,-1.08858 -0.161417 0.23622]
}}
appearance Appearance{material Material{diffuseColor 0.447059 0.47451 0.501961
transparency 0}}}
Shape { geometry IndexedFaceSet 
{ creaseAngle 1.00 coordIndex [0,1,2,-1,2,1,3,-1]
coord Coordinate { point [-1.08858 -0.318897 0.23622,-1.08858 -0.161417 0.23622,-1.08858 -0.318897 0.728345,-1.08858 -0.161417 0.728345]
}}
appearance Appearance{material Material{diffuseColor 0.447059 0.47451 0.501961
transparency 0}}}
Shape { geometry IndexedFaceSet 
{ creaseAngle 1.00 coordIndex [0,1,2,-1,2,1,3,-1]
coord Coordinate { point [-0.931101 -0.318897 0.23622,-1.08858 -0.318897 0.23622,-0.931101 -0.318897 0.728345,-1.08858 -0.318897 0.728345]
}}
appearance Appearance{material Material{diffuseColor 0.447059 0.47451 0.501961
transparency 0}}}
Shape { geometry IndexedFaceSet 
{ creaseAngle 1.00 coordIndex [0,1,2,-1,0,3,1,-1]
coord Coordinate { point [-0.931101 -0.318897 0.23622,-1.10827 -0.338582 0.216535,-1.08858 -0.318897 0.23622,-0.911416 -0.338582 0.216535]
}}
appearance Appearance{material Material{diffuseColor 0.447059 0.47451 0.501961
transparency 0}}}
Shape { geometry IndexedFaceSet 
{ creaseAngle 1.00 coordIndex [0,1,2,-1,0,3,1,-1]
coord Coordinate { point [-0.931101 -0.161417 0.23622,-0.911416 -0.338582 0.216535,-0.931101 -0.318897 0.23622,-0.911416 -0.141732 0.216535]
}}
appearance Appearance{material Material{diffuseColor 0.447059 0.47451 0.501961
transparency 0}}}
Shape { geometry IndexedFaceSet 
{ creaseAngle 1.00 coordIndex [0,1,2,-1,0,2,3,-1]
coord Coordinate { point [-1.08858 -0.161417 0.23622,-1.10827 -0.141732 0.216535,-0.911416 -0.141732 0.216535,-0.931101 -0.161417 0.23622]
}}
appearance Appearance{material Material{diffuseColor 0.447059 0.47451 0.501961
transparency 0}}}
Shape { geometry IndexedFaceSet 
{ creaseAngle 1.00 coordIndex [0,1,2,-1,2,1,3,-1]
coord Coordinate { point [-1.08858 -0.161417 0.23622,-0.931101 -0.161417 0.23622,-1.08858 -0.161417 0.728345,-0.931101 -0.161417 0.728345]
}}
appearance Appearance{material Material{diffuseColor 0.447059 0.47451 0.501961
transparency 0}}}
Shape { geometry IndexedFaceSet 
{ creaseAngle 1.00 coordIndex [0,1,2,-1,2,1,3,-1]
coord Coordinate { point [-0.931101 -0.161417 0.23622,-0.931101 -0.318897 0.23622,-0.931101 -0.161417 0.728345,-0.931101 -0.318897 0.728345]
}}
appearance Appearance{material Material{diffuseColor 0.447059 0.47451 0.501961
transparency 0}}}
Shape { geometry IndexedFaceSet 
{ creaseAngle 1.00 coordIndex [0,1,2,-1,0,3,1,-1]
coord Coordinate { point [-0.931101 0.338582 0.23622,-0.911416 0.161417 0.216535,-0.931101 0.181102 0.23622,-0.911416 0.358267 0.216535]
}}
appearance Appearance{material Material{diffuseColor 0.447059 0.47451 0.501961
transparency 0}}}
Shape { geometry IndexedFaceSet 
{ creaseAngle 1.00 coordIndex [0,1,2,-1,0,3,1,-1]
coord Coordinate { point [-1.08858 0.338582 0.23622,-0.911416 0.358267 0.216535,-0.931101 0.338582 0.23622,-1.10827 0.358267 0.216535]
}}
appearance Appearance{material Material{diffuseColor 0.447059 0.47451 0.501961
transparency 0}}}
Shape { geometry IndexedFaceSet 
{ creaseAngle 1.00 coordIndex [0,1,2,-1,0,2,3,-1]
coord Coordinate { point [-1.08858 0.181102 0.23622,-1.10827 0.161417 0.216535,-1.10827 0.358267 0.216535,-1.08858 0.338582 0.23622]
}}
appearance Appearance{material Material{diffuseColor 0.447059 0.47451 0.501961
transparency 0}}}
Shape { geometry IndexedFaceSet 
{ creaseAngle 1.00 coordIndex [0,1,2,-1,2,1,3,-1]
coord Coordinate { point [-1.08858 0.181102 0.23622,-1.08858 0.338582 0.23622,-1.08858 0.181102 0.728345,-1.08858 0.338582 0.728345]
}}
appearance Appearance{material Material{diffuseColor 0.447059 0.47451 0.501961
transparency 0}}}
Shape { geometry IndexedFaceSet 
{ creaseAngle 1.00 coordIndex [0,1,2,-1,2,1,3,-1]
coord Coordinate { point [-0.931101 0.181102 0.23622,-1.08858 0.181102 0.23622,-0.931101 0.181102 0.728345,-1.08858 0.181102 0.728345]
}}
appearance Appearance{material Material{diffuseColor 0.447059 0.47451 0.501961
transparency 0}}}
Shape { geometry IndexedFaceSet 
{ creaseAngle 1.00 coordIndex [0,1,2,-1,0,2,3,-1]
coord Coordinate { point [-0.931101 0.181102 0.23622,-0.911416 0.161417 0.216535,-1.10827 0.161417 0.216535,-1.08858 0.181102 0.23622]
}}
appearance Appearance{material Material{diffuseColor 0.447059 0.47451 0.501961
transparency 0}}}
Shape { geometry IndexedFaceSet 
{ creaseAngle 1.00 coordIndex [0,1,2,-1,2,1,3,-1]
coord Coordinate { point [-0.931101 0.338582 0.23622,-0.931101 0.181102 0.23622,-0.931101 0.338582 0.728345,-0.931101 0.181102 0.728345]
}}
appearance Appearance{material Material{diffuseColor 0.447059 0.47451 0.501961
transparency 0}}}
Shape { geometry IndexedFaceSet 
{ creaseAngle 1.00 coordIndex [0,1,2,-1,2,1,3,-1]
coord Coordinate { point [-1.08858 0.338582 0.23622,-0.931101 0.338582 0.23622,-1.08858 0.338582 0.728345,-0.931101 0.338582 0.728345]
}}
appearance Appearance{material Material{diffuseColor 0.447059 0.47451 0.501961
transparency 0}}}
Shape { geometry IndexedFaceSet 
{ creaseAngle 1.00 coordIndex [0,1,2,-1,0,2,3,-1]
coord Coordinate { point [-0.694881 0.994092 0.019685,-0.694881 -0.974407 0.019685,-0.824802 -0.974407 0.019685,-0.824802 0.994092 0.019685]
}}
appearance Appearance{material Material{diffuseColor 0.447059 0.47451 0.501961
transparency 0}}}
Shape { geometry IndexedFaceSet 
{ creaseAngle 1.00 coordIndex [0,1,2,-1,2,1,3,-1]
coord Coordinate { point [-0.694881 -0.974407 0.216535,-0.694881 -0.974407 0.019685,-0.694881 0.994092 0.216535,-0.694881 0.994092 0.019685]
}}
appearance Appearance{material Material{diffuseColor 0.447059 0.47451 0.501961
transparency 0}}}
Shape { geometry IndexedFaceSet 
{ creaseAngle 1.00 coordIndex [0,1,2,-1,3,1,0,-1,4,5,6,-1,7,5,4,-1,8,9,10,-1,9,11,10,-1,0,9,3,-1,3,9,4,-1,4,9,7,-1,7,9,8,-1,11,2,10,-1,10,2,5,-1,5,2,6,-1,6,2,1,-1]
coord Coordinate { point [-0.324803 0.994092 0.216535,-0.608267 0.358267 0.216535,-0.694881 0.994092 0.216535,-0.411417 0.358267 0.216535,-0.411417 0.161417 0.216535,-0.608267 -0.141732 0.216535,-0.608267 0.161417 0.216535,-0.411417 -0.141732 0.216535,-0.411417 -0.338582 0.216535,-0.324803 -0.974407 0.216535,-0.608267 -0.338582 0.216535,-0.694881 -0.974407 0.216535]
}}
appearance Appearance{material Material{diffuseColor 0.447059 0.47451 0.501961
transparency 0}}}
Shape { geometry IndexedFaceSet 
{ creaseAngle 1.00 coordIndex [0,1,2,-1,2,1,3,-1]
coord Coordinate { point [-0.324803 -0.974407 0.019685,-0.324803 -0.974407 0.216535,-0.324803 0.994092 0.019685,-0.324803 0.994092 0.216535]
}}
appearance Appearance{material Material{diffuseColor 0.447059 0.47451 0.501961
transparency 0}}}
Shape { geometry IndexedFaceSet 
{ creaseAngle 1.00 coordIndex [0,1,2,-1,0,2,3,-1]
coord Coordinate { point [-0.194882 0.994092 0.019685,-0.194882 -0.974407 0.019685,-0.324803 -0.974407 0.019685,-0.324803 0.994092 0.019685]
}}
appearance Appearance{material Material{diffuseColor 0.447059 0.47451 0.501961
transparency 0}}}
Shape { geometry IndexedFaceSet 
{ creaseAngle 1.00 coordIndex [0,1,2,-1,2,1,3,-1]
coord Coordinate { point [-0.194882 -0.974407 0.216535,-0.194882 -0.974407 0.019685,-0.194882 0.994092 0.216535,-0.194882 0.994092 0.019685]
}}
appearance Appearance{material Material{diffuseColor 0.447059 0.47451 0.501961
transparency 0}}}
Shape { geometry IndexedFaceSet 
{ creaseAngle 1.00 coordIndex [0,1,2,-1,3,1,0,-1,4,5,6,-1,7,5,4,-1,8,9,10,-1,11,9,8,-1,0,11,3,-1,3,11,4,-1,4,11,7,-1,7,11,8,-1,9,2,10,-1,10,2,5,-1,5,2,6,-1,6,2,1,-1]
coord Coordinate { point [0.175196 0.994092 0.216535,-0.108268 0.358267 0.216535,-0.194882 0.994092 0.216535,0.0885825 0.358267 0.216535,0.0885825 0.161417 0.216535,-0.108268 -0.141732 0.216535,-0.108268 0.161417 0.216535,0.0885825 -0.141732 0.216535,0.0885825 -0.338582 0.216535,-0.194882 -0.974407 0.216535,-0.108268 -0.338582 0.216535,0.175196 -0.974407 0.216535]
}}
appearance Appearance{material Material{diffuseColor 0.447059 0.47451 0.501961
transparency 0}}}
Shape { geometry IndexedFaceSet 
{ creaseAngle 1.00 coordIndex [0,1,2,-1,2,1,3,-1]
coord Coordinate { point [0.175196 -0.974407 0.019685,0.175196 -0.974407 0.216535,0.175196 0.994092 0.019685,0.175196 0.994092 0.216535]
}}
appearance Appearance{material Material{diffuseColor 0.447059 0.47451 0.501961
transparency 0}}}
Shape { geometry IndexedFaceSet 
{ creaseAngle 1.00 coordIndex [0,1,2,-1,0,2,3,-1]
coord Coordinate { point [0.305117 0.994092 0.019685,0.305117 -0.974407 0.019685,0.175196 -0.974407 0.019685,0.175196 0.994092 0.019685]
}}
appearance Appearance{material Material{diffuseColor 0.447059 0.47451 0.501961
transparency 0}}}
Shape { geometry IndexedFaceSet 
{ creaseAngle 1.00 coordIndex [0,1,2,-1,2,1,3,-1]
coord Coordinate { point [0.305117 -0.974407 0.216535,0.305117 -0.974407 0.019685,0.305117 0.994092 0.216535,0.305117 0.994092 0.019685]
}}
appearance Appearance{material Material{diffuseColor 0.447059 0.47451 0.501961
transparency 0}}}
Shape { geometry IndexedFaceSet 
{ creaseAngle 1.00 coordIndex [0,1,2,-1,3,1,0,-1,4,5,6,-1,7,5,4,-1,8,9,10,-1,11,9,8,-1,0,11,3,-1,3,11,4,-1,4,11,7,-1,7,11,8,-1,9,2,10,-1,10,2,5,-1,5,2,6,-1,6,2,1,-1]
coord Coordinate { point [0.675195 0.994092 0.216535,0.391731 0.358267 0.216535,0.305117 0.994092 0.216535,0.588581 0.358267 0.216535,0.588581 0.161417 0.216535,0.391731 -0.141732 0.216535,0.391731 0.161417 0.216535,0.588581 -0.141732 0.216535,0.588581 -0.338582 0.216535,0.305117 -0.974407 0.216535,0.391731 -0.338582 0.216535,0.675195 -0.974408 0.216535]
}}
appearance Appearance{material Material{diffuseColor 0.447059 0.47451 0.501961
transparency 0}}}
Shape { geometry IndexedFaceSet 
{ creaseAngle 1.00 coordIndex [0,1,2,-1,2,1,3,-1]
coord Coordinate { point [0.675195 -0.974408 0.019685,0.675195 -0.974408 0.216535,0.675195 0.994092 0.019685,0.675195 0.994092 0.216535]
}}
appearance Appearance{material Material{diffuseColor 0.447059 0.47451 0.501961
transparency 0}}}
Shape { geometry IndexedFaceSet 
{ creaseAngle 1.00 coordIndex [0,1,2,-1,0,2,3,-1]
coord Coordinate { point [0.805116 0.994092 0.019685,0.805116 -0.974408 0.019685,0.675195 -0.974408 0.019685,0.675195 0.994092 0.019685]
}}
appearance Appearance{material Material{diffuseColor 0.447059 0.47451 0.501961
transparency 0}}}
Shape { geometry IndexedFaceSet 
{ creaseAngle 1.00 coordIndex [0,1,2,-1,2,1,3,-1]
coord Coordinate { point [0.805116 -0.974408 0.216535,0.805116 -0.974408 0.019685,0.805116 0.994092 0.216535,0.805116 0.994092 0.019685]
}}
appearance Appearance{material Material{diffuseColor 0.447059 0.47451 0.501961
transparency 0}}}
Shape { geometry IndexedFaceSet 
{ creaseAngle 1.00 coordIndex [0,1,2,-1,3,1,0,-1,4,5,6,-1,7,5,4,-1,8,9,10,-1,11,9,8,-1,0,11,3,-1,3,11,4,-1,4,11,7,-1,7,11,8,-1,9,2,10,-1,10,2,5,-1,5,2,6,-1,6,2,1,-1]
coord Coordinate { point [1.17519 0.994092 0.216535,0.89173 0.358267 0.216535,0.805116 0.994092 0.216535,1.08858 0.358267 0.216535,1.08858 0.161417 0.216535,0.89173 -0.141732 0.216535,0.89173 0.161417 0.216535,1.08858 -0.141732 0.216535,1.08858 -0.338582 0.216535,0.805116 -0.974408 0.216535,0.89173 -0.338582 0.216535,1.17519 -0.974408 0.216535]
}}
appearance Appearance{material Material{diffuseColor 0.447059 0.47451 0.501961
transparency 0}}}
Shape { geometry IndexedFaceSet 
{ creaseAngle 1.00 coordIndex [0,1,2,-1,2,1,3,-1]
coord Coordinate { point [1.17519 -0.974408 0.019685,1.17519 -0.974408 0.216535,1.17519 0.994092 0.019685,1.17519 0.994092 0.216535]
}}
appearance Appearance{material Material{diffuseColor 0.447059 0.47451 0.501961
transparency 0}}}
Shape { geometry IndexedFaceSet 
{ creaseAngle 1.00 coordIndex [0,1,2,-1,0,2,3,-1]
coord Coordinate { point [2.49015 0.994092 0.019685,2.49015 -0.974408 0.019685,1.17519 -0.974408 0.019685,1.17519 0.994092 0.019685]
}}
appearance Appearance{material Material{diffuseColor 0.447059 0.47451 0.501961
transparency 0}}}
Shape { geometry IndexedFaceSet 
{ creaseAngle 1.00 coordIndex [0,1,2,-1,0,2,3,-1]
coord Coordinate { point [0.911415 -0.318897 0.23622,0.89173 -0.338582 0.216535,0.89173 -0.141732 0.216535,0.911415 -0.161417 0.23622]
}}
appearance Appearance{material Material{diffuseColor 0.447059 0.47451 0.501961
transparency 0}}}
Shape { geometry IndexedFaceSet 
{ creaseAngle 1.00 coordIndex [0,1,2,-1,2,1,3,-1]
coord Coordinate { point [0.911415 -0.318897 0.23622,0.911415 -0.161417 0.23622,0.911415 -0.318897 0.728345,0.911415 -0.161417 0.728345]
}}
appearance Appearance{material Material{diffuseColor 0.447059 0.47451 0.501961
transparency 0}}}
Shape { geometry IndexedFaceSet 
{ creaseAngle 1.00 coordIndex [0,1,2,-1,2,1,3,-1]
coord Coordinate { point [1.0689 -0.318897 0.23622,0.911415 -0.318897 0.23622,1.0689 -0.318897 0.728345,0.911415 -0.318897 0.728345]
}}
appearance Appearance{material Material{diffuseColor 0.447059 0.47451 0.501961
transparency 0}}}
Shape { geometry IndexedFaceSet 
{ creaseAngle 1.00 coordIndex [0,1,2,-1,0,3,1,-1]
coord Coordinate { point [1.0689 -0.318897 0.23622,0.89173 -0.338582 0.216535,0.911415 -0.318897 0.23622,1.08858 -0.338582 0.216535]
}}
appearance Appearance{material Material{diffuseColor 0.447059 0.47451 0.501961
transparency 0}}}
Shape { geometry IndexedFaceSet 
{ creaseAngle 1.00 coordIndex [0,1,2,-1,0,3,1,-1]
coord Coordinate { point [1.0689 -0.161417 0.23622,1.08858 -0.338582 0.216535,1.0689 -0.318897 0.23622,1.08858 -0.141732 0.216535]
}}
appearance Appearance{material Material{diffuseColor 0.447059 0.47451 0.501961
transparency 0}}}
Shape { geometry IndexedFaceSet 
{ creaseAngle 1.00 coordIndex [0,1,2,-1,0,2,3,-1]
coord Coordinate { point [0.911415 -0.161417 0.23622,0.89173 -0.141732 0.216535,1.08858 -0.141732 0.216535,1.0689 -0.161417 0.23622]
}}
appearance Appearance{material Material{diffuseColor 0.447059 0.47451 0.501961
transparency 0}}}
Shape { geometry IndexedFaceSet 
{ creaseAngle 1.00 coordIndex [0,1,2,-1,2,1,3,-1]
coord Coordinate { point [0.911415 -0.161417 0.23622,1.0689 -0.161417 0.23622,0.911415 -0.161417 0.728345,1.0689 -0.161417 0.728345]
}}
appearance Appearance{material Material{diffuseColor 0.447059 0.47451 0.501961
transparency 0}}}
Shape { geometry IndexedFaceSet 
{ creaseAngle 1.00 coordIndex [0,1,2,-1,2,1,3,-1]
coord Coordinate { point [1.0689 -0.161417 0.23622,1.0689 -0.318897 0.23622,1.0689 -0.161417 0.728345,1.0689 -0.318897 0.728345]
}}
appearance Appearance{material Material{diffuseColor 0.447059 0.47451 0.501961
transparency 0}}}
Shape { geometry IndexedFaceSet 
{ creaseAngle 1.00 coordIndex [0,1,2,-1,0,3,1,-1]
coord Coordinate { point [1.0689 0.338582 0.23622,1.08858 0.161417 0.216535,1.0689 0.181102 0.23622,1.08858 0.358267 0.216535]
}}
appearance Appearance{material Material{diffuseColor 0.447059 0.47451 0.501961
transparency 0}}}
Shape { geometry IndexedFaceSet 
{ creaseAngle 1.00 coordIndex [0,1,2,-1,0,3,1,-1]
coord Coordinate { point [0.911415 0.338582 0.23622,1.08858 0.358267 0.216535,1.0689 0.338582 0.23622,0.89173 0.358267 0.216535]
}}
appearance Appearance{material Material{diffuseColor 0.447059 0.47451 0.501961
transparency 0}}}
Shape { geometry IndexedFaceSet 
{ creaseAngle 1.00 coordIndex [0,1,2,-1,0,2,3,-1]
coord Coordinate { point [0.911415 0.181102 0.23622,0.89173 0.161417 0.216535,0.89173 0.358267 0.216535,0.911415 0.338582 0.23622]
}}
appearance Appearance{material Material{diffuseColor 0.447059 0.47451 0.501961
transparency 0}}}
Shape { geometry IndexedFaceSet 
{ creaseAngle 1.00 coordIndex [0,1,2,-1,2,1,3,-1]
coord Coordinate { point [0.911415 0.181102 0.23622,0.911415 0.338582 0.23622,0.911415 0.181102 0.728345,0.911415 0.338582 0.728345]
}}
appearance Appearance{material Material{diffuseColor 0.447059 0.47451 0.501961
transparency 0}}}
Shape { geometry IndexedFaceSet 
{ creaseAngle 1.00 coordIndex [0,1,2,-1,2,1,3,-1]
coord Coordinate { point [1.0689 0.181102 0.23622,0.911415 0.181102 0.23622,1.0689 0.181102 0.728345,0.911415 0.181102 0.728345]
}}
appearance Appearance{material Material{diffuseColor 0.447059 0.47451 0.501961
transparency 0}}}
Shape { geometry IndexedFaceSet 
{ creaseAngle 1.00 coordIndex [0,1,2,-1,0,2,3,-1]
coord Coordinate { point [1.0689 0.181102 0.23622,1.08858 0.161417 0.216535,0.89173 0.161417 0.216535,0.911415 0.181102 0.23622]
}}
appearance Appearance{material Material{diffuseColor 0.447059 0.47451 0.501961
transparency 0}}}
Shape { geometry IndexedFaceSet 
{ creaseAngle 1.00 coordIndex [0,1,2,-1,2,1,3,-1]
coord Coordinate { point [1.0689 0.338582 0.23622,1.0689 0.181102 0.23622,1.0689 0.338582 0.728345,1.0689 0.181102 0.728345]
}}
appearance Appearance{material Material{diffuseColor 0.447059 0.47451 0.501961
transparency 0}}}
Shape { geometry IndexedFaceSet 
{ creaseAngle 1.00 coordIndex [0,1,2,-1,2,1,3,-1]
coord Coordinate { point [0.911415 0.338582 0.23622,1.0689 0.338582 0.23622,0.911415 0.338582 0.728345,1.0689 0.338582 0.728345]
}}
appearance Appearance{material Material{diffuseColor 0.447059 0.47451 0.501961
transparency 0}}}
Shape { geometry IndexedFaceSet 
{ creaseAngle 1.00 coordIndex [0,1,2,-1,0,2,3,-1]
coord Coordinate { point [0.411416 -0.318897 0.23622,0.391731 -0.338582 0.216535,0.391731 -0.141732 0.216535,0.411416 -0.161417 0.23622]
}}
appearance Appearance{material Material{diffuseColor 0.447059 0.47451 0.501961
transparency 0}}}
Shape { geometry IndexedFaceSet 
{ creaseAngle 1.00 coordIndex [0,1,2,-1,2,1,3,-1]
coord Coordinate { point [0.411416 -0.318897 0.23622,0.411416 -0.161417 0.23622,0.411416 -0.318897 0.728345,0.411416 -0.161417 0.728345]
}}
appearance Appearance{material Material{diffuseColor 0.447059 0.47451 0.501961
transparency 0}}}
Shape { geometry IndexedFaceSet 
{ creaseAngle 1.00 coordIndex [0,1,2,-1,2,1,3,-1]
coord Coordinate { point [0.568896 -0.318897 0.23622,0.411416 -0.318897 0.23622,0.568896 -0.318897 0.728345,0.411416 -0.318897 0.728345]
}}
appearance Appearance{material Material{diffuseColor 0.447059 0.47451 0.501961
transparency 0}}}
Shape { geometry IndexedFaceSet 
{ creaseAngle 1.00 coordIndex [0,1,2,-1,0,3,1,-1]
coord Coordinate { point [0.568896 -0.318897 0.23622,0.391731 -0.338582 0.216535,0.411416 -0.318897 0.23622,0.588581 -0.338582 0.216535]
}}
appearance Appearance{material Material{diffuseColor 0.447059 0.47451 0.501961
transparency 0}}}
Shape { geometry IndexedFaceSet 
{ creaseAngle 1.00 coordIndex [0,1,2,-1,0,3,1,-1]
coord Coordinate { point [0.568896 -0.161417 0.23622,0.588581 -0.338582 0.216535,0.568896 -0.318897 0.23622,0.588581 -0.141732 0.216535]
}}
appearance Appearance{material Material{diffuseColor 0.447059 0.47451 0.501961
transparency 0}}}
Shape { geometry IndexedFaceSet 
{ creaseAngle 1.00 coordIndex [0,1,2,-1,0,2,3,-1]
coord Coordinate { point [0.411416 -0.161417 0.23622,0.391731 -0.141732 0.216535,0.588581 -0.141732 0.216535,0.568896 -0.161417 0.23622]
}}
appearance Appearance{material Material{diffuseColor 0.447059 0.47451 0.501961
transparency 0}}}
Shape { geometry IndexedFaceSet 
{ creaseAngle 1.00 coordIndex [0,1,2,-1,2,1,3,-1]
coord Coordinate { point [0.411416 -0.161417 0.23622,0.568896 -0.161417 0.23622,0.411416 -0.161417 0.728345,0.568896 -0.161417 0.728345]
}}
appearance Appearance{material Material{diffuseColor 0.447059 0.47451 0.501961
transparency 0}}}
Shape { geometry IndexedFaceSet 
{ creaseAngle 1.00 coordIndex [0,1,2,-1,2,1,3,-1]
coord Coordinate { point [0.568896 -0.161417 0.23622,0.568896 -0.318897 0.23622,0.568896 -0.161417 0.728345,0.568896 -0.318897 0.728345]
}}
appearance Appearance{material Material{diffuseColor 0.447059 0.47451 0.501961
transparency 0}}}
Shape { geometry IndexedFaceSet 
{ creaseAngle 1.00 coordIndex [0,1,2,-1,0,3,1,-1]
coord Coordinate { point [0.568896 0.338582 0.23622,0.588581 0.161417 0.216535,0.568896 0.181102 0.23622,0.588581 0.358267 0.216535]
}}
appearance Appearance{material Material{diffuseColor 0.447059 0.47451 0.501961
transparency 0}}}
Shape { geometry IndexedFaceSet 
{ creaseAngle 1.00 coordIndex [0,1,2,-1,0,3,1,-1]
coord Coordinate { point [0.411416 0.338582 0.23622,0.588581 0.358267 0.216535,0.568896 0.338582 0.23622,0.391731 0.358267 0.216535]
}}
appearance Appearance{material Material{diffuseColor 0.447059 0.47451 0.501961
transparency 0}}}
Shape { geometry IndexedFaceSet 
{ creaseAngle 1.00 coordIndex [0,1,2,-1,0,2,3,-1]
coord Coordinate { point [0.411416 0.181102 0.23622,0.391731 0.161417 0.216535,0.391731 0.358267 0.216535,0.411416 0.338582 0.23622]
}}
appearance Appearance{material Material{diffuseColor 0.447059 0.47451 0.501961
transparency 0}}}
Shape { geometry IndexedFaceSet 
{ creaseAngle 1.00 coordIndex [0,1,2,-1,2,1,3,-1]
coord Coordinate { point [0.411416 0.181102 0.23622,0.411416 0.338582 0.23622,0.411416 0.181102 0.728345,0.411416 0.338582 0.728345]
}}
appearance Appearance{material Material{diffuseColor 0.447059 0.47451 0.501961
transparency 0}}}
Shape { geometry IndexedFaceSet 
{ creaseAngle 1.00 coordIndex [0,1,2,-1,2,1,3,-1]
coord Coordinate { point [0.568896 0.181102 0.23622,0.411416 0.181102 0.23622,0.568896 0.181102 0.728345,0.411416 0.181102 0.728345]
}}
appearance Appearance{material Material{diffuseColor 0.447059 0.47451 0.501961
transparency 0}}}
Shape { geometry IndexedFaceSet 
{ creaseAngle 1.00 coordIndex [0,1,2,-1,0,2,3,-1]
coord Coordinate { point [0.568896 0.181102 0.23622,0.588581 0.161417 0.216535,0.391731 0.161417 0.216535,0.411416 0.181102 0.23622]
}}
appearance Appearance{material Material{diffuseColor 0.447059 0.47451 0.501961
transparency 0}}}
Shape { geometry IndexedFaceSet 
{ creaseAngle 1.00 coordIndex [0,1,2,-1,2,1,3,-1]
coord Coordinate { point [0.568896 0.338582 0.23622,0.568896 0.181102 0.23622,0.568896 0.338582 0.728345,0.568896 0.181102 0.728345]
}}
appearance Appearance{material Material{diffuseColor 0.447059 0.47451 0.501961
transparency 0}}}
Shape { geometry IndexedFaceSet 
{ creaseAngle 1.00 coordIndex [0,1,2,-1,2,1,3,-1]
coord Coordinate { point [0.411416 0.338582 0.23622,0.568896 0.338582 0.23622,0.411416 0.338582 0.728345,0.568896 0.338582 0.728345]
}}
appearance Appearance{material Material{diffuseColor 0.447059 0.47451 0.501961
transparency 0}}}
Shape { geometry IndexedFaceSet 
{ creaseAngle 1.00 coordIndex [0,1,2,-1,0,2,3,-1]
coord Coordinate { point [-0.0885825 -0.318897 0.23622,-0.108268 -0.338582 0.216535,-0.108268 -0.141732 0.216535,-0.0885825 -0.161417 0.23622]
}}
appearance Appearance{material Material{diffuseColor 0.447059 0.47451 0.501961
transparency 0}}}
Shape { geometry IndexedFaceSet 
{ creaseAngle 1.00 coordIndex [0,1,2,-1,2,1,3,-1]
coord Coordinate { point [-0.0885825 -0.318897 0.23622,-0.0885825 -0.161417 0.23622,-0.0885825 -0.318897 0.728345,-0.0885825 -0.161417 0.728345]
}}
appearance Appearance{material Material{diffuseColor 0.447059 0.47451 0.501961
transparency 0}}}
Shape { geometry IndexedFaceSet 
{ creaseAngle 1.00 coordIndex [0,1,2,-1,2,1,3,-1]
coord Coordinate { point [0.0688975 -0.318897 0.23622,-0.0885825 -0.318897 0.23622,0.0688975 -0.318897 0.728345,-0.0885825 -0.318897 0.728345]
}}
appearance Appearance{material Material{diffuseColor 0.447059 0.47451 0.501961
transparency 0}}}
Shape { geometry IndexedFaceSet 
{ creaseAngle 1.00 coordIndex [0,1,2,-1,0,3,1,-1]
coord Coordinate { point [0.0688975 -0.318897 0.23622,-0.108268 -0.338582 0.216535,-0.0885825 -0.318897 0.23622,0.0885825 -0.338582 0.216535]
}}
appearance Appearance{material Material{diffuseColor 0.447059 0.47451 0.501961
transparency 0}}}
Shape { geometry IndexedFaceSet 
{ creaseAngle 1.00 coordIndex [0,1,2,-1,0,3,1,-1]
coord Coordinate { point [0.0688975 -0.161417 0.23622,0.0885825 -0.338582 0.216535,0.0688975 -0.318897 0.23622,0.0885825 -0.141732 0.216535]
}}
appearance Appearance{material Material{diffuseColor 0.447059 0.47451 0.501961
transparency 0}}}
Shape { geometry IndexedFaceSet 
{ creaseAngle 1.00 coordIndex [0,1,2,-1,0,2,3,-1]
coord Coordinate { point [-0.0885825 -0.161417 0.23622,-0.108268 -0.141732 0.216535,0.0885825 -0.141732 0.216535,0.0688975 -0.161417 0.23622]
}}
appearance Appearance{material Material{diffuseColor 0.447059 0.47451 0.501961
transparency 0}}}
Shape { geometry IndexedFaceSet 
{ creaseAngle 1.00 coordIndex [0,1,2,-1,2,1,3,-1]
coord Coordinate { point [-0.0885825 -0.161417 0.23622,0.0688975 -0.161417 0.23622,-0.0885825 -0.161417 0.728345,0.0688975 -0.161417 0.728345]
}}
appearance Appearance{material Material{diffuseColor 0.447059 0.47451 0.501961
transparency 0}}}
Shape { geometry IndexedFaceSet 
{ creaseAngle 1.00 coordIndex [0,1,2,-1,2,1,3,-1]
coord Coordinate { point [0.0688975 -0.161417 0.23622,0.0688975 -0.318897 0.23622,0.0688975 -0.161417 0.728345,0.0688975 -0.318897 0.728345]
}}
appearance Appearance{material Material{diffuseColor 0.447059 0.47451 0.501961
transparency 0}}}
Shape { geometry IndexedFaceSet 
{ creaseAngle 1.00 coordIndex [0,1,2,-1,0,3,1,-1]
coord Coordinate { point [0.0688975 0.338582 0.23622,0.0885825 0.161417 0.216535,0.0688975 0.181102 0.23622,0.0885825 0.358267 0.216535]
}}
appearance Appearance{material Material{diffuseColor 0.447059 0.47451 0.501961
transparency 0}}}
Shape { geometry IndexedFaceSet 
{ creaseAngle 1.00 coordIndex [0,1,2,-1,0,3,1,-1]
coord Coordinate { point [-0.0885825 0.338582 0.23622,0.0885825 0.358267 0.216535,0.0688975 0.338582 0.23622,-0.108268 0.358267 0.216535]
}}
appearance Appearance{material Material{diffuseColor 0.447059 0.47451 0.501961
transparency 0}}}
Shape { geometry IndexedFaceSet 
{ creaseAngle 1.00 coordIndex [0,1,2,-1,0,2,3,-1]
coord Coordinate { point [-0.0885825 0.181102 0.23622,-0.108268 0.161417 0.216535,-0.108268 0.358267 0.216535,-0.0885825 0.338582 0.23622]
}}
appearance Appearance{material Material{diffuseColor 0.447059 0.47451 0.501961
transparency 0}}}
Shape { geometry IndexedFaceSet 
{ creaseAngle 1.00 coordIndex [0,1,2,-1,2,1,3,-1]
coord Coordinate { point [-0.0885825 0.181102 0.23622,-0.0885825 0.338582 0.23622,-0.0885825 0.181102 0.728345,-0.0885825 0.338582 0.728345]
}}
appearance Appearance{material Material{diffuseColor 0.447059 0.47451 0.501961
transparency 0}}}
Shape { geometry IndexedFaceSet 
{ creaseAngle 1.00 coordIndex [0,1,2,-1,2,1,3,-1]
coord Coordinate { point [0.0688975 0.181102 0.23622,-0.0885825 0.181102 0.23622,0.0688975 0.181102 0.728345,-0.0885825 0.181102 0.728345]
}}
appearance Appearance{material Material{diffuseColor 0.447059 0.47451 0.501961
transparency 0}}}
Shape { geometry IndexedFaceSet 
{ creaseAngle 1.00 coordIndex [0,1,2,-1,0,2,3,-1]
coord Coordinate { point [0.0688975 0.181102 0.23622,0.0885825 0.161417 0.216535,-0.108268 0.161417 0.216535,-0.0885825 0.181102 0.23622]
}}
appearance Appearance{material Material{diffuseColor 0.447059 0.47451 0.501961
transparency 0}}}
Shape { geometry IndexedFaceSet 
{ creaseAngle 1.00 coordIndex [0,1,2,-1,2,1,3,-1]
coord Coordinate { point [0.0688975 0.338582 0.23622,0.0688975 0.181102 0.23622,0.0688975 0.338582 0.728345,0.0688975 0.181102 0.728345]
}}
appearance Appearance{material Material{diffuseColor 0.447059 0.47451 0.501961
transparency 0}}}
Shape { geometry IndexedFaceSet 
{ creaseAngle 1.00 coordIndex [0,1,2,-1,2,1,3,-1]
coord Coordinate { point [-0.0885825 0.338582 0.23622,0.0688975 0.338582 0.23622,-0.0885825 0.338582 0.728345,0.0688975 0.338582 0.728345]
}}
appearance Appearance{material Material{diffuseColor 0.447059 0.47451 0.501961
transparency 0}}}
Shape { geometry IndexedFaceSet 
{ creaseAngle 1.00 coordIndex [0,1,2,-1,0,2,3,-1]
coord Coordinate { point [-0.588582 -0.318897 0.23622,-0.608267 -0.338582 0.216535,-0.608267 -0.141732 0.216535,-0.588582 -0.161417 0.23622]
}}
appearance Appearance{material Material{diffuseColor 0.447059 0.47451 0.501961
transparency 0}}}
Shape { geometry IndexedFaceSet 
{ creaseAngle 1.00 coordIndex [0,1,2,-1,2,1,3,-1]
coord Coordinate { point [-0.588582 -0.318897 0.23622,-0.588582 -0.161417 0.23622,-0.588582 -0.318897 0.728345,-0.588582 -0.161417 0.728345]
}}
appearance Appearance{material Material{diffuseColor 0.447059 0.47451 0.501961
transparency 0}}}
Shape { geometry IndexedFaceSet 
{ creaseAngle 1.00 coordIndex [0,1,2,-1,2,1,3,-1]
coord Coordinate { point [-0.431102 -0.318897 0.23622,-0.588582 -0.318897 0.23622,-0.431102 -0.318897 0.728345,-0.588582 -0.318897 0.728345]
}}
appearance Appearance{material Material{diffuseColor 0.447059 0.47451 0.501961
transparency 0}}}
Shape { geometry IndexedFaceSet 
{ creaseAngle 1.00 coordIndex [0,1,2,-1,0,3,1,-1]
coord Coordinate { point [-0.431102 -0.318897 0.23622,-0.608267 -0.338582 0.216535,-0.588582 -0.318897 0.23622,-0.411417 -0.338582 0.216535]
}}
appearance Appearance{material Material{diffuseColor 0.447059 0.47451 0.501961
transparency 0}}}
Shape { geometry IndexedFaceSet 
{ creaseAngle 1.00 coordIndex [0,1,2,-1,0,3,1,-1]
coord Coordinate { point [-0.431102 -0.161417 0.23622,-0.411417 -0.338582 0.216535,-0.431102 -0.318897 0.23622,-0.411417 -0.141732 0.216535]
}}
appearance Appearance{material Material{diffuseColor 0.447059 0.47451 0.501961
transparency 0}}}
Shape { geometry IndexedFaceSet 
{ creaseAngle 1.00 coordIndex [0,1,2,-1,0,2,3,-1]
coord Coordinate { point [-0.588582 -0.161417 0.23622,-0.608267 -0.141732 0.216535,-0.411417 -0.141732 0.216535,-0.431102 -0.161417 0.23622]
}}
appearance Appearance{material Material{diffuseColor 0.447059 0.47451 0.501961
transparency 0}}}
Shape { geometry IndexedFaceSet 
{ creaseAngle 1.00 coordIndex [0,1,2,-1,2,1,3,-1]
coord Coordinate { point [-0.588582 -0.161417 0.23622,-0.431102 -0.161417 0.23622,-0.588582 -0.161417 0.728345,-0.431102 -0.161417 0.728345]
}}
appearance Appearance{material Material{diffuseColor 0.447059 0.47451 0.501961
transparency 0}}}
Shape { geometry IndexedFaceSet 
{ creaseAngle 1.00 coordIndex [0,1,2,-1,2,1,3,-1]
coord Coordinate { point [-0.431102 -0.161417 0.23622,-0.431102 -0.318897 0.23622,-0.431102 -0.161417 0.728345,-0.431102 -0.318897 0.728345]
}}
appearance Appearance{material Material{diffuseColor 0.447059 0.47451 0.501961
transparency 0}}}
Shape { geometry IndexedFaceSet 
{ creaseAngle 1.00 coordIndex [0,1,2,-1,0,3,1,-1]
coord Coordinate { point [-0.431102 0.338582 0.23622,-0.411417 0.161417 0.216535,-0.431102 0.181102 0.23622,-0.411417 0.358267 0.216535]
}}
appearance Appearance{material Material{diffuseColor 0.447059 0.47451 0.501961
transparency 0}}}
Shape { geometry IndexedFaceSet 
{ creaseAngle 1.00 coordIndex [0,1,2,-1,0,3,1,-1]
coord Coordinate { point [-0.588582 0.338582 0.23622,-0.411417 0.358267 0.216535,-0.431102 0.338582 0.23622,-0.608267 0.358267 0.216535]
}}
appearance Appearance{material Material{diffuseColor 0.447059 0.47451 0.501961
transparency 0}}}
Shape { geometry IndexedFaceSet 
{ creaseAngle 1.00 coordIndex [0,1,2,-1,0,2,3,-1]
coord Coordinate { point [-0.588582 0.181102 0.23622,-0.608267 0.161417 0.216535,-0.608267 0.358267 0.216535,-0.588582 0.338582 0.23622]
}}
appearance Appearance{material Material{diffuseColor 0.447059 0.47451 0.501961
transparency 0}}}
Shape { geometry IndexedFaceSet 
{ creaseAngle 1.00 coordIndex [0,1,2,-1,2,1,3,-1]
coord Coordinate { point [-0.588582 0.181102 0.23622,-0.588582 0.338582 0.23622,-0.588582 0.181102 0.728345,-0.588582 0.338582 0.728345]
}}
appearance Appearance{material Material{diffuseColor 0.447059 0.47451 0.501961
transparency 0}}}
Shape { geometry IndexedFaceSet 
{ creaseAngle 1.00 coordIndex [0,1,2,-1,2,1,3,-1]
coord Coordinate { point [-0.431102 0.181102 0.23622,-0.588582 0.181102 0.23622,-0.431102 0.181102 0.728345,-0.588582 0.181102 0.728345]
}}
appearance Appearance{material Material{diffuseColor 0.447059 0.47451 0.501961
transparency 0}}}
Shape { geometry IndexedFaceSet 
{ creaseAngle 1.00 coordIndex [0,1,2,-1,0,2,3,-1]
coord Coordinate { point [-0.431102 0.181102 0.23622,-0.411417 0.161417 0.216535,-0.608267 0.161417 0.216535,-0.588582 0.181102 0.23622]
}}
appearance Appearance{material Material{diffuseColor 0.447059 0.47451 0.501961
transparency 0}}}
Shape { geometry IndexedFaceSet 
{ creaseAngle 1.00 coordIndex [0,1,2,-1,2,1,3,-1]
coord Coordinate { point [-0.431102 0.338582 0.23622,-0.431102 0.181102 0.23622,-0.431102 0.338582 0.728345,-0.431102 0.181102 0.728345]
}}
appearance Appearance{material Material{diffuseColor 0.447059 0.47451 0.501961
transparency 0}}}
Shape { geometry IndexedFaceSet 
{ creaseAngle 1.00 coordIndex [0,1,2,-1,2,1,3,-1]
coord Coordinate { point [-0.588582 0.338582 0.23622,-0.431102 0.338582 0.23622,-0.588582 0.338582 0.728345,-0.431102 0.338582 0.728345]
}}
appearance Appearance{material Material{diffuseColor 0.447059 0.47451 0.501961
transparency 0}}}
Shape { geometry IndexedFaceSet 
{ creaseAngle 1.00 coordIndex [0,1,2,-1,0,2,3,-1]
coord Coordinate { point [-1.07283 -0.994092 1.51857,-1.23031 -0.994092 1.79134,-1.23031 -0.974407 1.79134,-1.07283 -0.974407 1.51857]
}}
appearance Appearance{material Material{diffuseColor 0.447059 0.47451 0.501961
transparency 0}}}
Shape { geometry IndexedFaceSet 
{ creaseAngle 1.00 coordIndex [0,1,2,-1,0,2,3,-1]
coord Coordinate { point [-1.23031 -0.994092 1.79134,-0.915353 -0.994093 1.79134,-0.915353 -0.974408 1.79134,-1.23031 -0.974407 1.79134]
}}
appearance Appearance{material Material{diffuseColor 0.447059 0.47451 0.501961
transparency 0}}}
Shape { geometry IndexedFaceSet 
{ creaseAngle 1.00 coordIndex [0,1,2,-1,0,2,3,-1]
coord Coordinate { point [-0.915353 -0.994093 1.79134,-1.07283 -0.994092 1.51857,-1.07283 -0.974407 1.51857,-0.915353 -0.974408 1.79134]
}}
appearance Appearance{material Material{diffuseColor 0.447059 0.47451 0.501961
transparency 0}}}
Shape { geometry IndexedFaceSet 
{ creaseAngle 1.00 coordIndex [0,1,2,-1]
coord Coordinate { point [-0.915353 -0.994093 1.79134,-1.23031 -0.994092 1.79134,-1.07283 -0.994092 1.51857]
}}
appearance Appearance{material Material{diffuseColor 0.447059 0.47451 0.501961
transparency 0}}}
Shape { geometry IndexedFaceSet 
{ creaseAngle 1.00 coordIndex [0,1,2,-1,2,1,3,-1]
coord Coordinate { point [-0.970471 0.299212 1.75197,-1.04921 0.299212 1.75197,-0.970471 0.220472 1.75197,-1.04921 0.220472 1.75197]
}}
appearance Appearance{material Material{diffuseColor 0.447059 0.47451 0.501961
transparency 0}}}
Shape { geometry IndexedFaceSet 
{ creaseAngle 1.00 coordIndex [0,1,2,-1,3,1,0,-1]
coord Coordinate { point [-1.04921 0.299212 1.75197,-1.08858 0.181102 1.67323,-1.04921 0.220472 1.75197,-1.08858 0.338582 1.67323]
}}
appearance Appearance{material Material{diffuseColor 0.447059 0.47451 0.501961
transparency 0}}}
Shape { geometry IndexedFaceSet 
{ creaseAngle 1.00 coordIndex [0,1,2,-1,2,1,3,-1]
coord Coordinate { point [-0.931101 0.338582 1.67323,-1.08858 0.338582 1.67323,-0.970471 0.299212 1.75197,-1.04921 0.299212 1.75197]
}}
appearance Appearance{material Material{diffuseColor 0.447059 0.47451 0.501961
transparency 0}}}
Shape { geometry IndexedFaceSet 
{ creaseAngle 1.00 coordIndex [0,1,2,-1,2,1,3,-1]
coord Coordinate { point [-1.08858 0.338582 1.67323,-0.931101 0.338582 1.67323,-1.08858 0.338582 -0.846455,-0.931101 0.338582 -0.846455]
}}
appearance Appearance{material Material{diffuseColor 0.447059 0.47451 0.501961
transparency 0}}}
Shape { geometry IndexedFaceSet 
{ creaseAngle 1.00 coordIndex [0,1,2,-1,2,1,3,-1]
coord Coordinate { point [-0.931101 0.338582 1.67323,-0.931101 0.181102 1.67323,-0.931101 0.338582 -0.846455,-0.931101 0.181102 -0.846455]
}}
appearance Appearance{material Material{diffuseColor 0.447059 0.47451 0.501961
transparency 0}}}
Shape { geometry IndexedFaceSet 
{ creaseAngle 1.00 coordIndex [0,1,2,-1,2,1,3,-1]
coord Coordinate { point [-0.931101 0.181102 1.67323,-1.08858 0.181102 1.67323,-0.931101 0.181102 -0.846455,-1.08858 0.181102 -0.846455]
}}
appearance Appearance{material Material{diffuseColor 0.447059 0.47451 0.501961
transparency 0}}}
Shape { geometry IndexedFaceSet 
{ creaseAngle 1.00 coordIndex [0,1,2,-1,0,3,1,-1]
coord Coordinate { point [-1.08858 0.181102 1.67323,-1.08858 0.338582 -0.846455,-1.08858 0.181102 -0.846455,-1.08858 0.338582 1.67323]
}}
appearance Appearance{material Material{diffuseColor 0.447059 0.47451 0.501961
transparency 0}}}
Shape { geometry IndexedFaceSet 
{ creaseAngle 1.00 coordIndex [0,1,2,-1,0,3,1,-1]
coord Coordinate { point [-1.08858 0.181102 -0.846455,-1.04921 0.299212 -0.925195,-1.04921 0.220472 -0.925195,-1.08858 0.338582 -0.846455]
}}
appearance Appearance{material Material{diffuseColor 0.447059 0.47451 0.501961
transparency 0}}}
Shape { geometry IndexedFaceSet 
{ creaseAngle 1.00 coordIndex [0,1,2,-1,0,3,1,-1]
coord Coordinate { point [-0.970471 0.299212 -0.925195,-1.08858 0.338582 -0.846455,-0.931101 0.338582 -0.846455,-1.04921 0.299212 -0.925195]
}}
appearance Appearance{material Material{diffuseColor 0.447059 0.47451 0.501961
transparency 0}}}
Shape { geometry IndexedFaceSet 
{ creaseAngle 1.00 coordIndex [0,1,2,-1,2,1,3,-1]
coord Coordinate { point [-1.04921 0.299212 -0.925195,-0.970471 0.299212 -0.925195,-1.04921 0.220472 -0.925195,-0.970471 0.220472 -0.925195]
}}
appearance Appearance{material Material{diffuseColor 0.447059 0.47451 0.501961
transparency 0}}}
Shape { geometry IndexedFaceSet 
{ creaseAngle 1.00 coordIndex [0,1,2,-1,0,3,1,-1]
coord Coordinate { point [-0.970471 0.220472 -0.925195,-0.931101 0.338582 -0.846455,-0.931101 0.181102 -0.846455,-0.970471 0.299212 -0.925195]
}}
appearance Appearance{material Material{diffuseColor 0.447059 0.47451 0.501961
transparency 0}}}
Shape { geometry IndexedFaceSet 
{ creaseAngle 1.00 coordIndex [0,1,2,-1,2,1,3,-1]
coord Coordinate { point [-0.931101 0.181102 -0.846455,-1.08858 0.181102 -0.846455,-0.970471 0.220472 -0.925195,-1.04921 0.220472 -0.925195]
}}
appearance Appearance{material Material{diffuseColor 0.447059 0.47451 0.501961
transparency 0}}}
Shape { geometry IndexedFaceSet 
{ creaseAngle 1.00 coordIndex [0,1,2,-1,2,1,3,-1]
coord Coordinate { point [-0.970471 0.220472 1.75197,-1.04921 0.220472 1.75197,-0.931101 0.181102 1.67323,-1.08858 0.181102 1.67323]
}}
appearance Appearance{material Material{diffuseColor 0.447059 0.47451 0.501961
transparency 0}}}
Shape { geometry IndexedFaceSet 
{ creaseAngle 1.00 coordIndex [0,1,2,-1,2,1,3,-1]
coord Coordinate { point [-0.970471 0.299212 1.75197,-0.970471 0.220472 1.75197,-0.931101 0.338582 1.67323,-0.931101 0.181102 1.67323]
}}
appearance Appearance{material Material{diffuseColor 0.447059 0.47451 0.501961
transparency 0}}}
Shape { geometry IndexedFaceSet 
{ creaseAngle 1.00 coordIndex [0,1,2,-1,2,1,3,-1]
coord Coordinate { point [-0.470472 0.299212 1.75197,-0.549212 0.299212 1.75197,-0.470472 0.220472 1.75197,-0.549212 0.220472 1.75197]
}}
appearance Appearance{material Material{diffuseColor 0.447059 0.47451 0.501961
transparency 0}}}
Shape { geometry IndexedFaceSet 
{ creaseAngle 1.00 coordIndex [0,1,2,-1,3,1,0,-1]
coord Coordinate { point [-0.549212 0.299212 1.75197,-0.588582 0.181102 1.67322,-0.549212 0.220472 1.75197,-0.588582 0.338582 1.67322]
}}
appearance Appearance{material Material{diffuseColor 0.447059 0.47451 0.501961
transparency 0}}}
Shape { geometry IndexedFaceSet 
{ creaseAngle 1.00 coordIndex [0,1,2,-1,2,1,3,-1]
coord Coordinate { point [-0.431102 0.338582 1.67322,-0.588582 0.338582 1.67322,-0.470472 0.299212 1.75197,-0.549212 0.299212 1.75197]
}}
appearance Appearance{material Material{diffuseColor 0.447059 0.47451 0.501961
transparency 0}}}
Shape { geometry IndexedFaceSet 
{ creaseAngle 1.00 coordIndex [0,1,2,-1,2,1,3,-1]
coord Coordinate { point [-0.588582 0.338582 1.67322,-0.431102 0.338582 1.67322,-0.588582 0.338582 -0.846455,-0.431102 0.338582 -0.846455]
}}
appearance Appearance{material Material{diffuseColor 0.447059 0.47451 0.501961
transparency 0}}}
Shape { geometry IndexedFaceSet 
{ creaseAngle 1.00 coordIndex [0,1,2,-1,2,1,3,-1]
coord Coordinate { point [-0.431102 0.338582 1.67322,-0.431102 0.181102 1.67322,-0.431102 0.338582 -0.846455,-0.431102 0.181102 -0.846455]
}}
appearance Appearance{material Material{diffuseColor 0.447059 0.47451 0.501961
transparency 0}}}
Shape { geometry IndexedFaceSet 
{ creaseAngle 1.00 coordIndex [0,1,2,-1,2,1,3,-1]
coord Coordinate { point [-0.431102 0.181102 1.67322,-0.588582 0.181102 1.67322,-0.431102 0.181102 -0.846455,-0.588582 0.181102 -0.846455]
}}
appearance Appearance{material Material{diffuseColor 0.447059 0.47451 0.501961
transparency 0}}}
Shape { geometry IndexedFaceSet 
{ creaseAngle 1.00 coordIndex [0,1,2,-1,0,3,1,-1]
coord Coordinate { point [-0.588582 0.181102 1.67322,-0.588582 0.338582 -0.846455,-0.588582 0.181102 -0.846455,-0.588582 0.338582 1.67322]
}}
appearance Appearance{material Material{diffuseColor 0.447059 0.47451 0.501961
transparency 0}}}
Shape { geometry IndexedFaceSet 
{ creaseAngle 1.00 coordIndex [0,1,2,-1,0,3,1,-1]
coord Coordinate { point [-0.588582 0.181102 -0.846455,-0.549212 0.299212 -0.925195,-0.549212 0.220472 -0.925195,-0.588582 0.338582 -0.846455]
}}
appearance Appearance{material Material{diffuseColor 0.447059 0.47451 0.501961
transparency 0}}}
Shape { geometry IndexedFaceSet 
{ creaseAngle 1.00 coordIndex [0,1,2,-1,0,3,1,-1]
coord Coordinate { point [-0.470472 0.299212 -0.925195,-0.588582 0.338582 -0.846455,-0.431102 0.338582 -0.846455,-0.549212 0.299212 -0.925195]
}}
appearance Appearance{material Material{diffuseColor 0.447059 0.47451 0.501961
transparency 0}}}
Shape { geometry IndexedFaceSet 
{ creaseAngle 1.00 coordIndex [0,1,2,-1,2,1,3,-1]
coord Coordinate { point [-0.549212 0.299212 -0.925195,-0.470472 0.299212 -0.925195,-0.549212 0.220472 -0.925195,-0.470472 0.220472 -0.925195]
}}
appearance Appearance{material Material{diffuseColor 0.447059 0.47451 0.501961
transparency 0}}}
Shape { geometry IndexedFaceSet 
{ creaseAngle 1.00 coordIndex [0,1,2,-1,0,3,1,-1]
coord Coordinate { point [-0.470472 0.220472 -0.925195,-0.431102 0.338582 -0.846455,-0.431102 0.181102 -0.846455,-0.470472 0.299212 -0.925195]
}}
appearance Appearance{material Material{diffuseColor 0.447059 0.47451 0.501961
transparency 0}}}
Shape { geometry IndexedFaceSet 
{ creaseAngle 1.00 coordIndex [0,1,2,-1,2,1,3,-1]
coord Coordinate { point [-0.431102 0.181102 -0.846455,-0.588582 0.181102 -0.846455,-0.470472 0.220472 -0.925195,-0.549212 0.220472 -0.925195]
}}
appearance Appearance{material Material{diffuseColor 0.447059 0.47451 0.501961
transparency 0}}}
Shape { geometry IndexedFaceSet 
{ creaseAngle 1.00 coordIndex [0,1,2,-1,2,1,3,-1]
coord Coordinate { point [-0.470472 0.220472 1.75197,-0.549212 0.220472 1.75197,-0.431102 0.181102 1.67322,-0.588582 0.181102 1.67322]
}}
appearance Appearance{material Material{diffuseColor 0.447059 0.47451 0.501961
transparency 0}}}
Shape { geometry IndexedFaceSet 
{ creaseAngle 1.00 coordIndex [0,1,2,-1,2,1,3,-1]
coord Coordinate { point [-0.470472 0.299212 1.75197,-0.470472 0.220472 1.75197,-0.431102 0.338582 1.67322,-0.431102 0.181102 1.67322]
}}
appearance Appearance{material Material{diffuseColor 0.447059 0.47451 0.501961
transparency 0}}}
Shape { geometry IndexedFaceSet 
{ creaseAngle 1.00 coordIndex [0,1,2,-1,2,1,3,-1]
coord Coordinate { point [0.0295275 0.299212 1.75196,-0.0492125 0.299212 1.75196,0.0295275 0.220472 1.75196,-0.0492125 0.220472 1.75196]
}}
appearance Appearance{material Material{diffuseColor 0.447059 0.47451 0.501961
transparency 0}}}
Shape { geometry IndexedFaceSet 
{ creaseAngle 1.00 coordIndex [0,1,2,-1,3,1,0,-1]
coord Coordinate { point [-0.0492125 0.299212 1.75196,-0.0885825 0.181102 1.67322,-0.0492125 0.220472 1.75196,-0.0885825 0.338582 1.67322]
}}
appearance Appearance{material Material{diffuseColor 0.447059 0.47451 0.501961
transparency 0}}}
Shape { geometry IndexedFaceSet 
{ creaseAngle 1.00 coordIndex [0,1,2,-1,2,1,3,-1]
coord Coordinate { point [0.0688975 0.338582 1.67322,-0.0885825 0.338582 1.67322,0.0295275 0.299212 1.75196,-0.0492125 0.299212 1.75196]
}}
appearance Appearance{material Material{diffuseColor 0.447059 0.47451 0.501961
transparency 0}}}
Shape { geometry IndexedFaceSet 
{ creaseAngle 1.00 coordIndex [0,1,2,-1,2,1,3,-1]
coord Coordinate { point [-0.0885825 0.338582 1.67322,0.0688975 0.338582 1.67322,-0.0885825 0.338582 -0.846455,0.0688975 0.338582 -0.846455]
}}
appearance Appearance{material Material{diffuseColor 0.447059 0.47451 0.501961
transparency 0}}}
Shape { geometry IndexedFaceSet 
{ creaseAngle 1.00 coordIndex [0,1,2,-1,2,1,3,-1]
coord Coordinate { point [0.0688975 0.338582 1.67322,0.0688975 0.181102 1.67322,0.0688975 0.338582 -0.846455,0.0688975 0.181102 -0.846455]
}}
appearance Appearance{material Material{diffuseColor 0.447059 0.47451 0.501961
transparency 0}}}
Shape { geometry IndexedFaceSet 
{ creaseAngle 1.00 coordIndex [0,1,2,-1,2,1,3,-1]
coord Coordinate { point [0.0688975 0.181102 1.67322,-0.0885825 0.181102 1.67322,0.0688975 0.181102 -0.846455,-0.0885825 0.181102 -0.846455]
}}
appearance Appearance{material Material{diffuseColor 0.447059 0.47451 0.501961
transparency 0}}}
Shape { geometry IndexedFaceSet 
{ creaseAngle 1.00 coordIndex [0,1,2,-1,0,3,1,-1]
coord Coordinate { point [-0.0885825 0.181102 1.67322,-0.0885825 0.338582 -0.846455,-0.0885825 0.181102 -0.846455,-0.0885825 0.338582 1.67322]
}}
appearance Appearance{material Material{diffuseColor 0.447059 0.47451 0.501961
transparency 0}}}
Shape { geometry IndexedFaceSet 
{ creaseAngle 1.00 coordIndex [0,1,2,-1,0,3,1,-1]
coord Coordinate { point [-0.0885825 0.181102 -0.846455,-0.0492125 0.299212 -0.925195,-0.0492125 0.220472 -0.925195,-0.0885825 0.338582 -0.846455]
}}
appearance Appearance{material Material{diffuseColor 0.447059 0.47451 0.501961
transparency 0}}}
Shape { geometry IndexedFaceSet 
{ creaseAngle 1.00 coordIndex [0,1,2,-1,0,3,1,-1]
coord Coordinate { point [0.0295275 0.299212 -0.925195,-0.0885825 0.338582 -0.846455,0.0688975 0.338582 -0.846455,-0.0492125 0.299212 -0.925195]
}}
appearance Appearance{material Material{diffuseColor 0.447059 0.47451 0.501961
transparency 0}}}
Shape { geometry IndexedFaceSet 
{ creaseAngle 1.00 coordIndex [0,1,2,-1,2,1,3,-1]
coord Coordinate { point [-0.0492125 0.299212 -0.925195,0.0295275 0.299212 -0.925195,-0.0492125 0.220472 -0.925195,0.0295275 0.220472 -0.925195]
}}
appearance Appearance{material Material{diffuseColor 0.447059 0.47451 0.501961
transparency 0}}}
Shape { geometry IndexedFaceSet 
{ creaseAngle 1.00 coordIndex [0,1,2,-1,0,3,1,-1]
coord Coordinate { point [0.0295275 0.220472 -0.925195,0.0688975 0.338582 -0.846455,0.0688975 0.181102 -0.846455,0.0295275 0.299212 -0.925195]
}}
appearance Appearance{material Material{diffuseColor 0.447059 0.47451 0.501961
transparency 0}}}
Shape { geometry IndexedFaceSet 
{ creaseAngle 1.00 coordIndex [0,1,2,-1,2,1,3,-1]
coord Coordinate { point [0.0688975 0.181102 -0.846455,-0.0885825 0.181102 -0.846455,0.0295275 0.220472 -0.925195,-0.0492125 0.220472 -0.925195]
}}
appearance Appearance{material Material{diffuseColor 0.447059 0.47451 0.501961
transparency 0}}}
Shape { geometry IndexedFaceSet 
{ creaseAngle 1.00 coordIndex [0,1,2,-1,2,1,3,-1]
coord Coordinate { point [0.0295275 0.220472 1.75196,-0.0492125 0.220472 1.75196,0.0688975 0.181102 1.67322,-0.0885825 0.181102 1.67322]
}}
appearance Appearance{material Material{diffuseColor 0.447059 0.47451 0.501961
transparency 0}}}
Shape { geometry IndexedFaceSet 
{ creaseAngle 1.00 coordIndex [0,1,2,-1,2,1,3,-1]
coord Coordinate { point [0.0295275 0.299212 1.75196,0.0295275 0.220472 1.75196,0.0688975 0.338582 1.67322,0.0688975 0.181102 1.67322]
}}
appearance Appearance{material Material{diffuseColor 0.447059 0.47451 0.501961
transparency 0}}}
Shape { geometry IndexedFaceSet 
{ creaseAngle 1.00 coordIndex [0,1,2,-1,2,1,3,-1]
coord Coordinate { point [0.529526 0.299212 1.75197,0.450786 0.299212 1.75197,0.529526 0.220472 1.75197,0.450786 0.220472 1.75197]
}}
appearance Appearance{material Material{diffuseColor 0.447059 0.47451 0.501961
transparency 0}}}
Shape { geometry IndexedFaceSet 
{ creaseAngle 1.00 coordIndex [0,1,2,-1,3,1,0,-1]
coord Coordinate { point [0.450786 0.299212 1.75197,0.411416 0.181102 1.67323,0.450786 0.220472 1.75197,0.411416 0.338582 1.67323]
}}
appearance Appearance{material Material{diffuseColor 0.447059 0.47451 0.501961
transparency 0}}}
Shape { geometry IndexedFaceSet 
{ creaseAngle 1.00 coordIndex [0,1,2,-1,2,1,3,-1]
coord Coordinate { point [0.568896 0.338582 1.67323,0.411416 0.338582 1.67323,0.529526 0.299212 1.75197,0.450786 0.299212 1.75197]
}}
appearance Appearance{material Material{diffuseColor 0.447059 0.47451 0.501961
transparency 0}}}
Shape { geometry IndexedFaceSet 
{ creaseAngle 1.00 coordIndex [0,1,2,-1,2,1,3,-1]
coord Coordinate { point [0.411416 0.338582 1.67323,0.568896 0.338582 1.67323,0.411416 0.338582 -0.846455,0.568896 0.338582 -0.846455]
}}
appearance Appearance{material Material{diffuseColor 0.447059 0.47451 0.501961
transparency 0}}}
Shape { geometry IndexedFaceSet 
{ creaseAngle 1.00 coordIndex [0,1,2,-1,2,1,3,-1]
coord Coordinate { point [0.568896 0.338582 1.67323,0.568896 0.181102 1.67323,0.568896 0.338582 -0.846455,0.568896 0.181102 -0.846455]
}}
appearance Appearance{material Material{diffuseColor 0.447059 0.47451 0.501961
transparency 0}}}
Shape { geometry IndexedFaceSet 
{ creaseAngle 1.00 coordIndex [0,1,2,-1,2,1,3,-1]
coord Coordinate { point [0.568896 0.181102 1.67323,0.411416 0.181102 1.67323,0.568896 0.181102 -0.846455,0.411416 0.181102 -0.846455]
}}
appearance Appearance{material Material{diffuseColor 0.447059 0.47451 0.501961
transparency 0}}}
Shape { geometry IndexedFaceSet 
{ creaseAngle 1.00 coordIndex [0,1,2,-1,0,3,1,-1]
coord Coordinate { point [0.411416 0.181102 1.67323,0.411416 0.338582 -0.846455,0.411416 0.181102 -0.846455,0.411416 0.338582 1.67323]
}}
appearance Appearance{material Material{diffuseColor 0.447059 0.47451 0.501961
transparency 0}}}
Shape { geometry IndexedFaceSet 
{ creaseAngle 1.00 coordIndex [0,1,2,-1,0,3,1,-1]
coord Coordinate { point [0.411416 0.181102 -0.846455,0.450786 0.299212 -0.925195,0.450786 0.220472 -0.925195,0.411416 0.338582 -0.846455]
}}
appearance Appearance{material Material{diffuseColor 0.447059 0.47451 0.501961
transparency 0}}}
Shape { geometry IndexedFaceSet 
{ creaseAngle 1.00 coordIndex [0,1,2,-1,0,3,1,-1]
coord Coordinate { point [0.529526 0.299212 -0.925195,0.411416 0.338582 -0.846455,0.568896 0.338582 -0.846455,0.450786 0.299212 -0.925195]
}}
appearance Appearance{material Material{diffuseColor 0.447059 0.47451 0.501961
transparency 0}}}
Shape { geometry IndexedFaceSet 
{ creaseAngle 1.00 coordIndex [0,1,2,-1,2,1,3,-1]
coord Coordinate { point [0.450786 0.299212 -0.925195,0.529526 0.299212 -0.925195,0.450786 0.220472 -0.925195,0.529526 0.220472 -0.925195]
}}
appearance Appearance{material Material{diffuseColor 0.447059 0.47451 0.501961
transparency 0}}}
Shape { geometry IndexedFaceSet 
{ creaseAngle 1.00 coordIndex [0,1,2,-1,0,3,1,-1]
coord Coordinate { point [0.529526 0.220472 -0.925195,0.568896 0.338582 -0.846455,0.568896 0.181102 -0.846455,0.529526 0.299212 -0.925195]
}}
appearance Appearance{material Material{diffuseColor 0.447059 0.47451 0.501961
transparency 0}}}
Shape { geometry IndexedFaceSet 
{ creaseAngle 1.00 coordIndex [0,1,2,-1,2,1,3,-1]
coord Coordinate { point [0.568896 0.181102 -0.846455,0.411416 0.181102 -0.846455,0.529526 0.220472 -0.925195,0.450786 0.220472 -0.925195]
}}
appearance Appearance{material Material{diffuseColor 0.447059 0.47451 0.501961
transparency 0}}}
Shape { geometry IndexedFaceSet 
{ creaseAngle 1.00 coordIndex [0,1,2,-1,2,1,3,-1]
coord Coordinate { point [0.529526 0.220472 1.75197,0.450786 0.220472 1.75197,0.568896 0.181102 1.67323,0.411416 0.181102 1.67323]
}}
appearance Appearance{material Material{diffuseColor 0.447059 0.47451 0.501961
transparency 0}}}
Shape { geometry IndexedFaceSet 
{ creaseAngle 1.00 coordIndex [0,1,2,-1,2,1,3,-1]
coord Coordinate { point [0.529526 0.299212 1.75197,0.529526 0.220472 1.75197,0.568896 0.338582 1.67323,0.568896 0.181102 1.67323]
}}
appearance Appearance{material Material{diffuseColor 0.447059 0.47451 0.501961
transparency 0}}}
Shape { geometry IndexedFaceSet 
{ creaseAngle 1.00 coordIndex [0,1,2,-1,2,1,3,-1]
coord Coordinate { point [1.02953 0.299212 1.75197,0.950785 0.299212 1.75197,1.02953 0.220472 1.75197,0.950785 0.220472 1.75197]
}}
appearance Appearance{material Material{diffuseColor 0.447059 0.47451 0.501961
transparency 0}}}
Shape { geometry IndexedFaceSet 
{ creaseAngle 1.00 coordIndex [0,1,2,-1,3,1,0,-1]
coord Coordinate { point [0.950785 0.299212 1.75197,0.911415 0.181102 1.67322,0.950785 0.220472 1.75197,0.911415 0.338582 1.67322]
}}
appearance Appearance{material Material{diffuseColor 0.447059 0.47451 0.501961
transparency 0}}}
Shape { geometry IndexedFaceSet 
{ creaseAngle 1.00 coordIndex [0,1,2,-1,2,1,3,-1]
coord Coordinate { point [1.0689 0.338582 1.67322,0.911415 0.338582 1.67322,1.02953 0.299212 1.75197,0.950785 0.299212 1.75197]
}}
appearance Appearance{material Material{diffuseColor 0.447059 0.47451 0.501961
transparency 0}}}
Shape { geometry IndexedFaceSet 
{ creaseAngle 1.00 coordIndex [0,1,2,-1,2,1,3,-1]
coord Coordinate { point [0.911415 0.338582 1.67322,1.0689 0.338582 1.67322,0.911415 0.338582 -0.846455,1.0689 0.338582 -0.846455]
}}
appearance Appearance{material Material{diffuseColor 0.447059 0.47451 0.501961
transparency 0}}}
Shape { geometry IndexedFaceSet 
{ creaseAngle 1.00 coordIndex [0,1,2,-1,2,1,3,-1]
coord Coordinate { point [1.0689 0.338582 1.67322,1.0689 0.181102 1.67322,1.0689 0.338582 -0.846455,1.0689 0.181102 -0.846455]
}}
appearance Appearance{material Material{diffuseColor 0.447059 0.47451 0.501961
transparency 0}}}
Shape { geometry IndexedFaceSet 
{ creaseAngle 1.00 coordIndex [0,1,2,-1,2,1,3,-1]
coord Coordinate { point [1.0689 0.181102 1.67322,0.911415 0.181102 1.67322,1.0689 0.181102 -0.846455,0.911415 0.181102 -0.846455]
}}
appearance Appearance{material Material{diffuseColor 0.447059 0.47451 0.501961
transparency 0}}}
Shape { geometry IndexedFaceSet 
{ creaseAngle 1.00 coordIndex [0,1,2,-1,0,3,1,-1]
coord Coordinate { point [0.911415 0.181102 1.67322,0.911415 0.338582 -0.846455,0.911415 0.181102 -0.846455,0.911415 0.338582 1.67322]
}}
appearance Appearance{material Material{diffuseColor 0.447059 0.47451 0.501961
transparency 0}}}
Shape { geometry IndexedFaceSet 
{ creaseAngle 1.00 coordIndex [0,1,2,-1,0,3,1,-1]
coord Coordinate { point [0.911415 0.181102 -0.846455,0.950785 0.299212 -0.925195,0.950785 0.220472 -0.925195,0.911415 0.338582 -0.846455]
}}
appearance Appearance{material Material{diffuseColor 0.447059 0.47451 0.501961
transparency 0}}}
Shape { geometry IndexedFaceSet 
{ creaseAngle 1.00 coordIndex [0,1,2,-1,0,3,1,-1]
coord Coordinate { point [1.02953 0.299212 -0.925195,0.911415 0.338582 -0.846455,1.0689 0.338582 -0.846455,0.950785 0.299212 -0.925195]
}}
appearance Appearance{material Material{diffuseColor 0.447059 0.47451 0.501961
transparency 0}}}
Shape { geometry IndexedFaceSet 
{ creaseAngle 1.00 coordIndex [0,1,2,-1,2,1,3,-1]
coord Coordinate { point [0.950785 0.299212 -0.925195,1.02953 0.299212 -0.925195,0.950785 0.220472 -0.925195,1.02953 0.220472 -0.925195]
}}
appearance Appearance{material Material{diffuseColor 0.447059 0.47451 0.501961
transparency 0}}}
Shape { geometry IndexedFaceSet 
{ creaseAngle 1.00 coordIndex [0,1,2,-1,0,3,1,-1]
coord Coordinate { point [1.02953 0.220472 -0.925195,1.0689 0.338582 -0.846455,1.0689 0.181102 -0.846455,1.02953 0.299212 -0.925195]
}}
appearance Appearance{material Material{diffuseColor 0.447059 0.47451 0.501961
transparency 0}}}
Shape { geometry IndexedFaceSet 
{ creaseAngle 1.00 coordIndex [0,1,2,-1,2,1,3,-1]
coord Coordinate { point [1.0689 0.181102 -0.846455,0.911415 0.181102 -0.846455,1.02953 0.220472 -0.925195,0.950785 0.220472 -0.925195]
}}
appearance Appearance{material Material{diffuseColor 0.447059 0.47451 0.501961
transparency 0}}}
Shape { geometry IndexedFaceSet 
{ creaseAngle 1.00 coordIndex [0,1,2,-1,2,1,3,-1]
coord Coordinate { point [1.02953 0.220472 1.75197,0.950785 0.220472 1.75197,1.0689 0.181102 1.67322,0.911415 0.181102 1.67322]
}}
appearance Appearance{material Material{diffuseColor 0.447059 0.47451 0.501961
transparency 0}}}
Shape { geometry IndexedFaceSet 
{ creaseAngle 1.00 coordIndex [0,1,2,-1,2,1,3,-1]
coord Coordinate { point [1.02953 0.299212 1.75197,1.02953 0.220472 1.75197,1.0689 0.338582 1.67322,1.0689 0.181102 1.67322]
}}
appearance Appearance{material Material{diffuseColor 0.447059 0.47451 0.501961
transparency 0}}}
Shape { geometry IndexedFaceSet 
{ creaseAngle 1.00 coordIndex [0,1,2,-1,2,1,3,-1]
coord Coordinate { point [-0.970471 -0.200787 1.75197,-1.04921 -0.200787 1.75197,-0.970471 -0.279527 1.75197,-1.04921 -0.279527 1.75197]
}}
appearance Appearance{material Material{diffuseColor 0.447059 0.47451 0.501961
transparency 0}}}
Shape { geometry IndexedFaceSet 
{ creaseAngle 1.00 coordIndex [0,1,2,-1,3,1,0,-1]
coord Coordinate { point [-1.04921 -0.200787 1.75197,-1.08858 -0.318897 1.67323,-1.04921 -0.279527 1.75197,-1.08858 -0.161417 1.67323]
}}
appearance Appearance{material Material{diffuseColor 0.447059 0.47451 0.501961
transparency 0}}}
Shape { geometry IndexedFaceSet 
{ creaseAngle 1.00 coordIndex [0,1,2,-1,2,1,3,-1]
coord Coordinate { point [-0.931101 -0.161417 1.67323,-1.08858 -0.161417 1.67323,-0.970471 -0.200787 1.75197,-1.04921 -0.200787 1.75197]
}}
appearance Appearance{material Material{diffuseColor 0.447059 0.47451 0.501961
transparency 0}}}
Shape { geometry IndexedFaceSet 
{ creaseAngle 1.00 coordIndex [0,1,2,-1,2,1,3,-1]
coord Coordinate { point [-1.08858 -0.161417 1.67323,-0.931101 -0.161417 1.67323,-1.08858 -0.161417 -0.846455,-0.931101 -0.161417 -0.846455]
}}
appearance Appearance{material Material{diffuseColor 0.447059 0.47451 0.501961
transparency 0}}}
Shape { geometry IndexedFaceSet 
{ creaseAngle 1.00 coordIndex [0,1,2,-1,2,1,3,-1]
coord Coordinate { point [-0.931101 -0.161417 1.67323,-0.931101 -0.318897 1.67323,-0.931101 -0.161417 -0.846455,-0.931101 -0.318897 -0.846455]
}}
appearance Appearance{material Material{diffuseColor 0.447059 0.47451 0.501961
transparency 0}}}
Shape { geometry IndexedFaceSet 
{ creaseAngle 1.00 coordIndex [0,1,2,-1,2,1,3,-1]
coord Coordinate { point [-0.931101 -0.318897 1.67323,-1.08858 -0.318897 1.67323,-0.931101 -0.318897 -0.846455,-1.08858 -0.318897 -0.846455]
}}
appearance Appearance{material Material{diffuseColor 0.447059 0.47451 0.501961
transparency 0}}}
Shape { geometry IndexedFaceSet 
{ creaseAngle 1.00 coordIndex [0,1,2,-1,0,3,1,-1]
coord Coordinate { point [-1.08858 -0.318897 1.67323,-1.08858 -0.161417 -0.846455,-1.08858 -0.318897 -0.846455,-1.08858 -0.161417 1.67323]
}}
appearance Appearance{material Material{diffuseColor 0.447059 0.47451 0.501961
transparency 0}}}
Shape { geometry IndexedFaceSet 
{ creaseAngle 1.00 coordIndex [0,1,2,-1,0,3,1,-1]
coord Coordinate { point [-1.08858 -0.318897 -0.846455,-1.04921 -0.200787 -0.925195,-1.04921 -0.279527 -0.925195,-1.08858 -0.161417 -0.846455]
}}
appearance Appearance{material Material{diffuseColor 0.447059 0.47451 0.501961
transparency 0}}}
Shape { geometry IndexedFaceSet 
{ creaseAngle 1.00 coordIndex [0,1,2,-1,0,3,1,-1]
coord Coordinate { point [-0.970471 -0.200787 -0.925195,-1.08858 -0.161417 -0.846455,-0.931101 -0.161417 -0.846455,-1.04921 -0.200787 -0.925195]
}}
appearance Appearance{material Material{diffuseColor 0.447059 0.47451 0.501961
transparency 0}}}
Shape { geometry IndexedFaceSet 
{ creaseAngle 1.00 coordIndex [0,1,2,-1,2,1,3,-1]
coord Coordinate { point [-1.04921 -0.200787 -0.925195,-0.970471 -0.200787 -0.925195,-1.04921 -0.279527 -0.925195,-0.970471 -0.279527 -0.925195]
}}
appearance Appearance{material Material{diffuseColor 0.447059 0.47451 0.501961
transparency 0}}}
Shape { geometry IndexedFaceSet 
{ creaseAngle 1.00 coordIndex [0,1,2,-1,0,3,1,-1]
coord Coordinate { point [-0.970471 -0.279527 -0.925195,-0.931101 -0.161417 -0.846455,-0.931101 -0.318897 -0.846455,-0.970471 -0.200787 -0.925195]
}}
appearance Appearance{material Material{diffuseColor 0.447059 0.47451 0.501961
transparency 0}}}
Shape { geometry IndexedFaceSet 
{ creaseAngle 1.00 coordIndex [0,1,2,-1,2,1,3,-1]
coord Coordinate { point [-0.931101 -0.318897 -0.846455,-1.08858 -0.318897 -0.846455,-0.970471 -0.279527 -0.925195,-1.04921 -0.279527 -0.925195]
}}
appearance Appearance{material Material{diffuseColor 0.447059 0.47451 0.501961
transparency 0}}}
Shape { geometry IndexedFaceSet 
{ creaseAngle 1.00 coordIndex [0,1,2,-1,2,1,3,-1]
coord Coordinate { point [-0.970471 -0.279527 1.75197,-1.04921 -0.279527 1.75197,-0.931101 -0.318897 1.67323,-1.08858 -0.318897 1.67323]
}}
appearance Appearance{material Material{diffuseColor 0.447059 0.47451 0.501961
transparency 0}}}
Shape { geometry IndexedFaceSet 
{ creaseAngle 1.00 coordIndex [0,1,2,-1,2,1,3,-1]
coord Coordinate { point [-0.970471 -0.200787 1.75197,-0.970471 -0.279527 1.75197,-0.931101 -0.161417 1.67323,-0.931101 -0.318897 1.67323]
}}
appearance Appearance{material Material{diffuseColor 0.447059 0.47451 0.501961
transparency 0}}}
Shape { geometry IndexedFaceSet 
{ creaseAngle 1.00 coordIndex [0,1,2,-1,2,1,3,-1]
coord Coordinate { point [-0.470472 -0.200787 1.75197,-0.549212 -0.200787 1.75197,-0.470472 -0.279527 1.75197,-0.549212 -0.279527 1.75197]
}}
appearance Appearance{material Material{diffuseColor 0.447059 0.47451 0.501961
transparency 0}}}
Shape { geometry IndexedFaceSet 
{ creaseAngle 1.00 coordIndex [0,1,2,-1,3,1,0,-1]
coord Coordinate { point [-0.549212 -0.200787 1.75197,-0.588582 -0.318897 1.67323,-0.549212 -0.279527 1.75197,-0.588582 -0.161417 1.67323]
}}
appearance Appearance{material Material{diffuseColor 0.447059 0.47451 0.501961
transparency 0}}}
Shape { geometry IndexedFaceSet 
{ creaseAngle 1.00 coordIndex [0,1,2,-1,2,1,3,-1]
coord Coordinate { point [-0.431102 -0.161417 1.67322,-0.588582 -0.161417 1.67323,-0.470472 -0.200787 1.75197,-0.549212 -0.200787 1.75197]
}}
appearance Appearance{material Material{diffuseColor 0.447059 0.47451 0.501961
transparency 0}}}
Shape { geometry IndexedFaceSet 
{ creaseAngle 1.00 coordIndex [0,1,2,-1,2,1,3,-1]
coord Coordinate { point [-0.588582 -0.161417 1.67323,-0.431102 -0.161417 1.67322,-0.588582 -0.161417 -0.846455,-0.431102 -0.161417 -0.846455]
}}
appearance Appearance{material Material{diffuseColor 0.447059 0.47451 0.501961
transparency 0}}}
Shape { geometry IndexedFaceSet 
{ creaseAngle 1.00 coordIndex [0,1,2,-1,2,1,3,-1]
coord Coordinate { point [-0.431102 -0.161417 1.67322,-0.431102 -0.318897 1.67322,-0.431102 -0.161417 -0.846455,-0.431102 -0.318897 -0.846455]
}}
appearance Appearance{material Material{diffuseColor 0.447059 0.47451 0.501961
transparency 0}}}
Shape { geometry IndexedFaceSet 
{ creaseAngle 1.00 coordIndex [0,1,2,-1,2,1,3,-1]
coord Coordinate { point [-0.431102 -0.318897 1.67322,-0.588582 -0.318897 1.67323,-0.431102 -0.318897 -0.846455,-0.588582 -0.318897 -0.846455]
}}
appearance Appearance{material Material{diffuseColor 0.447059 0.47451 0.501961
transparency 0}}}
Shape { geometry IndexedFaceSet 
{ creaseAngle 1.00 coordIndex [0,1,2,-1,0,3,1,-1]
coord Coordinate { point [-0.588582 -0.318897 1.67323,-0.588582 -0.161417 -0.846455,-0.588582 -0.318897 -0.846455,-0.588582 -0.161417 1.67323]
}}
appearance Appearance{material Material{diffuseColor 0.447059 0.47451 0.501961
transparency 0}}}
Shape { geometry IndexedFaceSet 
{ creaseAngle 1.00 coordIndex [0,1,2,-1,0,3,1,-1]
coord Coordinate { point [-0.588582 -0.318897 -0.846455,-0.549212 -0.200787 -0.925195,-0.549212 -0.279527 -0.925195,-0.588582 -0.161417 -0.846455]
}}
appearance Appearance{material Material{diffuseColor 0.447059 0.47451 0.501961
transparency 0}}}
Shape { geometry IndexedFaceSet 
{ creaseAngle 1.00 coordIndex [0,1,2,-1,0,3,1,-1]
coord Coordinate { point [-0.470472 -0.200787 -0.925195,-0.588582 -0.161417 -0.846455,-0.431102 -0.161417 -0.846455,-0.549212 -0.200787 -0.925195]
}}
appearance Appearance{material Material{diffuseColor 0.447059 0.47451 0.501961
transparency 0}}}
Shape { geometry IndexedFaceSet 
{ creaseAngle 1.00 coordIndex [0,1,2,-1,2,1,3,-1]
coord Coordinate { point [-0.549212 -0.200787 -0.925195,-0.470472 -0.200787 -0.925195,-0.549212 -0.279527 -0.925195,-0.470472 -0.279527 -0.925195]
}}
appearance Appearance{material Material{diffuseColor 0.447059 0.47451 0.501961
transparency 0}}}
Shape { geometry IndexedFaceSet 
{ creaseAngle 1.00 coordIndex [0,1,2,-1,0,3,1,-1]
coord Coordinate { point [-0.470472 -0.279527 -0.925195,-0.431102 -0.161417 -0.846455,-0.431102 -0.318897 -0.846455,-0.470472 -0.200787 -0.925195]
}}
appearance Appearance{material Material{diffuseColor 0.447059 0.47451 0.501961
transparency 0}}}
Shape { geometry IndexedFaceSet 
{ creaseAngle 1.00 coordIndex [0,1,2,-1,2,1,3,-1]
coord Coordinate { point [-0.431102 -0.318897 -0.846455,-0.588582 -0.318897 -0.846455,-0.470472 -0.279527 -0.925195,-0.549212 -0.279527 -0.925195]
}}
appearance Appearance{material Material{diffuseColor 0.447059 0.47451 0.501961
transparency 0}}}
Shape { geometry IndexedFaceSet 
{ creaseAngle 1.00 coordIndex [0,1,2,-1,2,1,3,-1]
coord Coordinate { point [-0.470472 -0.279527 1.75197,-0.549212 -0.279527 1.75197,-0.431102 -0.318897 1.67322,-0.588582 -0.318897 1.67323]
}}
appearance Appearance{material Material{diffuseColor 0.447059 0.47451 0.501961
transparency 0}}}
Shape { geometry IndexedFaceSet 
{ creaseAngle 1.00 coordIndex [0,1,2,-1,2,1,3,-1]
coord Coordinate { point [-0.470472 -0.200787 1.75197,-0.470472 -0.279527 1.75197,-0.431102 -0.161417 1.67322,-0.431102 -0.318897 1.67322]
}}
appearance Appearance{material Material{diffuseColor 0.447059 0.47451 0.501961
transparency 0}}}
Shape { geometry IndexedFaceSet 
{ creaseAngle 1.00 coordIndex [0,1,2,-1,2,1,3,-1]
coord Coordinate { point [0.0295275 -0.200787 1.75197,-0.0492125 -0.200787 1.75197,0.0295275 -0.279527 1.75197,-0.0492125 -0.279527 1.75197]
}}
appearance Appearance{material Material{diffuseColor 0.447059 0.47451 0.501961
transparency 0}}}
Shape { geometry IndexedFaceSet 
{ creaseAngle 1.00 coordIndex [0,1,2,-1,3,1,0,-1]
coord Coordinate { point [-0.0492125 -0.200787 1.75197,-0.0885825 -0.318897 1.67323,-0.0492125 -0.279527 1.75197,-0.0885825 -0.161417 1.67323]
}}
appearance Appearance{material Material{diffuseColor 0.447059 0.47451 0.501961
transparency 0}}}
Shape { geometry IndexedFaceSet 
{ creaseAngle 1.00 coordIndex [0,1,2,-1,2,1,3,-1]
coord Coordinate { point [0.0688975 -0.161417 1.67323,-0.0885825 -0.161417 1.67323,0.0295275 -0.200787 1.75197,-0.0492125 -0.200787 1.75197]
}}
appearance Appearance{material Material{diffuseColor 0.447059 0.47451 0.501961
transparency 0}}}
Shape { geometry IndexedFaceSet 
{ creaseAngle 1.00 coordIndex [0,1,2,-1,2,1,3,-1]
coord Coordinate { point [-0.0885825 -0.161417 1.67323,0.0688975 -0.161417 1.67323,-0.0885825 -0.161417 -0.846455,0.0688975 -0.161417 -0.846455]
}}
appearance Appearance{material Material{diffuseColor 0.447059 0.47451 0.501961
transparency 0}}}
Shape { geometry IndexedFaceSet 
{ creaseAngle 1.00 coordIndex [0,1,2,-1,2,1,3,-1]
coord Coordinate { point [0.0688975 -0.161417 1.67323,0.0688975 -0.318897 1.67323,0.0688975 -0.161417 -0.846455,0.0688975 -0.318897 -0.846455]
}}
appearance Appearance{material Material{diffuseColor 0.447059 0.47451 0.501961
transparency 0}}}
Shape { geometry IndexedFaceSet 
{ creaseAngle 1.00 coordIndex [0,1,2,-1,2,1,3,-1]
coord Coordinate { point [0.0688975 -0.318897 1.67323,-0.0885825 -0.318897 1.67323,0.0688975 -0.318897 -0.846455,-0.0885825 -0.318897 -0.846455]
}}
appearance Appearance{material Material{diffuseColor 0.447059 0.47451 0.501961
transparency 0}}}
Shape { geometry IndexedFaceSet 
{ creaseAngle 1.00 coordIndex [0,1,2,-1,0,3,1,-1]
coord Coordinate { point [-0.0885825 -0.318897 1.67323,-0.0885825 -0.161417 -0.846455,-0.0885825 -0.318897 -0.846455,-0.0885825 -0.161417 1.67323]
}}
appearance Appearance{material Material{diffuseColor 0.447059 0.47451 0.501961
transparency 0}}}
Shape { geometry IndexedFaceSet 
{ creaseAngle 1.00 coordIndex [0,1,2,-1,0,3,1,-1]
coord Coordinate { point [-0.0885825 -0.318897 -0.846455,-0.0492125 -0.200787 -0.925195,-0.0492125 -0.279527 -0.925195,-0.0885825 -0.161417 -0.846455]
}}
appearance Appearance{material Material{diffuseColor 0.447059 0.47451 0.501961
transparency 0}}}
Shape { geometry IndexedFaceSet 
{ creaseAngle 1.00 coordIndex [0,1,2,-1,0,3,1,-1]
coord Coordinate { point [0.0295275 -0.200787 -0.925195,-0.0885825 -0.161417 -0.846455,0.0688975 -0.161417 -0.846455,-0.0492125 -0.200787 -0.925195]
}}
appearance Appearance{material Material{diffuseColor 0.447059 0.47451 0.501961
transparency 0}}}
Shape { geometry IndexedFaceSet 
{ creaseAngle 1.00 coordIndex [0,1,2,-1,2,1,3,-1]
coord Coordinate { point [-0.0492125 -0.200787 -0.925195,0.0295275 -0.200787 -0.925195,-0.0492125 -0.279527 -0.925195,0.0295275 -0.279527 -0.925195]
}}
appearance Appearance{material Material{diffuseColor 0.447059 0.47451 0.501961
transparency 0}}}
Shape { geometry IndexedFaceSet 
{ creaseAngle 1.00 coordIndex [0,1,2,-1,0,3,1,-1]
coord Coordinate { point [0.0295275 -0.279527 -0.925195,0.0688975 -0.161417 -0.846455,0.0688975 -0.318897 -0.846455,0.0295275 -0.200787 -0.925195]
}}
appearance Appearance{material Material{diffuseColor 0.447059 0.47451 0.501961
transparency 0}}}
Shape { geometry IndexedFaceSet 
{ creaseAngle 1.00 coordIndex [0,1,2,-1,2,1,3,-1]
coord Coordinate { point [0.0688975 -0.318897 -0.846455,-0.0885825 -0.318897 -0.846455,0.0295275 -0.279527 -0.925195,-0.0492125 -0.279527 -0.925195]
}}
appearance Appearance{material Material{diffuseColor 0.447059 0.47451 0.501961
transparency 0}}}
Shape { geometry IndexedFaceSet 
{ creaseAngle 1.00 coordIndex [0,1,2,-1,2,1,3,-1]
coord Coordinate { point [0.0295275 -0.279527 1.75197,-0.0492125 -0.279527 1.75197,0.0688975 -0.318897 1.67323,-0.0885825 -0.318897 1.67323]
}}
appearance Appearance{material Material{diffuseColor 0.447059 0.47451 0.501961
transparency 0}}}
Shape { geometry IndexedFaceSet 
{ creaseAngle 1.00 coordIndex [0,1,2,-1,2,1,3,-1]
coord Coordinate { point [0.0295275 -0.200787 1.75197,0.0295275 -0.279527 1.75197,0.0688975 -0.161417 1.67323,0.0688975 -0.318897 1.67323]
}}
appearance Appearance{material Material{diffuseColor 0.447059 0.47451 0.501961
transparency 0}}}
Shape { geometry IndexedFaceSet 
{ creaseAngle 1.00 coordIndex [0,1,2,-1,2,1,3,-1]
coord Coordinate { point [0.529526 -0.200787 1.75197,0.450786 -0.200787 1.75197,0.529526 -0.279527 1.75197,0.450786 -0.279527 1.75197]
}}
appearance Appearance{material Material{diffuseColor 0.447059 0.47451 0.501961
transparency 0}}}
Shape { geometry IndexedFaceSet 
{ creaseAngle 1.00 coordIndex [0,1,2,-1,3,1,0,-1]
coord Coordinate { point [0.450786 -0.200787 1.75197,0.411416 -0.318897 1.67323,0.450786 -0.279527 1.75197,0.411416 -0.161417 1.67323]
}}
appearance Appearance{material Material{diffuseColor 0.447059 0.47451 0.501961
transparency 0}}}
Shape { geometry IndexedFaceSet 
{ creaseAngle 1.00 coordIndex [0,1,2,-1,2,1,3,-1]
coord Coordinate { point [0.568896 -0.161417 1.67323,0.411416 -0.161417 1.67323,0.529526 -0.200787 1.75197,0.450786 -0.200787 1.75197]
}}
appearance Appearance{material Material{diffuseColor 0.447059 0.47451 0.501961
transparency 0}}}
Shape { geometry IndexedFaceSet 
{ creaseAngle 1.00 coordIndex [0,1,2,-1,2,1,3,-1]
coord Coordinate { point [0.411416 -0.161417 1.67323,0.568896 -0.161417 1.67323,0.411416 -0.161417 -0.846455,0.568896 -0.161417 -0.846455]
}}
appearance Appearance{material Material{diffuseColor 0.447059 0.47451 0.501961
transparency 0}}}
Shape { geometry IndexedFaceSet 
{ creaseAngle 1.00 coordIndex [0,1,2,-1,2,1,3,-1]
coord Coordinate { point [0.568896 -0.161417 1.67323,0.568896 -0.318897 1.67323,0.568896 -0.161417 -0.846455,0.568896 -0.318897 -0.846455]
}}
appearance Appearance{material Material{diffuseColor 0.447059 0.47451 0.501961
transparency 0}}}
Shape { geometry IndexedFaceSet 
{ creaseAngle 1.00 coordIndex [0,1,2,-1,2,1,3,-1]
coord Coordinate { point [0.568896 -0.318897 1.67323,0.411416 -0.318897 1.67323,0.568896 -0.318897 -0.846455,0.411416 -0.318897 -0.846455]
}}
appearance Appearance{material Material{diffuseColor 0.447059 0.47451 0.501961
transparency 0}}}
Shape { geometry IndexedFaceSet 
{ creaseAngle 1.00 coordIndex [0,1,2,-1,0,3,1,-1]
coord Coordinate { point [0.411416 -0.318897 1.67323,0.411416 -0.161417 -0.846455,0.411416 -0.318897 -0.846455,0.411416 -0.161417 1.67323]
}}
appearance Appearance{material Material{diffuseColor 0.447059 0.47451 0.501961
transparency 0}}}
Shape { geometry IndexedFaceSet 
{ creaseAngle 1.00 coordIndex [0,1,2,-1,0,3,1,-1]
coord Coordinate { point [0.411416 -0.318897 -0.846455,0.450786 -0.200787 -0.925195,0.450786 -0.279527 -0.925195,0.411416 -0.161417 -0.846455]
}}
appearance Appearance{material Material{diffuseColor 0.447059 0.47451 0.501961
transparency 0}}}
Shape { geometry IndexedFaceSet 
{ creaseAngle 1.00 coordIndex [0,1,2,-1,0,3,1,-1]
coord Coordinate { point [0.529526 -0.200787 -0.925195,0.411416 -0.161417 -0.846455,0.568896 -0.161417 -0.846455,0.450786 -0.200787 -0.925195]
}}
appearance Appearance{material Material{diffuseColor 0.447059 0.47451 0.501961
transparency 0}}}
Shape { geometry IndexedFaceSet 
{ creaseAngle 1.00 coordIndex [0,1,2,-1,2,1,3,-1]
coord Coordinate { point [0.450786 -0.200787 -0.925195,0.529526 -0.200787 -0.925195,0.450786 -0.279527 -0.925195,0.529526 -0.279527 -0.925195]
}}
appearance Appearance{material Material{diffuseColor 0.447059 0.47451 0.501961
transparency 0}}}
Shape { geometry IndexedFaceSet 
{ creaseAngle 1.00 coordIndex [0,1,2,-1,0,3,1,-1]
coord Coordinate { point [0.529526 -0.279527 -0.925195,0.568896 -0.161417 -0.846455,0.568896 -0.318897 -0.846455,0.529526 -0.200787 -0.925195]
}}
appearance Appearance{material Material{diffuseColor 0.447059 0.47451 0.501961
transparency 0}}}
Shape { geometry IndexedFaceSet 
{ creaseAngle 1.00 coordIndex [0,1,2,-1,2,1,3,-1]
coord Coordinate { point [0.568896 -0.318897 -0.846455,0.411416 -0.318897 -0.846455,0.529526 -0.279527 -0.925195,0.450786 -0.279527 -0.925195]
}}
appearance Appearance{material Material{diffuseColor 0.447059 0.47451 0.501961
transparency 0}}}
Shape { geometry IndexedFaceSet 
{ creaseAngle 1.00 coordIndex [0,1,2,-1,2,1,3,-1]
coord Coordinate { point [0.529526 -0.279527 1.75197,0.450786 -0.279527 1.75197,0.568896 -0.318897 1.67323,0.411416 -0.318897 1.67323]
}}
appearance Appearance{material Material{diffuseColor 0.447059 0.47451 0.501961
transparency 0}}}
Shape { geometry IndexedFaceSet 
{ creaseAngle 1.00 coordIndex [0,1,2,-1,2,1,3,-1]
coord Coordinate { point [0.529526 -0.200787 1.75197,0.529526 -0.279527 1.75197,0.568896 -0.161417 1.67323,0.568896 -0.318897 1.67323]
}}
appearance Appearance{material Material{diffuseColor 0.447059 0.47451 0.501961
transparency 0}}}
Shape { geometry IndexedFaceSet 
{ creaseAngle 1.00 coordIndex [0,1,2,-1,2,1,3,-1]
coord Coordinate { point [1.02953 -0.200787 1.75197,0.950785 -0.200787 1.75197,1.02953 -0.279527 1.75197,0.950785 -0.279527 1.75197]
}}
appearance Appearance{material Material{diffuseColor 0.447059 0.47451 0.501961
transparency 0}}}
Shape { geometry IndexedFaceSet 
{ creaseAngle 1.00 coordIndex [0,1,2,-1,3,1,0,-1]
coord Coordinate { point [0.950785 -0.200787 1.75197,0.911415 -0.318897 1.67323,0.950785 -0.279527 1.75197,0.911415 -0.161417 1.67323]
}}
appearance Appearance{material Material{diffuseColor 0.447059 0.47451 0.501961
transparency 0}}}
Shape { geometry IndexedFaceSet 
{ creaseAngle 1.00 coordIndex [0,1,2,-1,2,1,3,-1]
coord Coordinate { point [1.0689 -0.161417 1.67323,0.911415 -0.161417 1.67323,1.02953 -0.200787 1.75197,0.950785 -0.200787 1.75197]
}}
appearance Appearance{material Material{diffuseColor 0.447059 0.47451 0.501961
transparency 0}}}
Shape { geometry IndexedFaceSet 
{ creaseAngle 1.00 coordIndex [0,1,2,-1,2,1,3,-1]
coord Coordinate { point [0.911415 -0.161417 1.67323,1.0689 -0.161417 1.67323,0.911415 -0.161417 -0.846455,1.0689 -0.161417 -0.846455]
}}
appearance Appearance{material Material{diffuseColor 0.447059 0.47451 0.501961
transparency 0}}}
Shape { geometry IndexedFaceSet 
{ creaseAngle 1.00 coordIndex [0,1,2,-1,2,1,3,-1]
coord Coordinate { point [1.0689 -0.161417 1.67323,1.0689 -0.318897 1.67322,1.0689 -0.161417 -0.846455,1.0689 -0.318897 -0.846455]
}}
appearance Appearance{material Material{diffuseColor 0.447059 0.47451 0.501961
transparency 0}}}
Shape { geometry IndexedFaceSet 
{ creaseAngle 1.00 coordIndex [0,1,2,-1,2,1,3,-1]
coord Coordinate { point [1.0689 -0.318897 1.67322,0.911415 -0.318897 1.67323,1.0689 -0.318897 -0.846455,0.911415 -0.318897 -0.846455]
}}
appearance Appearance{material Material{diffuseColor 0.447059 0.47451 0.501961
transparency 0}}}
Shape { geometry IndexedFaceSet 
{ creaseAngle 1.00 coordIndex [0,1,2,-1,0,3,1,-1]
coord Coordinate { point [0.911415 -0.318897 1.67323,0.911415 -0.161417 -0.846455,0.911415 -0.318897 -0.846455,0.911415 -0.161417 1.67323]
}}
appearance Appearance{material Material{diffuseColor 0.447059 0.47451 0.501961
transparency 0}}}
Shape { geometry IndexedFaceSet 
{ creaseAngle 1.00 coordIndex [0,1,2,-1,0,3,1,-1]
coord Coordinate { point [0.911415 -0.318897 -0.846455,0.950785 -0.200787 -0.925195,0.950785 -0.279527 -0.925195,0.911415 -0.161417 -0.846455]
}}
appearance Appearance{material Material{diffuseColor 0.447059 0.47451 0.501961
transparency 0}}}
Shape { geometry IndexedFaceSet 
{ creaseAngle 1.00 coordIndex [0,1,2,-1,0,3,1,-1]
coord Coordinate { point [1.02953 -0.200787 -0.925195,0.911415 -0.161417 -0.846455,1.0689 -0.161417 -0.846455,0.950785 -0.200787 -0.925195]
}}
appearance Appearance{material Material{diffuseColor 0.447059 0.47451 0.501961
transparency 0}}}
Shape { geometry IndexedFaceSet 
{ creaseAngle 1.00 coordIndex [0,1,2,-1,2,1,3,-1]
coord Coordinate { point [0.950785 -0.200787 -0.925195,1.02953 -0.200787 -0.925195,0.950785 -0.279527 -0.925195,1.02953 -0.279527 -0.925195]
}}
appearance Appearance{material Material{diffuseColor 0.447059 0.47451 0.501961
transparency 0}}}
Shape { geometry IndexedFaceSet 
{ creaseAngle 1.00 coordIndex [0,1,2,-1,0,3,1,-1]
coord Coordinate { point [1.02953 -0.279527 -0.925195,1.0689 -0.161417 -0.846455,1.0689 -0.318897 -0.846455,1.02953 -0.200787 -0.925195]
}}
appearance Appearance{material Material{diffuseColor 0.447059 0.47451 0.501961
transparency 0}}}
Shape { geometry IndexedFaceSet 
{ creaseAngle 1.00 coordIndex [0,1,2,-1,2,1,3,-1]
coord Coordinate { point [1.0689 -0.318897 -0.846455,0.911415 -0.318897 -0.846455,1.02953 -0.279527 -0.925195,0.950785 -0.279527 -0.925195]
}}
appearance Appearance{material Material{diffuseColor 0.447059 0.47451 0.501961
transparency 0}}}
Shape { geometry IndexedFaceSet 
{ creaseAngle 1.00 coordIndex [0,1,2,-1,2,1,3,-1]
coord Coordinate { point [1.02953 -0.279527 1.75197,0.950785 -0.279527 1.75197,1.0689 -0.318897 1.67322,0.911415 -0.318897 1.67323]
}}
appearance Appearance{material Material{diffuseColor 0.447059 0.47451 0.501961
transparency 0}}}
Shape { geometry IndexedFaceSet 
{ creaseAngle 1.00 coordIndex [0,1,2,-1,2,1,3,-1]
coord Coordinate { point [1.02953 -0.200787 1.75197,1.02953 -0.279527 1.75197,1.0689 -0.161417 1.67323,1.0689 -0.318897 1.67322]
}}
appearance Appearance{material Material{diffuseColor 0.447059 0.47451 0.501961
transparency 0}}}
